{
"type": "FeatureCollection",
"name": "curated_sites",
"crs": { "type": "name", "properties": { "name": "urn:ogc:def:crs:OGC:1.3:CRS84" } },
"features": [
{ "type": "Feature", "properties": { "name": "د کلا او بستازو بند", "kind": "Dam", "score": 23, "dedup_count": 1, "label_rank": 1, "tags": { "area": "yes", "height": "2", "material": "concrete", "name": "د کلا او بستازو بند", "name:ps": "د کلا او بستازو بند", "waterway": "dam", "waterway:type": "canal", "wikidata": "Q106235289", "wikipedia": "ps:د کلا او بستازو بند" } }, "geometry": { "type": "Point", "coordinates": [ 65.606092618084162, 31.637503127225155 ] } },
{ "type": "Feature", "properties": { "name": "Sukkur Barrage", "kind": "Barrage/Headworks", "score": 22, "dedup_count": 31, "label_rank": 2, "tags": { "description:en": "66 spans with gates", "name": "Sukkur Barrage", "name:ur": "سکر بیراج", "old_name": "Lloyd Barrage", "source": "Bing", "waterway": "dam", "wikidata": "Q7635874", "wikipedia": "en:Sukkur Barrage" } }, "geometry": { "type": "Point", "coordinates": [ 68.85622674022089, 27.702387429851893 ] } },
{ "type": "Feature", "properties": { "name": "Guddu Barrage", "kind": "Barrage/Headworks", "score": 22, "dedup_count": 7, "label_rank": 2, "tags": { "name": "Guddu Barrage", "waterway": "dam", "wikidata": "Q5614557", "wikipedia": "en:Guddu Barrage" } }, "geometry": { "type": "Point", "coordinates": [ 69.703556001469593, 28.426789525749104 ] } },
{ "type": "Feature", "properties": { "name": "Chashma Barrage", "kind": "Barrage/Headworks", "score": 22, "dedup_count": 2, "label_rank": 2, "tags": { "addr:street": "Mianwali District", "name": "Chashma Barrage", "waterway": "dam", "wikidata": "Q5087276", "wikipedia": "en:Chashma Barrage" } }, "geometry": { "type": "Point", "coordinates": [ 71.374779778003614, 32.435742790294732 ] } },
{ "type": "Feature", "properties": { "name": "Bhimgoda Barrage", "kind": "Barrage/Headworks", "score": 22, "dedup_count": 1, "label_rank": 2, "tags": { "name": "Bhimgoda Barrage", "waterway": "dam", "wikidata": "Q4901780", "wikipedia": "en:Bhimgoda Barrage" } }, "geometry": { "type": "Point", "coordinates": [ 78.180247922634763, 29.956770769335705 ] } },
{ "type": "Feature", "properties": { "name": "Rasul Barrage", "kind": "Barrage/Headworks", "score": 22, "dedup_count": 1, "label_rank": 2, "tags": { "name": "Rasul Barrage", "name:ur": "رسول بیراج", "waterway": "dam", "wikidata": "Q7295323", "wikipedia": "en:Rasul Barrage" } }, "geometry": { "type": "Point", "coordinates": [ 73.518928866291645, 32.682138830721037 ] } },
{ "type": "Feature", "properties": { "name": "Sulemanki Headworks", "kind": "Barrage/Headworks", "score": 22, "dedup_count": 1, "label_rank": 2, "tags": { "description": "Depalpur Tehsil, Okara District", "name": "Sulemanki Headworks", "waterway": "dam", "wikidata": "Q7636149", "wikipedia": "en:Sulemanki Headworks" } }, "geometry": { "type": "Point", "coordinates": [ 73.866492303077436, 30.377772555786162 ] } },
{ "type": "Feature", "properties": { "name": "Dantiwada Dam", "kind": "Dam", "score": 20, "dedup_count": 2, "label_rank": 3, "tags": { "name": "Dantiwada Dam", "waterway": "dam", "wikidata": "Q21643354", "wikipedia": "en:Dantiwada Dam" } }, "geometry": { "type": "Point", "coordinates": [ 72.341993667145985, 24.333802444573291 ] } },
{ "type": "Feature", "properties": { "name": "Pashdan Dam", "kind": "Dam", "score": 20, "dedup_count": 2, "label_rank": 3, "tags": { "name": "بند پشدان", "name:en": "Pashdan Dam", "name:ru": "Дамба Пашдан", "waterway": "dam", "wikidata": "Q125924349", "wikipedia": "fa:بند پشدان" } }, "geometry": { "type": "Point", "coordinates": [ 62.422200801131247, 34.406390315825519 ] } },
{ "type": "Feature", "properties": { "name": "Afghan-India Friendship Dam", "kind": "Dam", "score": 20, "dedup_count": 1, "label_rank": 3, "tags": { "name": "سلما برېښناکوټ", "name:en": "Afghan-India Friendship Dam", "waterway": "dam", "wikidata": "Q7405357", "wikipedia": "en:Afghan-India Friendship Dam" } }, "geometry": { "type": "Point", "coordinates": [ 63.824024119629321, 34.331569880130878 ] } },
{ "type": "Feature", "properties": { "name": "Dahla Dam", "kind": "Dam", "score": 20, "dedup_count": 1, "label_rank": 3, "tags": { "alt_name": "بند ارغنداب;Band-e Arghandab", "gns:dsg": "DAM: dam", "gns:fc": "S - Spot Features", "name": "د دهلې بند", "name:en": "Dahla Dam", "name:ps": "د دهلې بند", "operator": "Governor house", "source": "bing", "source:name": "GNS", "waterway": "dam", "wikidata": "Q5208867", "wikipedia": "en:Dahla Dam" } }, "geometry": { "type": "Point", "coordinates": [ 65.888443068392547, 31.849160981659104 ] } },
{ "type": "Feature", "properties": { "name": "Dargai Pal Dam", "kind": "Dam", "score": 20, "dedup_count": 1, "label_rank": 3, "tags": { "name": "Dargai Pal Dam", "waterway": "dam", "wikidata": "Q17513072", "wikipedia": "en:Dargai Pal Dam" } }, "geometry": { "type": "Point", "coordinates": [ 69.714894523925523, 32.173218947403164 ] } },
{ "type": "Feature", "properties": { "name": "Darunta Dam", "kind": "Dam", "score": 20, "dedup_count": 1, "label_rank": 3, "tags": { "name": "ډرونټه برېښناکوټ", "name:en": "Darunta Dam", "name:ru": "плотина Дарунта", "name:uk": "ГЕС Дарунта", "waterway": "dam", "wikidata": "Q5225803", "wikipedia": "en:Darunta Dam" } }, "geometry": { "type": "Point", "coordinates": [ 70.363412647300052, 34.484713343804749 ] } },
{ "type": "Feature", "properties": { "name": "Dharoi Dam", "kind": "Dam", "score": 20, "dedup_count": 1, "label_rank": 3, "tags": { "name": "Dharoi Dam", "waterway": "dam", "wikidata": "Q11024729", "wikipedia": "en:Dharoi dam" } }, "geometry": { "type": "Point", "coordinates": [ 72.911663014628502, 23.986300453908427 ] } },
{ "type": "Feature", "properties": { "name": "Gomal Zam Dam", "kind": "Dam", "score": 20, "dedup_count": 1, "label_rank": 3, "tags": { "name": "گومل زم ڈیم", "name:en": "Gomal Zam Dam", "name:ur": "گومل زم ڈیم", "source": "bing", "waterway": "dam", "wikidata": "Q11972351", "wikipedia": "en:Gomal Zam Dam" } }, "geometry": { "type": "Point", "coordinates": [ 69.881862394852121, 32.09868097158904 ] } },
{ "type": "Feature", "properties": { "name": "Hub Dam", "kind": "Dam", "score": 20, "dedup_count": 1, "label_rank": 3, "tags": { "area": "yes", "material": "stone", "name": "حب بند", "name:en": "Hub Dam", "name:ur": "حب بند", "operator": "واپڈا", "operator:ur": "واپڈا", "waterway": "dam", "wikidata": "Q5268427", "wikipedia": "ur:حب بند" } }, "geometry": { "type": "Point", "coordinates": [ 67.111897688993054, 25.244117582889075 ] } },
{ "type": "Feature", "properties": { "name": "Iran–Turkmenistan Friendship Dam", "kind": "Dam", "score": 20, "dedup_count": 1, "label_rank": 3, "tags": { "name": "سد دوستی", "name:en": "Iran–Turkmenistan Friendship Dam", "name:fa": "سد دوستی", "waterway": "dam", "wikidata": "Q3437475", "wikipedia": "en:Iran–Turkmenistan Friendship Dam" } }, "geometry": { "type": "Point", "coordinates": [ 61.161414572108654, 35.947871665355187 ] } },
{ "type": "Feature", "properties": { "name": "Kajkai Dam;Kajakai Dam;Kajkai;Band-e Kajaki", "kind": "Dam", "score": 20, "dedup_count": 1, "label_rank": 3, "tags": { "alt_name": "Kajkai Dam;Kajakai Dam;Kajkai;Band-e Kajaki", "name": "بند کجکی", "name:en": "Kajkai Dam;Kajakai Dam;Kajkai;Band-e Kajaki", "name:fr": "Barrage de Kajakai", "name:ps": "بند کجکی", "name:ru": "Плотина Каджаки", "source": "bing", "source:name": "GNS", "waterway": "dam", "wikidata": "Q1721841", "wikipedia": "en:Kajaki Dam" } }, "geometry": { "type": "Point", "coordinates": [ 65.118582565381203, 32.322807700175382 ] } },
{ "type": "Feature", "properties": { "name": "Kaushalya Dam", "kind": "Dam", "score": 20, "dedup_count": 1, "label_rank": 3, "tags": { "name": "Kaushalya Dam", "note": "Dam on Ghaggar River", "waterway": "dam", "wikidata": "Q18126675", "wikipedia": "en:Kaushalya Dam" } }, "geometry": { "type": "Point", "coordinates": [ 76.9151592230685, 30.776293868850697 ] } },
{ "type": "Feature", "properties": { "name": "Mirani Dam", "kind": "Dam", "score": 20, "dedup_count": 1, "label_rank": 3, "tags": { "alt_name": "میرانی ڈیم", "alt_name:ur": "میرانی ڈیم", "name": "میرانی بند", "name:en": "Mirani Dam", "name:sd": "ميراڻي ڊيم", "name:ur": "میرانی بند", "source": "bing", "waterway": "dam", "wikidata": "Q6872871", "wikipedia": "ur:میرانی بند" } }, "geometry": { "type": "Point", "coordinates": [ 62.693022059394309, 25.940723655055127 ] } },
{ "type": "Feature", "properties": { "name": "Mohmand Dam", "kind": "Dam", "score": 20, "dedup_count": 1, "label_rank": 3, "tags": { "check_date": "2021-01-07", "construction": "yes", "landuse": "construction", "name": "Mohmand Dam", "opening_date": "2024", "operator": "WAPDA", "waterway": "dam", "wikidata": "Q6935710", "wikipedia": "en:Mohmand Dam" } }, "geometry": { "type": "Point", "coordinates": [ 71.540188781585456, 34.354155365149857 ] } },
{ "type": "Feature", "properties": { "name": "Naghlu Dam", "kind": "Dam", "score": 20, "dedup_count": 1, "label_rank": 3, "tags": { "name": "نغلو برېښناکوټ", "name:de": "Naghlu-Staudamm", "name:en": "Naghlu Dam", "name:no": "Naghludemningen", "name:ru": "ГЭС Наглу", "name:uk": "ГЕС Наглу", "plant:output:electricity": "100 MW", "plant:source": "hydro", "power": "plant", "source": "landsat", "start_date": "1967", "waterway": "dam", "wikidata": "Q4755783", "wikipedia": "en:Naghlu Dam" } }, "geometry": { "type": "Point", "coordinates": [ 69.716948808730521, 34.641082967105135 ] } },
{ "type": "Feature", "properties": { "name": "Nimoo Bazgo Hydroelectric Plant", "kind": "Dam", "score": 20, "dedup_count": 1, "label_rank": 3, "tags": { "name": "Nimoo Bazgo Hydroelectric Plant", "plant:output:electricity": "45 MW", "plant:source": "hydro", "power": "plant", "waterway": "dam", "wikidata": "Q15262355", "wikipedia": "en:Nimoo Bazgo Hydroelectric Plant" } }, "geometry": { "type": "Point", "coordinates": [ 77.184828998858535, 34.215316235363161 ] } },
{ "type": "Feature", "properties": { "name": "Sultan Dam", "kind": "Dam", "score": 20, "dedup_count": 1, "label_rank": 3, "tags": { "alt_name": "Bande Sultan;Band-i-Siraj;Seraj Dam;Band-e Seraj;Ghazni Dam;Band-e Ghazni;Band-e Soltan;Band-e Sutlan;Band-e Sultan", "gns:dsg": "RSV: reservoir(s)", "name": "بند سلطان", "name:en": "Sultan Dam", "name:ps": "بند سلطان", "name:ru": "Банд Султан", "source:name": "GNS", "waterway": "dam", "wikidata": "Q15040920", "wikipedia": "en:Band-e Sultan" } }, "geometry": { "type": "Point", "coordinates": [ 68.381217968493203, 33.757307386408769 ] } },
{ "type": "Feature", "properties": { "name": "Wuluwati Dam", "kind": "Dam", "score": 20, "dedup_count": 1, "label_rank": 3, "tags": { "name": "乌鲁瓦提水利枢纽", "name:en": "Wuluwati Dam", "name:zh": "乌鲁瓦提水利枢纽", "waterway": "dam", "wikidata": "Q1244483", "wikipedia": "en:Wuluwati Dam" } }, "geometry": { "type": "Point", "coordinates": [ 79.450626211287542, 36.825027664157169 ] } },
{ "type": "Feature", "properties": { "name": "Karot Dam", "kind": "Dam", "score": 19, "dedup_count": 1, "label_rank": 4, "tags": { "area": "yes", "height": "95.5", "material": "bedrock", "name": "Karot Dam", "operator": "Karot Hydropower Project", "waterway": "dam", "wikidata": "Q24947737" } }, "geometry": { "type": "Point", "coordinates": [ 73.610177948430248, 33.603458782160672 ] } },
{ "type": "Feature", "properties": { "name": "Nathpa Jhakri Dam", "kind": "Dam", "score": 19, "dedup_count": 1, "label_rank": 4, "tags": { "height": "57", "material": "concrete", "name": "Nathpa Jhakri Dam", "waterway": "dam", "wikidata": "Q11990941" } }, "geometry": { "type": "Point", "coordinates": [ 77.980087714832621, 31.564133759489724 ] } },
{ "type": "Feature", "properties": { "name": "Mangla Hydro-Power-Plant", "kind": "Hydel", "score": 18, "dedup_count": 3, "label_rank": 5, "tags": { "building": "industrial", "name": "Mangla Hydro-Power-Plant", "operator": "WAPDA", "plant:method": "water-storage", "plant:output:electricity": "1070 MW", "plant:source": "hydro", "power": "plant", "wikidata": "Q1286541", "wikipedia": "en:Mangla Dam" } }, "geometry": { "type": "Point", "coordinates": [ 73.644479442577733, 33.124042595485278 ] } },
{ "type": "Feature", "properties": { "name": "Qadirabad Headworks", "kind": "Barrage/Headworks", "score": 18, "dedup_count": 2, "label_rank": 5, "tags": { "name": "Qadirabad Headworks", "waterway": "dam", "wikidata": "Q7265774" } }, "geometry": { "type": "Point", "coordinates": [ 73.686780238672526, 32.321232855873731 ] } },
{ "type": "Feature", "properties": { "name": "Asan Barrage", "kind": "Barrage/Headworks", "score": 18, "dedup_count": 1, "label_rank": 5, "tags": { "name": "Asan Barrage", "waterway": "dam", "wikidata": "Q4803494" } }, "geometry": { "type": "Point", "coordinates": [ 77.665742588121745, 30.435460866890057 ] } },
{ "type": "Feature", "properties": { "name": "Dakpathar Barrage", "kind": "Barrage/Headworks", "score": 18, "dedup_count": 1, "label_rank": 5, "tags": { "name": "Dakpathar Barrage", "waterway": "dam", "wikidata": "Q5210072" } }, "geometry": { "type": "Point", "coordinates": [ 77.795311520453325, 30.503562851705496 ] } },
{ "type": "Feature", "properties": { "name": "Hathnikund Barrage", "kind": "Barrage/Headworks", "score": 18, "dedup_count": 1, "label_rank": 5, "tags": { "name": "Hathnikund Barrage", "waterway": "dam", "wikidata": "Q15223285" } }, "geometry": { "type": "Point", "coordinates": [ 77.584868440890759, 30.314293277111233 ] } },
{ "type": "Feature", "properties": { "name": "Jinnah Barrage", "kind": "Barrage/Headworks", "score": 18, "dedup_count": 1, "label_rank": 5, "tags": { "name": "Jinnah Barrage", "waterway": "dam", "wikidata": "Q15229594" } }, "geometry": { "type": "Point", "coordinates": [ 71.522245240921109, 32.918463457035799 ] } },
{ "type": "Feature", "properties": { "name": "Marala Headworks", "kind": "Barrage/Headworks", "score": 18, "dedup_count": 1, "label_rank": 5, "tags": { "area": "yes", "name": "Marala Headworks", "waterway": "dam", "wikidata": "Q6754700" } }, "geometry": { "type": "Point", "coordinates": [ 74.464308337733158, 32.672887628304196 ] } },
{ "type": "Feature", "properties": { "name": "Phika Barrage", "kind": "Barrage/Headworks", "score": 18, "dedup_count": 1, "label_rank": 5, "tags": { "name": "Phika Barrage", "waterway": "dam", "wikidata": "Q26810660" } }, "geometry": { "type": "Point", "coordinates": [ 78.871542935302969, 29.362972797591059 ] } },
{ "type": "Feature", "properties": { "name": "Ferozepur Headworks", "kind": "Barrage/Headworks", "score": 18, "dedup_count": 1, "label_rank": 5, "tags": { "alt_name": "Ferozepore Headworks;Hussainiwala Headworks;Ferozepur Barrage", "name": "Ferozepur Headworks", "source:name": "geonames.nga.mil", "waterway": "dam", "wikidata": "Q135190737" } }, "geometry": { "type": "Point", "coordinates": [ 74.551870177282467, 30.991245283685458 ] } },
{ "type": "Feature", "properties": { "name": "Tajewaala Barrage", "kind": "Barrage/Headworks", "score": 18, "dedup_count": 1, "label_rank": 5, "tags": { "name": "Tajewaala Barrage", "tourism": "attraction", "wikidata": "Q7676800" } }, "geometry": { "type": "Point", "coordinates": [ 77.562685378428725, 30.296507630698706 ] } },
{ "type": "Feature", "properties": { "name": "Taunsa Barrage", "kind": "Barrage/Headworks", "score": 18, "dedup_count": 1, "label_rank": 5, "tags": { "name": "Taunsa Barrage", "waterway": "dam", "wikidata": "Q7492805" } }, "geometry": { "type": "Point", "coordinates": [ 70.849646793675248, 30.51302846492338 ] } },
{ "type": "Feature", "properties": { "name": "Jalwala headworks", "kind": "Barrage/Headworks", "score": 17, "dedup_count": 2, "label_rank": 6, "tags": { "description": "Bahawalnager District", "name": "Jalwala headworks", "waterway": "dam", "wikipedia": "en:Sulemanki Headworks" } }, "geometry": { "type": "Point", "coordinates": [ 73.377031232675151, 29.93636101224941 ] } },
{ "type": "Feature", "properties": { "name": "Nangal Dam", "kind": "Dam", "score": 16, "dedup_count": 2, "label_rank": 7, "tags": { "name": "Nangal Dam", "waterway": "dam", "wikidata": "Q26782395" } }, "geometry": { "type": "Point", "coordinates": [ 76.366747811900439, 31.380497711974265 ] } },
{ "type": "Feature", "properties": { "name": "Rawal", "kind": "Dam", "score": 16, "dedup_count": 2, "label_rank": 7, "tags": { "name": "Rawal", "waterway": "dam", "wikidata": "Q34925478" } }, "geometry": { "type": "Point", "coordinates": [ 73.122854255285603, 33.693822092523995 ] } },
{ "type": "Feature", "properties": { "name": "Baglihar Dam", "kind": "Dam", "score": 16, "dedup_count": 1, "label_rank": 7, "tags": { "name": "Baglihar Dam", "waterway": "dam", "wikidata": "Q460350" } }, "geometry": { "type": "Point", "coordinates": [ 75.327375742427179, 33.161916906583123 ] } },
{ "type": "Feature", "properties": { "name": "Baspa 2", "kind": "Dam", "score": 16, "dedup_count": 1, "label_rank": 7, "tags": { "landuse": "industrial", "name": "Baspa 2", "operator": "JSW Energy", "plant:method": "water-storage", "plant:output:electricity": "300 MW", "plant:source": "hydro", "power": "plant", "waterway": "dam", "wikidata": "Q11960328" } }, "geometry": { "type": "Point", "coordinates": [ 78.188875455083249, 31.495787156058199 ] } },
{ "type": "Feature", "properties": { "name": "Bhakra Dam", "kind": "Dam", "score": 16, "dedup_count": 1, "label_rank": 7, "tags": { "name": "Bhakra Dam", "name:hi": "भाखड़ा बांध", "name:ml": "ഭക്ര അണക്കെട്ട്", "name:pa": "ਭਾਖੜਾ ਡੈਮ", "operator": "Bhakra Beas Management Board", "waterway": "dam", "wikidata": "Q83436" } }, "geometry": { "type": "Point", "coordinates": [ 76.433385191031519, 31.411078162054615 ] } },
{ "type": "Feature", "properties": { "name": "Chamera Dam", "kind": "Dam", "score": 16, "dedup_count": 1, "label_rank": 7, "tags": { "name": "Chamera Dam", "waterway": "dam", "wikidata": "Q5069772" } }, "geometry": { "type": "Point", "coordinates": [ 75.986228891570192, 32.596913388242001 ] } },
{ "type": "Feature", "properties": { "name": "Dharoi Dam", "kind": "Dam", "score": 16, "dedup_count": 1, "label_rank": 7, "tags": { "name": "Dharoi Dam", "waterway": "dam", "wikidata": "Q11024729" } }, "geometry": { "type": "Point", "coordinates": [ 72.857846815167008, 24.003731539102816 ] } },
{ "type": "Feature", "properties": { "name": "Grishk Dam", "kind": "Dam", "score": 16, "dedup_count": 1, "label_rank": 7, "tags": { "name": "Grishk Dam", "waterway": "dam", "wikidata": "Q5609647" } }, "geometry": { "type": "Point", "coordinates": [ 64.203695678147824, 31.188214035915543 ] } },
{ "type": "Feature", "properties": { "name": "Ichari Dam", "kind": "Dam", "score": 16, "dedup_count": 1, "label_rank": 7, "tags": { "name": "Ichari Dam", "waterway": "dam", "wikidata": "Q5986057" } }, "geometry": { "type": "Point", "coordinates": [ 77.79126865165486, 30.613907249523681 ] } },
{ "type": "Feature", "properties": { "name": "Kadana Dam", "kind": "Dam", "score": 16, "dedup_count": 1, "label_rank": 7, "tags": { "name": "Kadana Dam", "waterway": "dam", "wikidata": "Q16893006" } }, "geometry": { "type": "Point", "coordinates": [ 73.825142709506196, 23.30539079209818 ] } },
{ "type": "Feature", "properties": { "name": "Koldam Dam", "kind": "Dam", "score": 16, "dedup_count": 1, "label_rank": 7, "tags": { "name": "Koldam Dam", "waterway": "dam", "wikidata": "Q390763" } }, "geometry": { "type": "Point", "coordinates": [ 76.874318016128186, 31.382983447118313 ] } },
{ "type": "Feature", "properties": { "name": "Koteshwar Dam", "kind": "Dam", "score": 16, "dedup_count": 1, "label_rank": 7, "tags": { "name": "Koteshwar Dam", "waterway": "dam", "wikidata": "Q6433939" } }, "geometry": { "type": "Point", "coordinates": [ 78.49778732578956, 30.260242758802057 ] } },
{ "type": "Feature", "properties": { "name": "Pandoh Dam", "kind": "Dam", "score": 16, "dedup_count": 1, "label_rank": 7, "tags": { "name": "Pandoh Dam", "waterway": "dam", "wikidata": "Q7130687" } }, "geometry": { "type": "Point", "coordinates": [ 77.066929542379867, 31.671344723594153 ] } },
{ "type": "Feature", "properties": { "name": "Pong Dam", "kind": "Dam", "score": 16, "dedup_count": 1, "label_rank": 7, "tags": { "name": "Pong Dam", "waterway": "dam", "wikidata": "Q7227766" } }, "geometry": { "type": "Point", "coordinates": [ 75.946014996805815, 31.96801752351454 ] } },
{ "type": "Feature", "properties": { "name": "Qargah Dam", "kind": "Dam", "score": 16, "dedup_count": 1, "label_rank": 7, "tags": { "area": "yes", "man_made": "yes", "name": "بندٔ قرغه", "name:en": "Qargah Dam", "waterway": "dam", "wikidata": "Q21748665" } }, "geometry": { "type": "Point", "coordinates": [ 69.034461607607895, 34.552642868468908 ] } },
{ "type": "Feature", "properties": { "name": "Rajghat dam", "kind": "Dam", "score": 16, "dedup_count": 1, "label_rank": 7, "tags": { "name": "Rajghat dam", "waterway": "dam", "wikidata": "Q7286120" } }, "geometry": { "type": "Point", "coordinates": [ 78.227644929163773, 24.763549205449607 ] } },
{ "type": "Feature", "properties": { "name": "Ranjit Sagar Dam", "kind": "Dam", "score": 16, "dedup_count": 1, "label_rank": 7, "tags": { "name": "Ranjit Sagar Dam", "waterway": "dam", "wikidata": "Q2131032" } }, "geometry": { "type": "Point", "coordinates": [ 75.728864837435765, 32.442165608925578 ] } },
{ "type": "Feature", "properties": { "name": "Sadpara Dam", "kind": "Dam", "score": 16, "dedup_count": 1, "label_rank": 7, "tags": { "material": "concrete", "name": "Sadpara Dam", "operator": "PWD Skardu", "waterway": "dam", "wikidata": "Q7426443" } }, "geometry": { "type": "Point", "coordinates": [ 75.635835941812999, 35.243924611630398 ] } },
{ "type": "Feature", "properties": { "name": "Simly", "kind": "Dam", "score": 16, "dedup_count": 1, "label_rank": 7, "tags": { "name": "Simly", "waterway": "dam", "wikidata": "Q7517934" } }, "geometry": { "type": "Point", "coordinates": [ 73.340031755346658, 33.719440194790451 ] } },
{ "type": "Feature", "properties": { "name": "Surobi Dam", "kind": "Dam", "score": 16, "dedup_count": 1, "label_rank": 7, "tags": { "name": "Bandi Surobi", "name:en": "Surobi Dam", "start_date": "1953", "waterway": "dam", "wikidata": "Q21825719" } }, "geometry": { "type": "Point", "coordinates": [ 69.775866901398985, 34.586739722727998 ] } },
{ "type": "Feature", "properties": { "name": "Tehri Dam", "kind": "Dam", "score": 16, "dedup_count": 1, "label_rank": 7, "tags": { "name": "Tehri Dam", "waterway": "dam", "wikidata": "Q69091" } }, "geometry": { "type": "Point", "coordinates": [ 78.480011807096076, 30.376697269251579 ] } },
{ "type": "Feature", "properties": { "name": "Tighra Dam", "kind": "Dam", "score": 16, "dedup_count": 1, "label_rank": 7, "tags": { "name": "Tighra Dam", "waterway": "dam", "wikidata": "Q2432953" } }, "geometry": { "type": "Point", "coordinates": [ 78.001540397551381, 26.222665814457283 ] } },
{ "type": "Feature", "properties": { "name": "Ayno Maina Dam", "kind": "Dam", "score": 15, "dedup_count": 1, "label_rank": 8, "tags": { "name:en": "Ayno Maina Dam", "name:ru": "Дамба Айно Майна", "waterway": "dam", "wikipedia": "en:Ayno Maina Dam" } }, "geometry": { "type": "Point", "coordinates": [ 65.799941749999988, 31.68296325 ] } },
{ "type": "Feature", "properties": { "name": "Warsak Dam", "kind": "Dam", "score": 15, "dedup_count": 1, "label_rank": 8, "tags": { "area": "yes", "name": "Warsak Dam", "waterway": "dam", "wikipedia": "en:Warsak Dam" } }, "geometry": { "type": "Point", "coordinates": [ 71.358169294687656, 34.164311324602572 ] } },
{ "type": "Feature", "properties": { "name": "Zana Khan Dam", "kind": "Dam", "score": 15, "dedup_count": 1, "label_rank": 8, "tags": { "alt_name": "بند سر ده;Sardeh Dam;Sardi Dam;Sar Deh Band;Band-e Sar Deh;Band-e Sardeh;Sardah Dam;Band-e Sardeh Dam", "man_made": "dam", "name": "سر ده بند", "name:en": "Zana Khan Dam", "name:ps": "سر ده بند", "name:ru": "Плотина Банд-е Сардех", "source:name": "GNS", "waterway": "dam", "wikipedia": "en:Band-e Sardeh Dam" } }, "geometry": { "type": "Point", "coordinates": [ 68.633454358829113, 33.293801885281589 ] } },
{ "type": "Feature", "properties": { "name": "(unnamed)", "kind": "Dam", "score": 14, "dedup_count": 6, "label_rank": 9, "tags": { "height": "20", "material": "concrete", "waterway": "dam" } }, "geometry": { "type": "Point", "coordinates": [ 72.795335088548313, 32.981782788956274 ] } },
{ "type": "Feature", "properties": { "name": "Baglihar hydro power station", "kind": "Hydel", "score": 14, "dedup_count": 2, "label_rank": 9, "tags": { "fixme": "position", "location": "underground", "name": "Baglihar hydro power station", "operator": "Jammu and Kashmir State Power Development Corporation", "plant:method": "run-of-the-river", "plant:output:electricity": "900 MW", "plant:source": "hydro", "power": "plant", "wikidata": "Q65199018" } }, "geometry": { "type": "Point", "coordinates": [ 75.315998925959107, 33.180101826951699 ] } },
{ "type": "Feature", "properties": { "name": "Tarbela Main Embankment Dam", "kind": "Dam", "score": 14, "dedup_count": 2, "label_rank": 9, "tags": { "height": "143.26", "material": "earth", "name": "Tarbela Main Embankment Dam", "waterway": "dam" } }, "geometry": { "type": "Point", "coordinates": [ 72.696438839251385, 34.086959053978845 ] } },
{ "type": "Feature", "properties": { "name": "MAHI BAJAJ SAGAR", "kind": "Dam", "score": 14, "dedup_count": 2, "label_rank": 9, "tags": { "height": "281", "material": "concrete", "name": "MAHI BAJAJ SAGAR", "waterway": "dam" } }, "geometry": { "type": "Point", "coordinates": [ 74.547029099999989, 23.628469850000926 ] } },
{ "type": "Feature", "properties": { "name": "Neelum–Jhelum Dam", "kind": "Dam", "score": 14, "dedup_count": 2, "label_rank": 9, "tags": { "height": "60", "material": "concrete", "name": "Neelum–Jhelum Dam", "operator": "WAPDA", "waterway": "dam" } }, "geometry": { "type": "Point", "coordinates": [ 73.718409775, 34.39692920000364 ] } },
{ "type": "Feature", "properties": { "name": "Suki Kinari Hydropower Project", "kind": "Dam", "score": 14, "dedup_count": 2, "label_rank": 9, "tags": { "area": "yes", "height": "54.5", "material": "composite", "name": "Suki Kinari Hydropower Project", "operator": "SK Hydro", "waterway": "dam" } }, "geometry": { "type": "Point", "coordinates": [ 73.555014111846617, 34.846827451657568 ] } },
{ "type": "Feature", "properties": { "name": "(unnamed)", "kind": "Dam", "score": 14, "dedup_count": 2, "label_rank": 9, "tags": { "height": "15", "material": "concrete", "waterway": "dam" } }, "geometry": { "type": "Point", "coordinates": [ 67.0507414, 30.156181415722099 ] } },
{ "type": "Feature", "properties": { "name": "(unnamed)", "kind": "Dam", "score": 14, "dedup_count": 2, "label_rank": 9, "tags": { "height": "10", "material": "earth", "waterway": "dam" } }, "geometry": { "type": "Point", "coordinates": [ 67.07187406854392, 30.192061759835141 ] } },
{ "type": "Feature", "properties": { "name": "(unnamed)", "kind": "Dam", "score": 14, "dedup_count": 2, "label_rank": 9, "tags": { "height": "5", "material": "earth", "waterway": "dam" } }, "geometry": { "type": "Point", "coordinates": [ 68.187205193548891, 25.476463349397498 ] } },
{ "type": "Feature", "properties": { "name": "(unnamed)", "kind": "Dam", "score": 14, "dedup_count": 2, "label_rank": 9, "tags": { "height": "10", "material": "gravel", "waterway": "dam" } }, "geometry": { "type": "Point", "coordinates": [ 71.85516775302662, 33.475806912278379 ] } },
{ "type": "Feature", "properties": { "name": "(unnamed)", "kind": "Dam", "score": 14, "dedup_count": 2, "label_rank": 9, "tags": { "height": "10", "material": "concrete", "waterway": "dam" } }, "geometry": { "type": "Point", "coordinates": [ 72.865033923852408, 33.47457835498691 ] } },
{ "type": "Feature", "properties": { "name": "Darawat Dam", "kind": "Dam", "score": 14, "dedup_count": 1, "label_rank": 9, "tags": { "area": "yes", "height": "46", "material": "concrete", "name": "Darawat Dam", "operator": "WAPDA", "waterway": "dam" } }, "geometry": { "type": "Point", "coordinates": [ 67.943015844690436, 25.409539032036147 ] } },
{ "type": "Feature", "properties": { "name": "Dharab Dam", "kind": "Dam", "score": 14, "dedup_count": 1, "label_rank": 9, "tags": { "height": "10", "material": "earth", "name": "Dharab Dam", "waterway": "dam" } }, "geometry": { "type": "Point", "coordinates": [ 72.663923649999973, 32.9094258 ] } },
{ "type": "Feature", "properties": { "name": "Diamer-Bhasha Dam", "kind": "Dam", "score": 14, "dedup_count": 1, "label_rank": 9, "tags": { "height": "272", "landuse": "construction", "material": "concrete", "name": "Diamer-Bhasha Dam", "operator": "WAPDA", "waterway": "dam" } }, "geometry": { "type": "Point", "coordinates": [ 73.738581225854702, 35.522228671456233 ] } },
{ "type": "Feature", "properties": { "name": "Gulpur Dam", "kind": "Dam", "score": 14, "dedup_count": 1, "label_rank": 9, "tags": { "height": "35", "material": "concrete", "name": "Gulpur Dam", "operator": "Mira Power Private Limited", "waterway": "dam" } }, "geometry": { "type": "Point", "coordinates": [ 73.865660996859674, 33.455465756678556 ] } },
{ "type": "Feature", "properties": { "name": "Kotri CCGT Power Station", "kind": "Hydel", "score": 14, "dedup_count": 1, "label_rank": 9, "tags": { "addr:city": "Kotri", "addr:street": "National Highway", "alt_name": "Gas Turbine Power Station Kotri", "landuse": "industrial", "name": "Kotri CCGT Power Station", "operator": "Jamshoro Power Company", "plant:method": "combustion", "plant:output:electricity": "144 MW", "plant:source": "gas", "plant:type": "combined_cycle", "power": "plant", "wikidata": "Q120722172" } }, "geometry": { "type": "Point", "coordinates": [ 68.256229728612098, 25.340973667240007 ] } },
{ "type": "Feature", "properties": { "name": "Jabba Tar Dam", "kind": "Dam", "score": 14, "dedup_count": 1, "label_rank": 9, "tags": { "height": "30", "material": "soil", "name": "جبہ ٹار ڈیم", "name:en": "Jabba Tar Dam", "waterway": "dam" } }, "geometry": { "type": "Point", "coordinates": [ 71.876626510327455, 33.90261131401784 ] } },
{ "type": "Feature", "properties": { "name": "Jari Dam", "kind": "Dam", "score": 14, "dedup_count": 1, "label_rank": 9, "tags": { "height": "43", "material": "stone", "name": "Jari Dam", "operator": "WAPDA", "waterway": "dam" } }, "geometry": { "type": "Point", "coordinates": [ 73.837178418564307, 33.113525398382244 ] } },
{ "type": "Feature", "properties": { "name": "Kakra Dam", "kind": "Dam", "score": 14, "dedup_count": 1, "label_rank": 9, "tags": { "height": "43", "material": "stone", "name": "Kakra Dam", "operator": "WAPDA", "waterway": "dam" } }, "geometry": { "type": "Point", "coordinates": [ 73.864294720958341, 33.114660629083104 ] } },
{ "type": "Feature", "properties": { "name": "Kamal Khan Dam", "kind": "Dam", "score": 14, "dedup_count": 1, "label_rank": 9, "tags": { "alt_name": "بند کمال خان", "area": "yes", "height": "16", "material": "concrete", "name": "د کمال خان بند/سد کمال خان", "name:en": "Kamal Khan Dam", "name:fa": "سد کمال خان", "start_date": "1974", "waterway": "dam" } }, "geometry": { "type": "Point", "coordinates": [ 61.875784458435945, 30.322326997480211 ] } },
{ "type": "Feature", "properties": { "name": "Nammal Dam", "kind": "Dam", "score": 14, "dedup_count": 1, "label_rank": 9, "tags": { "height": "20", "material": "stone", "name": "Nammal Dam", "waterway": "dam" } }, "geometry": { "type": "Point", "coordinates": [ 71.802242142081951, 32.665179936792839 ] } },
{ "type": "Feature", "properties": { "name": "Patrind Dam", "kind": "Dam", "score": 14, "dedup_count": 1, "label_rank": 9, "tags": { "area": "yes", "height": "26", "material": "concrete", "name": "Patrind Dam", "operator": "Star Hydro Power Pvt. Limited", "waterway": "dam" } }, "geometry": { "type": "Point", "coordinates": [ 73.428601310891935, 34.342222520698186 ] } },
{ "type": "Feature", "properties": { "name": "Talikna Dam", "kind": "Dam", "score": 14, "dedup_count": 1, "label_rank": 9, "tags": { "height": "16.15", "material": "stone", "name": "Talikna Dam", "operator": "Irrigation Department, Punjab, Pakistan", "waterway": "dam" } }, "geometry": { "type": "Point", "coordinates": [ 72.2652411, 33.5716119 ] } },
{ "type": "Feature", "properties": { "name": "(unnamed)", "kind": "Dam", "score": 14, "dedup_count": 1, "label_rank": 9, "tags": { "height": "25", "material": "concrete", "waterway": "dam" } }, "geometry": { "type": "Point", "coordinates": [ 66.588117366264086, 27.784597145488391 ] } },
{ "type": "Feature", "properties": { "name": "(unnamed)", "kind": "Dam", "score": 14, "dedup_count": 1, "label_rank": 9, "tags": { "height": "20", "material": "gravel", "waterway": "dam" } }, "geometry": { "type": "Point", "coordinates": [ 67.021126949999982, 30.1080952 ] } },
{ "type": "Feature", "properties": { "name": "(unnamed)", "kind": "Dam", "score": 14, "dedup_count": 1, "label_rank": 9, "tags": { "height": "20", "material": "gravel", "waterway": "dam" } }, "geometry": { "type": "Point", "coordinates": [ 67.035368, 30.1449676 ] } },
{ "type": "Feature", "properties": { "name": "(unnamed)", "kind": "Dam", "score": 14, "dedup_count": 1, "label_rank": 9, "tags": { "height": "5", "material": "earth", "waterway": "dam" } }, "geometry": { "type": "Point", "coordinates": [ 68.226206303074989, 25.49016033769967 ] } },
{ "type": "Feature", "properties": { "name": "(unnamed)", "kind": "Dam", "score": 14, "dedup_count": 1, "label_rank": 9, "tags": { "height": "50", "material": "soil", "operator": "WAPDA", "waterway": "dam" } }, "geometry": { "type": "Point", "coordinates": [ 72.261873843329141, 33.787968800698629 ] } },
{ "type": "Feature", "properties": { "name": "(unnamed)", "kind": "Dam", "score": 14, "dedup_count": 1, "label_rank": 9, "tags": { "height": "20", "material": "earth", "waterway": "dam" } }, "geometry": { "type": "Point", "coordinates": [ 72.763664405836622, 32.815852298962184 ] } },
{ "type": "Feature", "properties": { "name": "(unnamed)", "kind": "Dam", "score": 14, "dedup_count": 1, "label_rank": 9, "tags": { "height": "10", "material": "concrete", "waterway": "dam" } }, "geometry": { "type": "Point", "coordinates": [ 72.842446327120086, 33.476740507015379 ] } },
{ "type": "Feature", "properties": { "name": "(unnamed)", "kind": "Dam", "score": 14, "dedup_count": 1, "label_rank": 9, "tags": { "area": "yes", "height": "30", "material": "stone", "waterway": "dam" } }, "geometry": { "type": "Point", "coordinates": [ 72.800235944889806, 33.56320400929441 ] } },
{ "type": "Feature", "properties": { "name": "Ghazi Barrage", "kind": "Barrage/Headworks", "score": 13, "dedup_count": 3, "label_rank": 10, "tags": { "material": "concrete", "name": "Ghazi Barrage", "operator": "WAPDA", "waterway": "weir" } }, "geometry": { "type": "Point", "coordinates": [ 72.658273197945377, 34.031079413286612 ] } },
{ "type": "Feature", "properties": { "name": "Allain Duhangan Hydro Project Barrage & Intermediate Reservoir", "kind": "Barrage/Headworks", "score": 13, "dedup_count": 2, "label_rank": 10, "tags": { "name": "Allain Duhangan Hydro Project Barrage & Intermediate Reservoir", "natural": "water", "water": "reservoir" } }, "geometry": { "type": "Point", "coordinates": [ 77.237696980650455, 32.256284407294011 ] } },
{ "type": "Feature", "properties": { "name": "Munda Headworks", "kind": "Barrage/Headworks", "score": 13, "dedup_count": 2, "label_rank": 10, "tags": { "area": "yes", "name": "Munda Headworks", "waterway": "dam" } }, "geometry": { "type": "Point", "coordinates": [ 71.569680022979924, 34.332162969702701 ] } },
{ "type": "Feature", "properties": { "name": "Okhla Barrage", "kind": "Barrage/Headworks", "score": 13, "dedup_count": 2, "label_rank": 10, "tags": { "name": "Okhla Barrage", "waterway": "dam" } }, "geometry": { "type": "Point", "coordinates": [ 77.312240577443617, 28.546402530108796 ] } },
{ "type": "Feature", "properties": { "name": "Pathrala Barrage", "kind": "Barrage/Headworks", "score": 13, "dedup_count": 2, "label_rank": 10, "tags": { "name": "Pathrala Barrage", "place": "locality" } }, "geometry": { "type": "Point", "coordinates": [ 77.39574612533653, 30.214913752265158 ] } },
{ "type": "Feature", "properties": { "name": "Amandara Headworks", "kind": "Barrage/Headworks", "score": 13, "dedup_count": 1, "label_rank": 10, "tags": { "name": "Amandara Headworks", "waterway": "dam" } }, "geometry": { "type": "Point", "coordinates": [ 72.005664759896291, 34.636894777872868 ] } },
{ "type": "Feature", "properties": { "name": "Ballewala Head Works", "kind": "Barrage/Headworks", "score": 13, "dedup_count": 1, "label_rank": 10, "tags": { "name": "Ballewala Head Works", "waterway": "dam" } }, "geometry": { "type": "Point", "coordinates": [ 74.5622691, 30.871148 ] } },
{ "type": "Feature", "properties": { "name": "Banbasa Barrage", "kind": "Barrage/Headworks", "score": 13, "dedup_count": 1, "label_rank": 10, "tags": { "name": "Banbasa Barrage", "place": "locality" } }, "geometry": { "type": "Point", "coordinates": [ 80.11231, 28.99704 ] } },
{ "type": "Feature", "properties": { "name": "Barrage", "kind": "Barrage/Headworks", "score": 13, "dedup_count": 1, "label_rank": 10, "tags": { "name": "Barrage", "place": "village" } }, "geometry": { "type": "Point", "coordinates": [ 78.2838542, 30.0720661 ] } },
{ "type": "Feature", "properties": { "name": "Batkhela Headworks", "kind": "Barrage/Headworks", "score": 13, "dedup_count": 1, "label_rank": 10, "tags": { "name": "Batkhela Headworks", "waterway": "dam" } }, "geometry": { "type": "Point", "coordinates": [ 71.98293398216444, 34.627315647778161 ] } },
{ "type": "Feature", "properties": { "name": "Chashma Barrage Dolphin Sanctuary", "kind": "Barrage/Headworks", "score": 13, "dedup_count": 1, "label_rank": 10, "tags": { "name": "Chashma Barrage Dolphin Sanctuary" } }, "geometry": { "type": "Point", "coordinates": [ 71.330935185488542, 32.481817547038666 ] } },
{ "type": "Feature", "properties": { "name": "Haldwani Barrage", "kind": "Barrage/Headworks", "score": 13, "dedup_count": 1, "label_rank": 10, "tags": { "area": "yes", "material": "metal", "name": "Haldwani Barrage", "waterway": "dam" } }, "geometry": { "type": "Point", "coordinates": [ 79.547860958840147, 29.271377948691025 ] } },
{ "type": "Feature", "properties": { "name": "Harike Barrage", "kind": "Barrage/Headworks", "score": 13, "dedup_count": 1, "label_rank": 10, "tags": { "name": "Harike Barrage", "waterway": "dam" } }, "geometry": { "type": "Point", "coordinates": [ 74.946803835014308, 31.144877679384788 ] } },
{ "type": "Feature", "properties": { "name": "Kotri Barrage", "kind": "Barrage/Headworks", "score": 13, "dedup_count": 1, "label_rank": 10, "tags": { "name": "Kotri Barrage", "waterway": "dam" } }, "geometry": { "type": "Point", "coordinates": [ 68.316011342559747, 25.442388991238126 ] } },
{ "type": "Feature", "properties": { "name": "Islam Headworks", "kind": "Barrage/Headworks", "score": 13, "dedup_count": 1, "label_rank": 10, "tags": { "addr:street": "Hasilpur Tehsil, Bahawalpur District", "name": "Islam Headworks", "waterway": "dam" } }, "geometry": { "type": "Point", "coordinates": [ 72.549099278806025, 29.826318208737586 ] } },
{ "type": "Feature", "properties": { "name": "Jatli Headworks", "kind": "Barrage/Headworks", "score": 13, "dedup_count": 1, "label_rank": 10, "tags": { "material": "concrete", "name": "Jatli Headworks", "operator": "WAPDA", "waterway": "weir" } }, "geometry": { "type": "Point", "coordinates": [ 73.85607659999998, 33.0321894 ] } },
{ "type": "Feature", "properties": { "name": "Khanki Barrage", "kind": "Barrage/Headworks", "score": 13, "dedup_count": 1, "label_rank": 10, "tags": { "name": "Khanki Barrage", "waterway": "dam" } }, "geometry": { "type": "Point", "coordinates": [ 73.96658878280769, 32.408209491590227 ] } },
{ "type": "Feature", "properties": { "name": "Kota Barrage", "kind": "Barrage/Headworks", "score": 13, "dedup_count": 1, "label_rank": 10, "tags": { "name": "Kota Barrage", "waterway": "dam" } }, "geometry": { "type": "Point", "coordinates": [ 75.825542213588591, 25.176842650003145 ] } },
{ "type": "Feature", "properties": { "name": "Kurram Garhi Headworks", "kind": "Barrage/Headworks", "score": 13, "dedup_count": 1, "label_rank": 10, "tags": { "material": "concrete", "name": "Kurram Garhi Headworks", "waterway": "sluice_gate" } }, "geometry": { "type": "Point", "coordinates": [ 70.539155367871714, 33.061381722515662 ] } },
{ "type": "Feature", "properties": { "name": "Madhopur Barrage Left Canal", "kind": "Barrage/Headworks", "score": 13, "dedup_count": 1, "label_rank": 10, "tags": { "name": "Madhopur Barrage Left Canal", "waterway": "canal" } }, "geometry": { "type": "Point", "coordinates": [ 75.561024889303297, 32.234878488448295 ] } },
{ "type": "Feature", "properties": { "name": "Madhopur Barrage Left Canal", "kind": "Barrage/Headworks", "score": 13, "dedup_count": 1, "label_rank": 10, "tags": { "layer": "-1", "name": "Madhopur Barrage Left Canal", "tunnel": "yes", "waterway": "canal" } }, "geometry": { "type": "Point", "coordinates": [ 75.57299065, 32.26522325 ] } },
{ "type": "Feature", "properties": { "name": "Madhopur Barrage Left Canal", "kind": "Barrage/Headworks", "score": 13, "dedup_count": 1, "label_rank": 10, "tags": { "name": "Madhopur Barrage Left Canal", "waterway": "canal" } }, "geometry": { "type": "Point", "coordinates": [ 75.57751381111737, 32.28564737916242 ] } },
{ "type": "Feature", "properties": { "name": "Madhopur Barrage Left Canal", "kind": "Barrage/Headworks", "score": 13, "dedup_count": 1, "label_rank": 10, "tags": { "layer": "-1", "name": "Madhopur Barrage Left Canal", "tunnel": "yes", "waterway": "canal" } }, "geometry": { "type": "Point", "coordinates": [ 75.57963905, 32.3066188 ] } },
{ "type": "Feature", "properties": { "name": "Madhopur Barrage Left Canal", "kind": "Barrage/Headworks", "score": 13, "dedup_count": 1, "label_rank": 10, "tags": { "name": "Madhopur Barrage Left Canal", "waterway": "canal" } }, "geometry": { "type": "Point", "coordinates": [ 75.580906167471497, 32.322075193816005 ] } },
{ "type": "Feature", "properties": { "name": "Madhopur Barrage Left Canal", "kind": "Barrage/Headworks", "score": 13, "dedup_count": 1, "label_rank": 10, "tags": { "layer": "-1", "name": "Madhopur Barrage Left Canal", "tunnel": "yes", "waterway": "canal" } }, "geometry": { "type": "Point", "coordinates": [ 75.582148249999989, 32.33754515 ] } },
{ "type": "Feature", "properties": { "name": "Madhopur Barrage Left Canal", "kind": "Barrage/Headworks", "score": 13, "dedup_count": 1, "label_rank": 10, "tags": { "name": "Madhopur Barrage Left Canal", "waterway": "canal" } }, "geometry": { "type": "Point", "coordinates": [ 75.586916153029094, 32.35527133938173 ] } },
{ "type": "Feature", "properties": { "name": "Madhopur Barrage Left Canal", "kind": "Barrage/Headworks", "score": 13, "dedup_count": 1, "label_rank": 10, "tags": { "name": "Madhopur Barrage Left Canal", "waterway": "canal" } }, "geometry": { "type": "Point", "coordinates": [ 75.59991663822322, 32.367574287071037 ] } },
{ "type": "Feature", "properties": { "name": "Nandipur Barrage", "kind": "Barrage/Headworks", "score": 13, "dedup_count": 1, "label_rank": 10, "tags": { "intermittent": "no", "name": "Nandipur Barrage", "salt": "no", "usage": "irrigation", "waterway": "weir" } }, "geometry": { "type": "Point", "coordinates": [ 74.268418606252823, 32.251934485530192 ] } },
{ "type": "Feature", "properties": { "name": "Ropar Headworks", "kind": "Barrage/Headworks", "score": 13, "dedup_count": 1, "label_rank": 10, "tags": { "name": "Ropar Headworks", "waterway": "dam" } }, "geometry": { "type": "Point", "coordinates": [ 76.517361253170463, 30.9887217690985 ] } },
{ "type": "Feature", "properties": { "name": "Shahneher Barrage", "kind": "Barrage/Headworks", "score": 13, "dedup_count": 1, "label_rank": 10, "tags": { "area": "yes", "name": "Shahneher Barrage", "waterway": "dam" } }, "geometry": { "type": "Point", "coordinates": [ 75.893885710484952, 31.955511239421821 ] } },
{ "type": "Feature", "properties": { "name": "Sidhnai Headworks", "kind": "Barrage/Headworks", "score": 13, "dedup_count": 1, "label_rank": 10, "tags": { "name": "Sidhnai Headworks", "waterway": "dam" } }, "geometry": { "type": "Point", "coordinates": [ 72.157796638422013, 30.572502143540561 ] } },
{ "type": "Feature", "properties": { "name": "Talwara Barrage", "kind": "Barrage/Headworks", "score": 13, "dedup_count": 1, "label_rank": 10, "tags": { "name": "Talwara Barrage", "waterway": "dam" } }, "geometry": { "type": "Point", "coordinates": [ 75.894219208967939, 31.955155874326092 ] } },
{ "type": "Feature", "properties": { "name": "Trimmu Barrage", "kind": "Barrage/Headworks", "score": 13, "dedup_count": 1, "label_rank": 10, "tags": { "name": "Trimmu Barrage", "waterway": "dam" } }, "geometry": { "type": "Point", "coordinates": [ 72.145014334681107, 31.145077866279863 ] } },
{ "type": "Feature", "properties": { "name": "Ujh barrage", "kind": "Barrage/Headworks", "score": 13, "dedup_count": 1, "label_rank": 10, "tags": { "name": "Ujh barrage", "wall": "barrage", "waterway": "dam" } }, "geometry": { "type": "Point", "coordinates": [ 75.417589284782991, 32.47260011341384 ] } },
{ "type": "Feature", "properties": { "name": "(unnamed)", "kind": "Dam", "score": 11, "dedup_count": 49, "label_rank": 11, "tags": { "waterway": "dam" } }, "geometry": { "type": "Point", "coordinates": [ 60.4165275867011, 29.888818608016475 ] } },
{ "type": "Feature", "properties": { "name": "(unnamed)", "kind": "Dam", "score": 11, "dedup_count": 39, "label_rank": 11, "tags": { "area": "no", "waterway": "dam" } }, "geometry": { "type": "Point", "coordinates": [ 67.765794892770856, 31.33705755812046 ] } },
{ "type": "Feature", "properties": { "name": "(unnamed)", "kind": "Dam", "score": 11, "dedup_count": 38, "label_rank": 11, "tags": { "waterway": "dam" } }, "geometry": { "type": "Point", "coordinates": [ 80.103884417020865, 28.998925575385783 ] } },
{ "type": "Feature", "properties": { "name": "(unnamed)", "kind": "Dam", "score": 11, "dedup_count": 27, "label_rank": 11, "tags": { "area": "no", "waterway": "dam" } }, "geometry": { "type": "Point", "coordinates": [ 67.683100109418518, 31.310430650126438 ] } },
{ "type": "Feature", "properties": { "name": "(unnamed)", "kind": "Dam", "score": 11, "dedup_count": 22, "label_rank": 11, "tags": { "waterway": "dam" } }, "geometry": { "type": "Point", "coordinates": [ 61.461557090324767, 26.558198392645544 ] } },
{ "type": "Feature", "properties": { "name": "(unnamed)", "kind": "Dam", "score": 11, "dedup_count": 15, "label_rank": 11, "tags": { "waterway": "dam" } }, "geometry": { "type": "Point", "coordinates": [ 60.840478929999989, 29.597926808745346 ] } },
{ "type": "Feature", "properties": { "name": "(unnamed)", "kind": "Dam", "score": 11, "dedup_count": 12, "label_rank": 11, "tags": { "area": "no", "waterway": "dam" } }, "geometry": { "type": "Point", "coordinates": [ 67.593223532053756, 31.280278064733416 ] } },
{ "type": "Feature", "properties": { "name": "(unnamed)", "kind": "Dam", "score": 11, "dedup_count": 12, "label_rank": 11, "tags": { "area": "no", "waterway": "dam" } }, "geometry": { "type": "Point", "coordinates": [ 67.642519045454677, 31.298122282632491 ] } },
{ "type": "Feature", "properties": { "name": "(unnamed)", "kind": "Dam", "score": 11, "dedup_count": 12, "label_rank": 11, "tags": { "waterway": "dam" } }, "geometry": { "type": "Point", "coordinates": [ 77.55407880830964, 30.298005995547332 ] } },
{ "type": "Feature", "properties": { "name": "(unnamed)", "kind": "Dam", "score": 11, "dedup_count": 11, "label_rank": 11, "tags": { "waterway": "dam" } }, "geometry": { "type": "Point", "coordinates": [ 60.145155705117361, 27.345719308526558 ] } },
{ "type": "Feature", "properties": { "name": "(unnamed)", "kind": "Dam", "score": 11, "dedup_count": 10, "label_rank": 11, "tags": { "waterway": "dam" } }, "geometry": { "type": "Point", "coordinates": [ 60.861676706687255, 30.263116876414522 ] } },
{ "type": "Feature", "properties": { "name": "(unnamed)", "kind": "Dam", "score": 11, "dedup_count": 10, "label_rank": 11, "tags": { "waterway": "dam" } }, "geometry": { "type": "Point", "coordinates": [ 61.219815246308649, 36.120545423168643 ] } },
{ "type": "Feature", "properties": { "name": "(unnamed)", "kind": "Dam", "score": 11, "dedup_count": 10, "label_rank": 11, "tags": { "waterway": "dam" } }, "geometry": { "type": "Point", "coordinates": [ 61.476550013462067, 26.619076768720838 ] } },
{ "type": "Feature", "properties": { "name": "(unnamed)", "kind": "Dam", "score": 11, "dedup_count": 10, "label_rank": 11, "tags": { "waterway": "dam" } }, "geometry": { "type": "Point", "coordinates": [ 62.459921844702855, 26.824209011627168 ] } },
{ "type": "Feature", "properties": { "name": "(unnamed)", "kind": "Dam", "score": 11, "dedup_count": 9, "label_rank": 11, "tags": { "waterway": "dam" } }, "geometry": { "type": "Point", "coordinates": [ 80.478925822442122, 23.07687806340094 ] } },
{ "type": "Feature", "properties": { "name": "(unnamed)", "kind": "Dam", "score": 11, "dedup_count": 8, "label_rank": 11, "tags": { "waterway": "dam" } }, "geometry": { "type": "Point", "coordinates": [ 61.683241224838966, 34.371323049735096 ] } },
{ "type": "Feature", "properties": { "name": "(unnamed)", "kind": "Dam", "score": 11, "dedup_count": 8, "label_rank": 11, "tags": { "waterway": "dam" } }, "geometry": { "type": "Point", "coordinates": [ 67.198495938084193, 31.697246633910577 ] } },
{ "type": "Feature", "properties": { "name": "(unnamed)", "kind": "Dam", "score": 11, "dedup_count": 8, "label_rank": 11, "tags": { "area": "yes", "waterway": "dam" } }, "geometry": { "type": "Point", "coordinates": [ 68.128289052047606, 37.546985620354363 ] } },
{ "type": "Feature", "properties": { "name": "(unnamed)", "kind": "Dam", "score": 11, "dedup_count": 8, "label_rank": 11, "tags": { "waterway": "dam" } }, "geometry": { "type": "Point", "coordinates": [ 68.672771865290372, 37.655155619822011 ] } },
{ "type": "Feature", "properties": { "name": "(unnamed)", "kind": "Dam", "score": 11, "dedup_count": 8, "label_rank": 11, "tags": { "material": "soil", "waterway": "dam" } }, "geometry": { "type": "Point", "coordinates": [ 72.750463106832825, 33.521300130771671 ] } },
{ "type": "Feature", "properties": { "name": "(unnamed)", "kind": "Dam", "score": 11, "dedup_count": 8, "label_rank": 11, "tags": { "waterway": "dam" } }, "geometry": { "type": "Point", "coordinates": [ 75.109815866990459, 23.070927739990459 ] } },
{ "type": "Feature", "properties": { "name": "(unnamed)", "kind": "Dam", "score": 11, "dedup_count": 8, "label_rank": 11, "tags": { "waterway": "dam" } }, "geometry": { "type": "Point", "coordinates": [ 76.493755705788331, 31.269629824445111 ] } },
{ "type": "Feature", "properties": { "name": "(unnamed)", "kind": "Dam", "score": 11, "dedup_count": 8, "label_rank": 11, "tags": { "waterway": "dam" } }, "geometry": { "type": "Point", "coordinates": [ 77.475209831191279, 30.263606163916958 ] } },
{ "type": "Feature", "properties": { "name": "(unnamed)", "kind": "Dam", "score": 11, "dedup_count": 8, "label_rank": 11, "tags": { "waterway": "dam" } }, "geometry": { "type": "Point", "coordinates": [ 78.220641219415626, 29.977003353306714 ] } },
{ "type": "Feature", "properties": { "name": "(unnamed)", "kind": "Dam", "score": 11, "dedup_count": 7, "label_rank": 11, "tags": { "waterway": "dam" } }, "geometry": { "type": "Point", "coordinates": [ 62.234429520460829, 34.264142294689904 ] } },
{ "type": "Feature", "properties": { "name": "(unnamed)", "kind": "Dam", "score": 11, "dedup_count": 7, "label_rank": 11, "tags": { "waterway": "dam" } }, "geometry": { "type": "Point", "coordinates": [ 67.563520906869854, 31.369817096498974 ] } },
{ "type": "Feature", "properties": { "name": "(unnamed)", "kind": "Dam", "score": 11, "dedup_count": 7, "label_rank": 11, "tags": { "waterway": "dam" } }, "geometry": { "type": "Point", "coordinates": [ 73.713064132656513, 25.572721712713008 ] } },
{ "type": "Feature", "properties": { "name": "(unnamed)", "kind": "Dam", "score": 11, "dedup_count": 7, "label_rank": 11, "tags": { "waterway": "dam" } }, "geometry": { "type": "Point", "coordinates": [ 76.71780443261251, 30.941682487931036 ] } },
{ "type": "Feature", "properties": { "name": "(unnamed)", "kind": "Dam", "score": 11, "dedup_count": 6, "label_rank": 11, "tags": { "waterway": "dam" } }, "geometry": { "type": "Point", "coordinates": [ 60.010506080499582, 30.302386674382646 ] } },
{ "type": "Feature", "properties": { "name": "(unnamed)", "kind": "Dam", "score": 11, "dedup_count": 6, "label_rank": 11, "tags": { "waterway": "dam" } }, "geometry": { "type": "Point", "coordinates": [ 60.01727983988556, 30.325238635194342 ] } },
{ "type": "Feature", "properties": { "name": "(unnamed)", "kind": "Dam", "score": 11, "dedup_count": 6, "label_rank": 11, "tags": { "waterway": "dam" } }, "geometry": { "type": "Point", "coordinates": [ 60.87069294193536, 30.223647865265704 ] } },
{ "type": "Feature", "properties": { "name": "(unnamed)", "kind": "Dam", "score": 11, "dedup_count": 6, "label_rank": 11, "tags": { "waterway": "dam" } }, "geometry": { "type": "Point", "coordinates": [ 62.213451587186057, 26.933608372150221 ] } },
{ "type": "Feature", "properties": { "name": "(unnamed)", "kind": "Dam", "score": 11, "dedup_count": 6, "label_rank": 11, "tags": { "waterway": "dam" } }, "geometry": { "type": "Point", "coordinates": [ 63.317977240834395, 26.818526603528028 ] } },
{ "type": "Feature", "properties": { "name": "(unnamed)", "kind": "Dam", "score": 11, "dedup_count": 6, "label_rank": 11, "tags": { "waterway": "dam" } }, "geometry": { "type": "Point", "coordinates": [ 64.218654083576425, 29.646703138757942 ] } },
{ "type": "Feature", "properties": { "name": "(unnamed)", "kind": "Dam", "score": 11, "dedup_count": 6, "label_rank": 11, "tags": { "waterway": "dam" } }, "geometry": { "type": "Point", "coordinates": [ 65.610953604547177, 27.121214674480246 ] } },
{ "type": "Feature", "properties": { "name": "(unnamed)", "kind": "Dam", "score": 11, "dedup_count": 6, "label_rank": 11, "tags": { "waterway": "dam" } }, "geometry": { "type": "Point", "coordinates": [ 68.067335893532672, 36.625739413708366 ] } },
{ "type": "Feature", "properties": { "name": "(unnamed)", "kind": "Dam", "score": 11, "dedup_count": 6, "label_rank": 11, "tags": { "waterway": "dam" } }, "geometry": { "type": "Point", "coordinates": [ 68.465367953167231, 37.354051973486108 ] } },
{ "type": "Feature", "properties": { "name": "(unnamed)", "kind": "Dam", "score": 11, "dedup_count": 6, "label_rank": 11, "tags": { "waterway": "dam" } }, "geometry": { "type": "Point", "coordinates": [ 69.76243959488157, 23.279156930542502 ] } },
{ "type": "Feature", "properties": { "name": "(unnamed)", "kind": "Dam", "score": 11, "dedup_count": 6, "label_rank": 11, "tags": { "waterway": "dam" } }, "geometry": { "type": "Point", "coordinates": [ 75.174160970813702, 23.03037662941804 ] } },
{ "type": "Feature", "properties": { "name": "(unnamed)", "kind": "Dam", "score": 11, "dedup_count": 6, "label_rank": 11, "tags": { "waterway": "dam" } }, "geometry": { "type": "Point", "coordinates": [ 80.11781809538553, 29.0549788995129 ] } },
{ "type": "Feature", "properties": { "name": "(unnamed)", "kind": "Dam", "score": 11, "dedup_count": 5, "label_rank": 11, "tags": { "waterway": "dam" } }, "geometry": { "type": "Point", "coordinates": [ 61.549057483288387, 25.969625339084228 ] } },
{ "type": "Feature", "properties": { "name": "(unnamed)", "kind": "Dam", "score": 11, "dedup_count": 5, "label_rank": 11, "tags": { "waterway": "dam" } }, "geometry": { "type": "Point", "coordinates": [ 63.141187711430014, 26.633069754018099 ] } },
{ "type": "Feature", "properties": { "name": "(unnamed)", "kind": "Dam", "score": 11, "dedup_count": 5, "label_rank": 11, "tags": { "waterway": "dam" } }, "geometry": { "type": "Point", "coordinates": [ 63.472591440370934, 27.06548761542405 ] } },
{ "type": "Feature", "properties": { "name": "(unnamed)", "kind": "Dam", "score": 11, "dedup_count": 5, "label_rank": 11, "tags": { "waterway": "dam" } }, "geometry": { "type": "Point", "coordinates": [ 64.162793365537468, 27.047082878852635 ] } },
{ "type": "Feature", "properties": { "name": "(unnamed)", "kind": "Dam", "score": 11, "dedup_count": 5, "label_rank": 11, "tags": { "waterway": "dam" } }, "geometry": { "type": "Point", "coordinates": [ 64.180590601863315, 29.622517232197563 ] } },
{ "type": "Feature", "properties": { "name": "(unnamed)", "kind": "Dam", "score": 11, "dedup_count": 5, "label_rank": 11, "tags": { "waterway": "dam" } }, "geometry": { "type": "Point", "coordinates": [ 66.692445620910277, 30.389417467471645 ] } },
{ "type": "Feature", "properties": { "name": "(unnamed)", "kind": "Dam", "score": 11, "dedup_count": 5, "label_rank": 11, "tags": { "waterway": "dam" } }, "geometry": { "type": "Point", "coordinates": [ 66.921930374477839, 30.443851374079468 ] } },
{ "type": "Feature", "properties": { "name": "(unnamed)", "kind": "Dam", "score": 11, "dedup_count": 5, "label_rank": 11, "tags": { "waterway": "dam" } }, "geometry": { "type": "Point", "coordinates": [ 67.386163601387096, 25.452643568653905 ] } },
{ "type": "Feature", "properties": { "name": "(unnamed)", "kind": "Dam", "score": 11, "dedup_count": 5, "label_rank": 11, "tags": { "waterway": "dam" } }, "geometry": { "type": "Point", "coordinates": [ 71.994334864566696, 33.447897555865232 ] } },
{ "type": "Feature", "properties": { "name": "(unnamed)", "kind": "Dam", "score": 11, "dedup_count": 5, "label_rank": 11, "tags": { "waterway": "dam" } }, "geometry": { "type": "Point", "coordinates": [ 72.670428011328795, 33.490154864045621 ] } },
{ "type": "Feature", "properties": { "name": "(unnamed)", "kind": "Dam", "score": 11, "dedup_count": 5, "label_rank": 11, "tags": { "waterway": "dam" } }, "geometry": { "type": "Point", "coordinates": [ 74.60013292, 23.070120776598575 ] } },
{ "type": "Feature", "properties": { "name": "(unnamed)", "kind": "Dam", "score": 11, "dedup_count": 5, "label_rank": 11, "tags": { "area": "yes", "waterway": "dam" } }, "geometry": { "type": "Point", "coordinates": [ 79.132071316508771, 29.395375244167521 ] } },
{ "type": "Feature", "properties": { "name": "(unnamed)", "kind": "Dam", "score": 11, "dedup_count": 5, "label_rank": 11, "tags": { "waterway": "dam" } }, "geometry": { "type": "Point", "coordinates": [ 80.207751061977802, 23.108478139147365 ] } },
{ "type": "Feature", "properties": { "name": "(unnamed)", "kind": "Dam", "score": 11, "dedup_count": 4, "label_rank": 11, "tags": { "waterway": "dam" } }, "geometry": { "type": "Point", "coordinates": [ 60.742087512499999, 28.708196567031337 ] } },
{ "type": "Feature", "properties": { "name": "(unnamed)", "kind": "Dam", "score": 11, "dedup_count": 4, "label_rank": 11, "tags": { "waterway": "dam" } }, "geometry": { "type": "Point", "coordinates": [ 60.769073155888144, 25.7659653825364 ] } },
{ "type": "Feature", "properties": { "name": "(unnamed)", "kind": "Dam", "score": 11, "dedup_count": 4, "label_rank": 11, "tags": { "waterway": "dam" } }, "geometry": { "type": "Point", "coordinates": [ 61.366173387499998, 26.58497498651117 ] } },
{ "type": "Feature", "properties": { "name": "(unnamed)", "kind": "Dam", "score": 11, "dedup_count": 4, "label_rank": 11, "tags": { "waterway": "dam" } }, "geometry": { "type": "Point", "coordinates": [ 61.071592656045397, 27.684859210782164 ] } },
{ "type": "Feature", "properties": { "name": "(unnamed)", "kind": "Dam", "score": 11, "dedup_count": 4, "label_rank": 11, "tags": { "source": "Bing", "waterway": "dam" } }, "geometry": { "type": "Point", "coordinates": [ 62.184090087499989, 27.489198178769936 ] } },
{ "type": "Feature", "properties": { "name": "(unnamed)", "kind": "Dam", "score": 11, "dedup_count": 4, "label_rank": 11, "tags": { "waterway": "dam" } }, "geometry": { "type": "Point", "coordinates": [ 63.167586693041933, 26.654956950868499 ] } },
{ "type": "Feature", "properties": { "name": "(unnamed)", "kind": "Dam", "score": 11, "dedup_count": 4, "label_rank": 11, "tags": { "material": "soil", "waterway": "dam" } }, "geometry": { "type": "Point", "coordinates": [ 63.009746732115637, 26.798965100182674 ] } },
{ "type": "Feature", "properties": { "name": "(unnamed)", "kind": "Dam", "score": 11, "dedup_count": 4, "label_rank": 11, "tags": { "waterway": "dam" } }, "geometry": { "type": "Point", "coordinates": [ 63.271051001570648, 26.819381226610165 ] } },
{ "type": "Feature", "properties": { "name": "(unnamed)", "kind": "Dam", "score": 11, "dedup_count": 4, "label_rank": 11, "tags": { "surface": "unpaved", "waterway": "dam" } }, "geometry": { "type": "Point", "coordinates": [ 62.404921669567791, 34.270612975871138 ] } },
{ "type": "Feature", "properties": { "name": "(unnamed)", "kind": "Dam", "score": 11, "dedup_count": 4, "label_rank": 11, "tags": { "waterway": "dam" } }, "geometry": { "type": "Point", "coordinates": [ 64.116998636994737, 29.627997486344636 ] } },
{ "type": "Feature", "properties": { "name": "(unnamed)", "kind": "Dam", "score": 11, "dedup_count": 4, "label_rank": 11, "tags": { "waterway": "dam" } }, "geometry": { "type": "Point", "coordinates": [ 66.528277752111194, 30.846833664092035 ] } },
{ "type": "Feature", "properties": { "name": "(unnamed)", "kind": "Dam", "score": 11, "dedup_count": 4, "label_rank": 11, "tags": { "waterway": "dam" } }, "geometry": { "type": "Point", "coordinates": [ 66.854930172257937, 30.314861459611564 ] } },
{ "type": "Feature", "properties": { "name": "(unnamed)", "kind": "Dam", "score": 11, "dedup_count": 4, "label_rank": 11, "tags": { "waterway": "dam" } }, "geometry": { "type": "Point", "coordinates": [ 66.905197814598125, 30.885784040658166 ] } },
{ "type": "Feature", "properties": { "name": "(unnamed)", "kind": "Dam", "score": 11, "dedup_count": 4, "label_rank": 11, "tags": { "waterway": "dam" } }, "geometry": { "type": "Point", "coordinates": [ 66.64457582290818, 30.925495808983296 ] } },
{ "type": "Feature", "properties": { "name": "(unnamed)", "kind": "Dam", "score": 11, "dedup_count": 4, "label_rank": 11, "tags": { "waterway": "dam" } }, "geometry": { "type": "Point", "coordinates": [ 67.18557041848149, 30.779091856044765 ] } },
{ "type": "Feature", "properties": { "name": "(unnamed)", "kind": "Dam", "score": 11, "dedup_count": 4, "label_rank": 11, "tags": { "waterway": "dam" } }, "geometry": { "type": "Point", "coordinates": [ 67.8690995, 28.263316605500211 ] } },
{ "type": "Feature", "properties": { "name": "(unnamed)", "kind": "Dam", "score": 11, "dedup_count": 4, "label_rank": 11, "tags": { "area": "no", "waterway": "dam" } }, "geometry": { "type": "Point", "coordinates": [ 67.552394178538108, 31.285760861168555 ] } },
{ "type": "Feature", "properties": { "name": "(unnamed)", "kind": "Dam", "score": 11, "dedup_count": 4, "label_rank": 11, "tags": { "waterway": "dam" } }, "geometry": { "type": "Point", "coordinates": [ 68.153216999554218, 37.171690354870613 ] } },
{ "type": "Feature", "properties": { "name": "(unnamed)", "kind": "Dam", "score": 11, "dedup_count": 4, "label_rank": 11, "tags": { "waterway": "dam" } }, "geometry": { "type": "Point", "coordinates": [ 68.524715946201923, 37.554687628168139 ] } },
{ "type": "Feature", "properties": { "name": "(unnamed)", "kind": "Dam", "score": 11, "dedup_count": 4, "label_rank": 11, "tags": { "waterway": "dam" } }, "geometry": { "type": "Point", "coordinates": [ 68.640825194627368, 37.650343326274175 ] } },
{ "type": "Feature", "properties": { "name": "(unnamed)", "kind": "Dam", "score": 11, "dedup_count": 4, "label_rank": 11, "tags": { "waterway": "dam" } }, "geometry": { "type": "Point", "coordinates": [ 69.714078087546881, 28.419649592384804 ] } },
{ "type": "Feature", "properties": { "name": "(unnamed)", "kind": "Dam", "score": 11, "dedup_count": 4, "label_rank": 11, "tags": { "waterway": "dam" } }, "geometry": { "type": "Point", "coordinates": [ 71.400680479242922, 34.168851549129073 ] } },
{ "type": "Feature", "properties": { "name": "(unnamed)", "kind": "Dam", "score": 11, "dedup_count": 4, "label_rank": 11, "tags": { "material": "soil", "waterway": "dam" } }, "geometry": { "type": "Point", "coordinates": [ 72.629179928804504, 33.472755336719516 ] } },
{ "type": "Feature", "properties": { "name": "(unnamed)", "kind": "Dam", "score": 11, "dedup_count": 4, "label_rank": 11, "tags": { "waterway": "dam" } }, "geometry": { "type": "Point", "coordinates": [ 73.47537498338761, 25.13298376514296 ] } },
{ "type": "Feature", "properties": { "name": "(unnamed)", "kind": "Dam", "score": 11, "dedup_count": 4, "label_rank": 11, "tags": { "waterway": "dam" } }, "geometry": { "type": "Point", "coordinates": [ 73.777452919136024, 25.536510398525653 ] } },
{ "type": "Feature", "properties": { "name": "(unnamed)", "kind": "Dam", "score": 11, "dedup_count": 4, "label_rank": 11, "tags": { "waterway": "dam" } }, "geometry": { "type": "Point", "coordinates": [ 74.293412439580322, 32.359910743655995 ] } },
{ "type": "Feature", "properties": { "name": "(unnamed)", "kind": "Dam", "score": 11, "dedup_count": 4, "label_rank": 11, "tags": { "waterway": "dam" } }, "geometry": { "type": "Point", "coordinates": [ 75.153942961327232, 23.108420784478785 ] } },
{ "type": "Feature", "properties": { "name": "(unnamed)", "kind": "Dam", "score": 11, "dedup_count": 4, "label_rank": 11, "tags": { "waterway": "dam" } }, "geometry": { "type": "Point", "coordinates": [ 76.538857343436817, 26.093549685363779 ] } },
{ "type": "Feature", "properties": { "name": "(unnamed)", "kind": "Dam", "score": 11, "dedup_count": 4, "label_rank": 11, "tags": { "waterway": "dam" } }, "geometry": { "type": "Point", "coordinates": [ 76.345685345577408, 27.088792679451771 ] } },
{ "type": "Feature", "properties": { "name": "(unnamed)", "kind": "Dam", "score": 11, "dedup_count": 4, "label_rank": 11, "tags": { "waterway": "dam" } }, "geometry": { "type": "Point", "coordinates": [ 76.709787554132305, 29.414501778181055 ] } },
{ "type": "Feature", "properties": { "name": "(unnamed)", "kind": "Dam", "score": 11, "dedup_count": 4, "label_rank": 11, "tags": { "waterway": "dam" } }, "geometry": { "type": "Point", "coordinates": [ 77.038055043114667, 30.653377065654741 ] } },
{ "type": "Feature", "properties": { "name": "(unnamed)", "kind": "Dam", "score": 11, "dedup_count": 4, "label_rank": 11, "tags": { "waterway": "dam" } }, "geometry": { "type": "Point", "coordinates": [ 79.144299041673918, 24.633552665329191 ] } },
{ "type": "Feature", "properties": { "name": "Jagran Dam", "kind": "Dam", "score": 11, "dedup_count": 3, "label_rank": 11, "tags": { "name": "Jagran Dam", "waterway": "dam" } }, "geometry": { "type": "Point", "coordinates": [ 73.830539512329665, 34.550695970500279 ] } },
{ "type": "Feature", "properties": { "name": "Mushkaf Flood Irrigation Scheme", "kind": "Dam", "score": 11, "dedup_count": 3, "label_rank": 11, "tags": { "name": "سیالب کی آبپاشی کا منصوبہ", "name:en": "Mushkaf Flood Irrigation Scheme", "waterway": "dam" } }, "geometry": { "type": "Point", "coordinates": [ 67.71372933479077, 29.583227133728258 ] } },
{ "type": "Feature", "properties": { "name": "(unnamed)", "kind": "Dam", "score": 11, "dedup_count": 3, "label_rank": 11, "tags": { "waterway": "dam" } }, "geometry": { "type": "Point", "coordinates": [ 60.296425996223348, 25.782436365756766 ] } },
{ "type": "Feature", "properties": { "name": "(unnamed)", "kind": "Dam", "score": 11, "dedup_count": 3, "label_rank": 11, "tags": { "waterway": "dam" } }, "geometry": { "type": "Point", "coordinates": [ 60.627610744598343, 27.22429703411683 ] } },
{ "type": "Feature", "properties": { "name": "(unnamed)", "kind": "Dam", "score": 11, "dedup_count": 3, "label_rank": 11, "tags": { "waterway": "dam" } }, "geometry": { "type": "Point", "coordinates": [ 60.6848846, 28.902319721406318 ] } },
{ "type": "Feature", "properties": { "name": "(unnamed)", "kind": "Dam", "score": 11, "dedup_count": 3, "label_rank": 11, "tags": { "waterway": "dam" } }, "geometry": { "type": "Point", "coordinates": [ 60.773161945310825, 25.806235179580316 ] } },
{ "type": "Feature", "properties": { "name": "(unnamed)", "kind": "Dam", "score": 11, "dedup_count": 3, "label_rank": 11, "tags": { "material": "soil", "waterway": "dam" } }, "geometry": { "type": "Point", "coordinates": [ 61.045309204945603, 26.003168275804473 ] } },
{ "type": "Feature", "properties": { "name": "(unnamed)", "kind": "Dam", "score": 11, "dedup_count": 3, "label_rank": 11, "tags": { "area": "yes", "waterway": "dam" } }, "geometry": { "type": "Point", "coordinates": [ 61.274215224567001, 27.832842567386773 ] } },
{ "type": "Feature", "properties": { "name": "(unnamed)", "kind": "Dam", "score": 11, "dedup_count": 3, "label_rank": 11, "tags": { "waterway": "dam" } }, "geometry": { "type": "Point", "coordinates": [ 61.290798337136231, 27.987707392914455 ] } },
{ "type": "Feature", "properties": { "name": "(unnamed)", "kind": "Dam", "score": 11, "dedup_count": 3, "label_rank": 11, "tags": { "waterway": "dam" } }, "geometry": { "type": "Point", "coordinates": [ 60.806693033333332, 28.69193732038687 ] } },
{ "type": "Feature", "properties": { "name": "(unnamed)", "kind": "Dam", "score": 11, "dedup_count": 3, "label_rank": 11, "tags": { "area": "yes", "waterway": "dam" } }, "geometry": { "type": "Point", "coordinates": [ 60.871828642026763, 30.108241832396796 ] } },
{ "type": "Feature", "properties": { "name": "(unnamed)", "kind": "Dam", "score": 11, "dedup_count": 3, "label_rank": 11, "tags": { "waterway": "dam" } }, "geometry": { "type": "Point", "coordinates": [ 61.824774782995192, 25.040227913532235 ] } },
{ "type": "Feature", "properties": { "name": "(unnamed)", "kind": "Dam", "score": 11, "dedup_count": 3, "label_rank": 11, "tags": { "waterway": "dam" } }, "geometry": { "type": "Point", "coordinates": [ 61.49570370214294, 25.86663684894722 ] } },
{ "type": "Feature", "properties": { "name": "(unnamed)", "kind": "Dam", "score": 11, "dedup_count": 3, "label_rank": 11, "tags": { "material": "soil", "waterway": "dam" } }, "geometry": { "type": "Point", "coordinates": [ 61.756281407524057, 26.90638116100379 ] } },
{ "type": "Feature", "properties": { "name": "(unnamed)", "kind": "Dam", "score": 11, "dedup_count": 3, "label_rank": 11, "tags": { "waterway": "dam" } }, "geometry": { "type": "Point", "coordinates": [ 61.901213399939905, 27.082865453345903 ] } },
{ "type": "Feature", "properties": { "name": "(unnamed)", "kind": "Dam", "score": 11, "dedup_count": 3, "label_rank": 11, "tags": { "waterway": "dam" } }, "geometry": { "type": "Point", "coordinates": [ 62.945530804934805, 26.645671247111796 ] } },
{ "type": "Feature", "properties": { "name": "(unnamed)", "kind": "Dam", "score": 11, "dedup_count": 3, "label_rank": 11, "tags": { "material": "sand", "waterway": "dam" } }, "geometry": { "type": "Point", "coordinates": [ 62.993736728803356, 26.671162325888339 ] } },
{ "type": "Feature", "properties": { "name": "(unnamed)", "kind": "Dam", "score": 11, "dedup_count": 3, "label_rank": 11, "tags": { "waterway": "dam" } }, "geometry": { "type": "Point", "coordinates": [ 63.169714778848665, 26.686885585986751 ] } },
{ "type": "Feature", "properties": { "name": "(unnamed)", "kind": "Dam", "score": 11, "dedup_count": 3, "label_rank": 11, "tags": { "material": "soil", "waterway": "dam" } }, "geometry": { "type": "Point", "coordinates": [ 62.897607885011297, 26.720874845147268 ] } },
{ "type": "Feature", "properties": { "name": "(unnamed)", "kind": "Dam", "score": 11, "dedup_count": 3, "label_rank": 11, "tags": { "waterway": "dam" } }, "geometry": { "type": "Point", "coordinates": [ 62.316542709981078, 27.576912652418077 ] } },
{ "type": "Feature", "properties": { "name": "(unnamed)", "kind": "Dam", "score": 11, "dedup_count": 3, "label_rank": 11, "tags": { "waterway": "dam" } }, "geometry": { "type": "Point", "coordinates": [ 64.173137774439311, 27.066475984346923 ] } },
{ "type": "Feature", "properties": { "name": "(unnamed)", "kind": "Dam", "score": 11, "dedup_count": 3, "label_rank": 11, "tags": { "waterway": "dam" } }, "geometry": { "type": "Point", "coordinates": [ 64.305989879476883, 27.085712079515716 ] } },
{ "type": "Feature", "properties": { "name": "(unnamed)", "kind": "Dam", "score": 11, "dedup_count": 3, "label_rank": 11, "tags": { "waterway": "dam" } }, "geometry": { "type": "Point", "coordinates": [ 64.130581297554357, 29.676576298396576 ] } },
{ "type": "Feature", "properties": { "name": "(unnamed)", "kind": "Dam", "score": 11, "dedup_count": 3, "label_rank": 11, "tags": { "waterway": "dam" } }, "geometry": { "type": "Point", "coordinates": [ 65.877764722851254, 31.861898400060461 ] } },
{ "type": "Feature", "properties": { "name": "(unnamed)", "kind": "Dam", "score": 11, "dedup_count": 3, "label_rank": 11, "tags": { "waterway": "dam" } }, "geometry": { "type": "Point", "coordinates": [ 66.5747699, 29.033408753707 ] } },
{ "type": "Feature", "properties": { "name": "(unnamed)", "kind": "Dam", "score": 11, "dedup_count": 3, "label_rank": 11, "tags": { "waterway": "dam" } }, "geometry": { "type": "Point", "coordinates": [ 66.785807045741109, 30.731705083029471 ] } },
{ "type": "Feature", "properties": { "name": "(unnamed)", "kind": "Dam", "score": 11, "dedup_count": 3, "label_rank": 11, "tags": { "waterway": "dam" } }, "geometry": { "type": "Point", "coordinates": [ 66.973734580702555, 30.793821702150193 ] } },
{ "type": "Feature", "properties": { "name": "(unnamed)", "kind": "Dam", "score": 11, "dedup_count": 3, "label_rank": 11, "tags": { "waterway": "dam" } }, "geometry": { "type": "Point", "coordinates": [ 66.846508678038973, 30.894112576343389 ] } },
{ "type": "Feature", "properties": { "name": "(unnamed)", "kind": "Dam", "score": 11, "dedup_count": 3, "label_rank": 11, "tags": { "waterway": "dam" } }, "geometry": { "type": "Point", "coordinates": [ 66.66916944704856, 30.916054855612749 ] } },
{ "type": "Feature", "properties": { "name": "(unnamed)", "kind": "Dam", "score": 11, "dedup_count": 3, "label_rank": 11, "tags": { "waterway": "dam" } }, "geometry": { "type": "Point", "coordinates": [ 66.700994944824075, 30.926207539969962 ] } },
{ "type": "Feature", "properties": { "name": "(unnamed)", "kind": "Dam", "score": 11, "dedup_count": 3, "label_rank": 11, "tags": { "waterway": "dam" } }, "geometry": { "type": "Point", "coordinates": [ 66.815225633333341, 36.68955776298683 ] } },
{ "type": "Feature", "properties": { "name": "(unnamed)", "kind": "Dam", "score": 11, "dedup_count": 3, "label_rank": 11, "tags": { "waterway": "dam" } }, "geometry": { "type": "Point", "coordinates": [ 67.42445167543886, 25.881379798053199 ] } },
{ "type": "Feature", "properties": { "name": "(unnamed)", "kind": "Dam", "score": 11, "dedup_count": 3, "label_rank": 11, "tags": { "waterway": "dam" } }, "geometry": { "type": "Point", "coordinates": [ 67.302517046796083, 26.839935314667944 ] } },
{ "type": "Feature", "properties": { "name": "(unnamed)", "kind": "Dam", "score": 11, "dedup_count": 3, "label_rank": 11, "tags": { "waterway": "dam" } }, "geometry": { "type": "Point", "coordinates": [ 67.39630393260272, 31.215563225783022 ] } },
{ "type": "Feature", "properties": { "name": "(unnamed)", "kind": "Dam", "score": 11, "dedup_count": 3, "label_rank": 11, "tags": { "waterway": "dam" } }, "geometry": { "type": "Point", "coordinates": [ 67.118184340750261, 31.298875210351966 ] } },
{ "type": "Feature", "properties": { "name": "(unnamed)", "kind": "Dam", "score": 11, "dedup_count": 3, "label_rank": 11, "tags": { "waterway": "dam" } }, "geometry": { "type": "Point", "coordinates": [ 67.252312135416545, 31.510203460629544 ] } },
{ "type": "Feature", "properties": { "name": "(unnamed)", "kind": "Dam", "score": 11, "dedup_count": 3, "label_rank": 11, "tags": { "waterway": "dam" } }, "geometry": { "type": "Point", "coordinates": [ 67.130600927561161, 31.6873414662826 ] } },
{ "type": "Feature", "properties": { "name": "(unnamed)", "kind": "Dam", "score": 11, "dedup_count": 3, "label_rank": 11, "tags": { "waterway": "dam" } }, "geometry": { "type": "Point", "coordinates": [ 67.816833034017719, 29.439210257775873 ] } },
{ "type": "Feature", "properties": { "name": "(unnamed)", "kind": "Dam", "score": 11, "dedup_count": 3, "label_rank": 11, "tags": { "waterway": "dam" } }, "geometry": { "type": "Point", "coordinates": [ 68.096102466542234, 37.058375159918874 ] } },
{ "type": "Feature", "properties": { "name": "(unnamed)", "kind": "Dam", "score": 11, "dedup_count": 3, "label_rank": 11, "tags": { "waterway": "dam" } }, "geometry": { "type": "Point", "coordinates": [ 68.146642563649863, 37.313335950611688 ] } },
{ "type": "Feature", "properties": { "name": "(unnamed)", "kind": "Dam", "score": 11, "dedup_count": 3, "label_rank": 11, "tags": { "waterway": "dam" } }, "geometry": { "type": "Point", "coordinates": [ 68.153031178627032, 37.396567268957696 ] } },
{ "type": "Feature", "properties": { "name": "(unnamed)", "kind": "Dam", "score": 11, "dedup_count": 3, "label_rank": 11, "tags": { "waterway": "dam" } }, "geometry": { "type": "Point", "coordinates": [ 68.149578863413268, 37.459819950319968 ] } },
{ "type": "Feature", "properties": { "name": "(unnamed)", "kind": "Dam", "score": 11, "dedup_count": 3, "label_rank": 11, "tags": { "waterway": "dam" } }, "geometry": { "type": "Point", "coordinates": [ 69.561798805087079, 23.016758829148873 ] } },
{ "type": "Feature", "properties": { "name": "(unnamed)", "kind": "Dam", "score": 11, "dedup_count": 3, "label_rank": 11, "tags": { "waterway": "dam" } }, "geometry": { "type": "Point", "coordinates": [ 69.403660110572758, 29.344733194012271 ] } },
{ "type": "Feature", "properties": { "name": "(unnamed)", "kind": "Dam", "score": 11, "dedup_count": 3, "label_rank": 11, "tags": { "source": "Bing", "waterway": "dam" } }, "geometry": { "type": "Point", "coordinates": [ 70.763073845591606, 24.308514518174317 ] } },
{ "type": "Feature", "properties": { "name": "(unnamed)", "kind": "Dam", "score": 11, "dedup_count": 3, "label_rank": 11, "tags": { "area": "yes", "waterway": "dam" } }, "geometry": { "type": "Point", "coordinates": [ 70.746445350227916, 24.36385689285164 ] } },
{ "type": "Feature", "properties": { "name": "(unnamed)", "kind": "Dam", "score": 11, "dedup_count": 3, "label_rank": 11, "tags": { "waterway": "dam" } }, "geometry": { "type": "Point", "coordinates": [ 70.33352418137045, 29.522759441957636 ] } },
{ "type": "Feature", "properties": { "name": "(unnamed)", "kind": "Dam", "score": 11, "dedup_count": 3, "label_rank": 11, "tags": { "waterway": "dam" } }, "geometry": { "type": "Point", "coordinates": [ 70.080720532154601, 32.15079383724057 ] } },
{ "type": "Feature", "properties": { "name": "(unnamed)", "kind": "Dam", "score": 11, "dedup_count": 3, "label_rank": 11, "tags": { "waterway": "dam" } }, "geometry": { "type": "Point", "coordinates": [ 71.990458060055616, 35.92015420486036 ] } },
{ "type": "Feature", "properties": { "name": "(unnamed)", "kind": "Dam", "score": 11, "dedup_count": 3, "label_rank": 11, "tags": { "waterway": "dam" } }, "geometry": { "type": "Point", "coordinates": [ 72.656829829290402, 33.451868217306199 ] } },
{ "type": "Feature", "properties": { "name": "(unnamed)", "kind": "Dam", "score": 11, "dedup_count": 3, "label_rank": 11, "tags": { "area": "yes", "waterway": "dam" } }, "geometry": { "type": "Point", "coordinates": [ 72.928964131935103, 33.804333367801846 ] } },
{ "type": "Feature", "properties": { "name": "(unnamed)", "kind": "Dam", "score": 11, "dedup_count": 3, "label_rank": 11, "tags": { "waterway": "dam" } }, "geometry": { "type": "Point", "coordinates": [ 73.341468323588401, 25.181649160096278 ] } },
{ "type": "Feature", "properties": { "name": "(unnamed)", "kind": "Dam", "score": 11, "dedup_count": 3, "label_rank": 11, "tags": { "waterway": "dam" } }, "geometry": { "type": "Point", "coordinates": [ 73.221266780991158, 25.189962715941331 ] } },
{ "type": "Feature", "properties": { "name": "(unnamed)", "kind": "Dam", "score": 11, "dedup_count": 3, "label_rank": 11, "tags": { "waterway": "dam" } }, "geometry": { "type": "Point", "coordinates": [ 73.692231430909487, 25.488473654293902 ] } },
{ "type": "Feature", "properties": { "name": "(unnamed)", "kind": "Dam", "score": 11, "dedup_count": 3, "label_rank": 11, "tags": { "waterway": "dam" } }, "geometry": { "type": "Point", "coordinates": [ 73.75817736669444, 25.614401155849333 ] } },
{ "type": "Feature", "properties": { "name": "(unnamed)", "kind": "Dam", "score": 11, "dedup_count": 3, "label_rank": 11, "tags": { "waterway": "dam" } }, "geometry": { "type": "Point", "coordinates": [ 74.509040539925536, 23.537617622044255 ] } },
{ "type": "Feature", "properties": { "name": "(unnamed)", "kind": "Dam", "score": 11, "dedup_count": 3, "label_rank": 11, "tags": { "waterway": "dam" } }, "geometry": { "type": "Point", "coordinates": [ 74.540354292185995, 26.412815179345753 ] } },
{ "type": "Feature", "properties": { "name": "(unnamed)", "kind": "Dam", "score": 11, "dedup_count": 3, "label_rank": 11, "tags": { "waterway": "dam" } }, "geometry": { "type": "Point", "coordinates": [ 74.231118685698618, 26.452091059441507 ] } },
{ "type": "Feature", "properties": { "name": "(unnamed)", "kind": "Dam", "score": 11, "dedup_count": 3, "label_rank": 11, "tags": { "waterway": "dam" } }, "geometry": { "type": "Point", "coordinates": [ 74.64149123333334, 34.440590290471384 ] } },
{ "type": "Feature", "properties": { "name": "(unnamed)", "kind": "Dam", "score": 11, "dedup_count": 3, "label_rank": 11, "tags": { "waterway": "dam" } }, "geometry": { "type": "Point", "coordinates": [ 73.829244383333332, 35.440685533467139 ] } },
{ "type": "Feature", "properties": { "name": "(unnamed)", "kind": "Dam", "score": 11, "dedup_count": 3, "label_rank": 11, "tags": { "waterway": "dam" } }, "geometry": { "type": "Point", "coordinates": [ 75.601933446805759, 32.369879478970887 ] } },
{ "type": "Feature", "properties": { "name": "(unnamed)", "kind": "Dam", "score": 11, "dedup_count": 3, "label_rank": 11, "tags": { "waterway": "dam" } }, "geometry": { "type": "Point", "coordinates": [ 75.640014939981128, 35.248484883727528 ] } },
{ "type": "Feature", "properties": { "name": "(unnamed)", "kind": "Dam", "score": 11, "dedup_count": 3, "label_rank": 11, "tags": { "waterway": "dam" } }, "geometry": { "type": "Point", "coordinates": [ 76.956378223448638, 29.691646589105726 ] } },
{ "type": "Feature", "properties": { "name": "(unnamed)", "kind": "Dam", "score": 11, "dedup_count": 3, "label_rank": 11, "tags": { "waterway": "dam" } }, "geometry": { "type": "Point", "coordinates": [ 76.843689666666677, 32.037942942666994 ] } },
{ "type": "Feature", "properties": { "name": "(unnamed)", "kind": "Dam", "score": 11, "dedup_count": 3, "label_rank": 11, "tags": { "waterway": "dam" } }, "geometry": { "type": "Point", "coordinates": [ 77.409633033333321, 26.240929716909932 ] } },
{ "type": "Feature", "properties": { "name": "(unnamed)", "kind": "Dam", "score": 11, "dedup_count": 3, "label_rank": 11, "tags": { "waterway": "dam" } }, "geometry": { "type": "Point", "coordinates": [ 77.439460992191258, 26.243486098028761 ] } },
{ "type": "Feature", "properties": { "name": "(unnamed)", "kind": "Dam", "score": 11, "dedup_count": 3, "label_rank": 11, "tags": { "waterway": "dam" } }, "geometry": { "type": "Point", "coordinates": [ 77.394764633333324, 30.215595567057324 ] } },
{ "type": "Feature", "properties": { "name": "(unnamed)", "kind": "Dam", "score": 11, "dedup_count": 3, "label_rank": 11, "tags": { "waterway": "dam" } }, "geometry": { "type": "Point", "coordinates": [ 78.468196683894192, 23.308210826707167 ] } },
{ "type": "Feature", "properties": { "name": "(unnamed)", "kind": "Dam", "score": 11, "dedup_count": 3, "label_rank": 11, "tags": { "source": "BingSat", "waterway": "dam" } }, "geometry": { "type": "Point", "coordinates": [ 80.431428077350517, 23.377550848807132 ] } },
{ "type": "Feature", "properties": { "name": "BaranDam", "kind": "Dam", "score": 11, "dedup_count": 2, "label_rank": 11, "tags": { "alt_name": "Kurram Garhi", "name": "BaranDam", "operator": "WAPDA", "waterway": "dam" } }, "geometry": { "type": "Point", "coordinates": [ 70.506892461359229, 33.015024362288123 ] } },
{ "type": "Feature", "properties": { "name": "دسرخ آب داوبو بند", "kind": "Dam", "score": 11, "dedup_count": 2, "label_rank": 11, "tags": { "name": "دسرخ آب داوبو بند", "water": "reservoir", "waterway": "dam" } }, "geometry": { "type": "Point", "coordinates": [ 69.223135665754015, 34.140438421528593 ] } },
{ "type": "Feature", "properties": { "name": "Tarbela Auxiliary Dam 1", "kind": "Dam", "score": 11, "dedup_count": 2, "label_rank": 11, "tags": { "name": "Tarbela Auxiliary Dam 1", "waterway": "dam" } }, "geometry": { "type": "Point", "coordinates": [ 72.727570549475502, 34.083000008298775 ] } },
{ "type": "Feature", "properties": { "name": "Head Balloki", "kind": "Dam", "score": 11, "dedup_count": 2, "label_rank": 11, "tags": { "name": "Head Balloki", "waterway": "dam" } }, "geometry": { "type": "Point", "coordinates": [ 73.858236271860847, 31.224051670062352 ] } },
{ "type": "Feature", "properties": { "name": "Kaitu Dam", "kind": "Dam", "score": 11, "dedup_count": 2, "label_rank": 11, "tags": { "material": "concrete", "name": "Kaitu Dam", "waterway": "dam" } }, "geometry": { "type": "Point", "coordinates": [ 70.399742275, 33.17053760008735 ] } },
{ "type": "Feature", "properties": { "name": "Koto Dam", "kind": "Dam", "score": 11, "dedup_count": 2, "label_rank": 11, "tags": { "name": "Koto Dam", "waterway": "dam" } }, "geometry": { "type": "Point", "coordinates": [ 71.916141865895582, 34.863198216772425 ] } },
{ "type": "Feature", "properties": { "name": "Matatila Dam", "kind": "Dam", "score": 11, "dedup_count": 2, "label_rank": 11, "tags": { "name": "Matatila Dam", "waterway": "dam" } }, "geometry": { "type": "Point", "coordinates": [ 78.369571390565525, 25.100908148703191 ] } },
{ "type": "Feature", "properties": { "name": "Nari Wah", "kind": "Dam", "score": 11, "dedup_count": 2, "label_rank": 11, "tags": { "name": "Nari Wah", "waterway": "dam" } }, "geometry": { "type": "Point", "coordinates": [ 67.888071672255663, 29.660822499067578 ] } },
{ "type": "Feature", "properties": { "name": "(unnamed)", "kind": "Dam", "score": 11, "dedup_count": 2, "label_rank": 11, "tags": { "waterway": "dam" } }, "geometry": { "type": "Point", "coordinates": [ 60.344502775, 25.68494203415376 ] } },
{ "type": "Feature", "properties": { "name": "(unnamed)", "kind": "Dam", "score": 11, "dedup_count": 2, "label_rank": 11, "tags": { "waterway": "dam" } }, "geometry": { "type": "Point", "coordinates": [ 60.40017205, 25.711606735250651 ] } },
{ "type": "Feature", "properties": { "name": "(unnamed)", "kind": "Dam", "score": 11, "dedup_count": 2, "label_rank": 11, "tags": { "waterway": "dam" } }, "geometry": { "type": "Point", "coordinates": [ 60.680292475, 26.221577977767158 ] } },
{ "type": "Feature", "properties": { "name": "(unnamed)", "kind": "Dam", "score": 11, "dedup_count": 2, "label_rank": 11, "tags": { "waterway": "dam" } }, "geometry": { "type": "Point", "coordinates": [ 60.590052975, 26.227536605317649 ] } },
{ "type": "Feature", "properties": { "name": "(unnamed)", "kind": "Dam", "score": 11, "dedup_count": 2, "label_rank": 11, "tags": { "waterway": "dam" } }, "geometry": { "type": "Point", "coordinates": [ 60.686898375, 26.235613656906175 ] } },
{ "type": "Feature", "properties": { "name": "(unnamed)", "kind": "Dam", "score": 11, "dedup_count": 2, "label_rank": 11, "tags": { "waterway": "dam" } }, "geometry": { "type": "Point", "coordinates": [ 60.220537725, 26.236852275122438 ] } },
{ "type": "Feature", "properties": { "name": "(unnamed)", "kind": "Dam", "score": 11, "dedup_count": 2, "label_rank": 11, "tags": { "waterway": "dam" } }, "geometry": { "type": "Point", "coordinates": [ 60.4753221, 26.52455976159446 ] } },
{ "type": "Feature", "properties": { "name": "(unnamed)", "kind": "Dam", "score": 11, "dedup_count": 2, "label_rank": 11, "tags": { "waterway": "dam" } }, "geometry": { "type": "Point", "coordinates": [ 60.606519915488732, 27.256130204255903 ] } },
{ "type": "Feature", "properties": { "name": "(unnamed)", "kind": "Dam", "score": 11, "dedup_count": 2, "label_rank": 11, "tags": { "waterway": "dam" } }, "geometry": { "type": "Point", "coordinates": [ 60.722327233278804, 27.348779377000827 ] } },
{ "type": "Feature", "properties": { "name": "(unnamed)", "kind": "Dam", "score": 11, "dedup_count": 2, "label_rank": 11, "tags": { "waterway": "dam" } }, "geometry": { "type": "Point", "coordinates": [ 60.725811724999986, 28.673772575313567 ] } },
{ "type": "Feature", "properties": { "name": "(unnamed)", "kind": "Dam", "score": 11, "dedup_count": 2, "label_rank": 11, "tags": { "waterway": "dam" } }, "geometry": { "type": "Point", "coordinates": [ 60.695458875, 28.702590506037218 ] } },
{ "type": "Feature", "properties": { "name": "(unnamed)", "kind": "Dam", "score": 11, "dedup_count": 2, "label_rank": 11, "tags": { "waterway": "dam" } }, "geometry": { "type": "Point", "coordinates": [ 60.336993373780345, 29.974125847377213 ] } },
{ "type": "Feature", "properties": { "name": "(unnamed)", "kind": "Dam", "score": 11, "dedup_count": 2, "label_rank": 11, "tags": { "waterway": "dam" } }, "geometry": { "type": "Point", "coordinates": [ 60.627245975, 30.12619652955895 ] } },
{ "type": "Feature", "properties": { "name": "(unnamed)", "kind": "Dam", "score": 11, "dedup_count": 2, "label_rank": 11, "tags": { "waterway": "dam" } }, "geometry": { "type": "Point", "coordinates": [ 60.046948644917741, 30.563806950305079 ] } },
{ "type": "Feature", "properties": { "name": "(unnamed)", "kind": "Dam", "score": 11, "dedup_count": 2, "label_rank": 11, "tags": { "waterway": "dam" } }, "geometry": { "type": "Point", "coordinates": [ 60.521191350272161, 30.791329653783734 ] } },
{ "type": "Feature", "properties": { "name": "(unnamed)", "kind": "Dam", "score": 11, "dedup_count": 2, "label_rank": 11, "tags": { "waterway": "dam" } }, "geometry": { "type": "Point", "coordinates": [ 60.530126425, 30.883718233441279 ] } },
{ "type": "Feature", "properties": { "name": "(unnamed)", "kind": "Dam", "score": 11, "dedup_count": 2, "label_rank": 11, "tags": { "waterway": "dam" } }, "geometry": { "type": "Point", "coordinates": [ 60.184094833423202, 36.248478051951189 ] } },
{ "type": "Feature", "properties": { "name": "(unnamed)", "kind": "Dam", "score": 11, "dedup_count": 2, "label_rank": 11, "tags": { "waterway": "dam" } }, "geometry": { "type": "Point", "coordinates": [ 60.578450348666465, 36.482662845386152 ] } },
{ "type": "Feature", "properties": { "name": "(unnamed)", "kind": "Dam", "score": 11, "dedup_count": 2, "label_rank": 11, "tags": { "waterway": "dam" } }, "geometry": { "type": "Point", "coordinates": [ 60.968703733382668, 25.228776527840083 ] } },
{ "type": "Feature", "properties": { "name": "(unnamed)", "kind": "Dam", "score": 11, "dedup_count": 2, "label_rank": 11, "tags": { "waterway": "dam" } }, "geometry": { "type": "Point", "coordinates": [ 61.10732841364009, 26.001700890042429 ] } },
{ "type": "Feature", "properties": { "name": "(unnamed)", "kind": "Dam", "score": 11, "dedup_count": 2, "label_rank": 11, "tags": { "waterway": "dam" } }, "geometry": { "type": "Point", "coordinates": [ 61.100850136140529, 26.055335800251854 ] } },
{ "type": "Feature", "properties": { "name": "(unnamed)", "kind": "Dam", "score": 11, "dedup_count": 2, "label_rank": 11, "tags": { "waterway": "dam" } }, "geometry": { "type": "Point", "coordinates": [ 61.396610575, 26.598578753063475 ] } },
{ "type": "Feature", "properties": { "name": "(unnamed)", "kind": "Dam", "score": 11, "dedup_count": 2, "label_rank": 11, "tags": { "waterway": "dam" } }, "geometry": { "type": "Point", "coordinates": [ 61.3502898, 26.749093650845349 ] } },
{ "type": "Feature", "properties": { "name": "(unnamed)", "kind": "Dam", "score": 11, "dedup_count": 2, "label_rank": 11, "tags": { "waterway": "dam" } }, "geometry": { "type": "Point", "coordinates": [ 60.947223827307255, 27.264898066361837 ] } },
{ "type": "Feature", "properties": { "name": "(unnamed)", "kind": "Dam", "score": 11, "dedup_count": 2, "label_rank": 11, "tags": { "waterway": "dam" } }, "geometry": { "type": "Point", "coordinates": [ 61.437471949806202, 27.608715940569105 ] } },
{ "type": "Feature", "properties": { "name": "(unnamed)", "kind": "Dam", "score": 11, "dedup_count": 2, "label_rank": 11, "tags": { "waterway": "dam" } }, "geometry": { "type": "Point", "coordinates": [ 61.136500425, 27.696963651685369 ] } },
{ "type": "Feature", "properties": { "name": "(unnamed)", "kind": "Dam", "score": 11, "dedup_count": 2, "label_rank": 11, "tags": { "area": "yes", "waterway": "dam" } }, "geometry": { "type": "Point", "coordinates": [ 61.291840361371037, 27.798155343028718 ] } },
{ "type": "Feature", "properties": { "name": "(unnamed)", "kind": "Dam", "score": 11, "dedup_count": 2, "label_rank": 11, "tags": { "waterway": "dam" } }, "geometry": { "type": "Point", "coordinates": [ 60.983440324999989, 27.815889278457487 ] } },
{ "type": "Feature", "properties": { "name": "(unnamed)", "kind": "Dam", "score": 11, "dedup_count": 2, "label_rank": 11, "tags": { "waterway": "dam" } }, "geometry": { "type": "Point", "coordinates": [ 61.2612299, 28.057857943854142 ] } },
{ "type": "Feature", "properties": { "name": "(unnamed)", "kind": "Dam", "score": 11, "dedup_count": 2, "label_rank": 11, "tags": { "waterway": "dam" } }, "geometry": { "type": "Point", "coordinates": [ 60.78455115, 28.658462575000183 ] } },
{ "type": "Feature", "properties": { "name": "(unnamed)", "kind": "Dam", "score": 11, "dedup_count": 2, "label_rank": 11, "tags": { "waterway": "dam" } }, "geometry": { "type": "Point", "coordinates": [ 60.750250889028756, 28.678016999871918 ] } },
{ "type": "Feature", "properties": { "name": "(unnamed)", "kind": "Dam", "score": 11, "dedup_count": 2, "label_rank": 11, "tags": { "material": "soil", "waterway": "dam" } }, "geometry": { "type": "Point", "coordinates": [ 61.38514995, 28.730636526234484 ] } },
{ "type": "Feature", "properties": { "name": "(unnamed)", "kind": "Dam", "score": 11, "dedup_count": 2, "label_rank": 11, "tags": { "material": "soil", "waterway": "dam" } }, "geometry": { "type": "Point", "coordinates": [ 60.884592475, 28.812625750321985 ] } },
{ "type": "Feature", "properties": { "name": "(unnamed)", "kind": "Dam", "score": 11, "dedup_count": 2, "label_rank": 11, "tags": { "waterway": "dam" } }, "geometry": { "type": "Point", "coordinates": [ 60.778460475, 28.86305237709001 ] } },
{ "type": "Feature", "properties": { "name": "(unnamed)", "kind": "Dam", "score": 11, "dedup_count": 2, "label_rank": 11, "tags": { "waterway": "dam" } }, "geometry": { "type": "Point", "coordinates": [ 61.70193865, 25.307508375242108 ] } },
{ "type": "Feature", "properties": { "name": "(unnamed)", "kind": "Dam", "score": 11, "dedup_count": 2, "label_rank": 11, "tags": { "waterway": "dam" } }, "geometry": { "type": "Point", "coordinates": [ 61.48852705, 26.547173652539655 ] } },
{ "type": "Feature", "properties": { "name": "(unnamed)", "kind": "Dam", "score": 11, "dedup_count": 2, "label_rank": 11, "tags": { "waterway": "dam" } }, "geometry": { "type": "Point", "coordinates": [ 61.677942925, 26.556828149933715 ] } },
{ "type": "Feature", "properties": { "name": "(unnamed)", "kind": "Dam", "score": 11, "dedup_count": 2, "label_rank": 11, "tags": { "waterway": "dam" } }, "geometry": { "type": "Point", "coordinates": [ 61.65840625, 26.671778039221611 ] } },
{ "type": "Feature", "properties": { "name": "(unnamed)", "kind": "Dam", "score": 11, "dedup_count": 2, "label_rank": 11, "tags": { "waterway": "dam" } }, "geometry": { "type": "Point", "coordinates": [ 62.229977153290925, 26.914058248873083 ] } },
{ "type": "Feature", "properties": { "name": "(unnamed)", "kind": "Dam", "score": 11, "dedup_count": 2, "label_rank": 11, "tags": { "waterway": "dam" } }, "geometry": { "type": "Point", "coordinates": [ 62.1729979, 26.923100475307763 ] } },
{ "type": "Feature", "properties": { "name": "(unnamed)", "kind": "Dam", "score": 11, "dedup_count": 2, "label_rank": 11, "tags": { "waterway": "dam" } }, "geometry": { "type": "Point", "coordinates": [ 61.591934418584174, 27.016065065176011 ] } },
{ "type": "Feature", "properties": { "name": "(unnamed)", "kind": "Dam", "score": 11, "dedup_count": 2, "label_rank": 11, "tags": { "waterway": "dam" } }, "geometry": { "type": "Point", "coordinates": [ 61.618560475, 27.080738542001814 ] } },
{ "type": "Feature", "properties": { "name": "(unnamed)", "kind": "Dam", "score": 11, "dedup_count": 2, "label_rank": 11, "tags": { "waterway": "dam" } }, "geometry": { "type": "Point", "coordinates": [ 62.087884581706426, 27.375577170471683 ] } },
{ "type": "Feature", "properties": { "name": "(unnamed)", "kind": "Dam", "score": 11, "dedup_count": 2, "label_rank": 11, "tags": { "waterway": "dam" } }, "geometry": { "type": "Point", "coordinates": [ 62.242157128405864, 27.537832038280278 ] } },
{ "type": "Feature", "properties": { "name": "(unnamed)", "kind": "Dam", "score": 11, "dedup_count": 2, "label_rank": 11, "tags": { "area": "yes", "waterway": "dam" } }, "geometry": { "type": "Point", "coordinates": [ 61.714872439000025, 27.590345488002001 ] } },
{ "type": "Feature", "properties": { "name": "(unnamed)", "kind": "Dam", "score": 11, "dedup_count": 2, "label_rank": 11, "tags": { "waterway": "dam" } }, "geometry": { "type": "Point", "coordinates": [ 61.50720545, 28.064521866404124 ] } },
{ "type": "Feature", "properties": { "name": "(unnamed)", "kind": "Dam", "score": 11, "dedup_count": 2, "label_rank": 11, "tags": { "waterway": "dam" } }, "geometry": { "type": "Point", "coordinates": [ 62.171631457573078, 34.288889566847104 ] } },
{ "type": "Feature", "properties": { "name": "(unnamed)", "kind": "Dam", "score": 11, "dedup_count": 2, "label_rank": 11, "tags": { "area": "yes", "waterway": "dam" } }, "geometry": { "type": "Point", "coordinates": [ 63.413738724077668, 25.53021249726185 ] } },
{ "type": "Feature", "properties": { "name": "(unnamed)", "kind": "Dam", "score": 11, "dedup_count": 2, "label_rank": 11, "tags": { "waterway": "dam" } }, "geometry": { "type": "Point", "coordinates": [ 63.135005128093823, 26.313105703090379 ] } },
{ "type": "Feature", "properties": { "name": "(unnamed)", "kind": "Dam", "score": 11, "dedup_count": 2, "label_rank": 11, "tags": { "material": "soil", "waterway": "dam" } }, "geometry": { "type": "Point", "coordinates": [ 62.590489452151353, 26.644551830475741 ] } },
{ "type": "Feature", "properties": { "name": "(unnamed)", "kind": "Dam", "score": 11, "dedup_count": 2, "label_rank": 11, "tags": { "waterway": "dam" } }, "geometry": { "type": "Point", "coordinates": [ 63.013032141455525, 26.654193156177552 ] } },
{ "type": "Feature", "properties": { "name": "(unnamed)", "kind": "Dam", "score": 11, "dedup_count": 2, "label_rank": 11, "tags": { "waterway": "dam" } }, "geometry": { "type": "Point", "coordinates": [ 62.511595495009367, 26.669967898558429 ] } },
{ "type": "Feature", "properties": { "name": "(unnamed)", "kind": "Dam", "score": 11, "dedup_count": 2, "label_rank": 11, "tags": { "material": "soil", "waterway": "dam" } }, "geometry": { "type": "Point", "coordinates": [ 63.004189543163754, 26.693257751431709 ] } },
{ "type": "Feature", "properties": { "name": "(unnamed)", "kind": "Dam", "score": 11, "dedup_count": 2, "label_rank": 11, "tags": { "material": "soil", "waterway": "dam" } }, "geometry": { "type": "Point", "coordinates": [ 62.963778235389242, 26.708889599443296 ] } },
{ "type": "Feature", "properties": { "name": "(unnamed)", "kind": "Dam", "score": 11, "dedup_count": 2, "label_rank": 11, "tags": { "waterway": "dam" } }, "geometry": { "type": "Point", "coordinates": [ 62.988535625, 26.714168300061196 ] } },
{ "type": "Feature", "properties": { "name": "(unnamed)", "kind": "Dam", "score": 11, "dedup_count": 2, "label_rank": 11, "tags": { "waterway": "dam" } }, "geometry": { "type": "Point", "coordinates": [ 62.932243425, 26.789458356292588 ] } },
{ "type": "Feature", "properties": { "name": "(unnamed)", "kind": "Dam", "score": 11, "dedup_count": 2, "label_rank": 11, "tags": { "material": "soil", "waterway": "dam" } }, "geometry": { "type": "Point", "coordinates": [ 63.106787369573432, 26.791287967339066 ] } },
{ "type": "Feature", "properties": { "name": "(unnamed)", "kind": "Dam", "score": 11, "dedup_count": 2, "label_rank": 11, "tags": { "waterway": "dam" } }, "geometry": { "type": "Point", "coordinates": [ 62.910169198942434, 26.803441275300401 ] } },
{ "type": "Feature", "properties": { "name": "(unnamed)", "kind": "Dam", "score": 11, "dedup_count": 2, "label_rank": 11, "tags": { "material": "soil", "waterway": "dam" } }, "geometry": { "type": "Point", "coordinates": [ 62.614899054032492, 26.887026231491948 ] } },
{ "type": "Feature", "properties": { "name": "(unnamed)", "kind": "Dam", "score": 11, "dedup_count": 2, "label_rank": 11, "tags": { "material": "soil", "waterway": "dam" } }, "geometry": { "type": "Point", "coordinates": [ 63.239353395237046, 27.175215218215531 ] } },
{ "type": "Feature", "properties": { "name": "(unnamed)", "kind": "Dam", "score": 11, "dedup_count": 2, "label_rank": 11, "tags": { "waterway": "dam" } }, "geometry": { "type": "Point", "coordinates": [ 62.335894917341179, 27.455936899492045 ] } },
{ "type": "Feature", "properties": { "name": "(unnamed)", "kind": "Dam", "score": 11, "dedup_count": 2, "label_rank": 11, "tags": { "waterway": "dam" } }, "geometry": { "type": "Point", "coordinates": [ 62.509443525, 27.676022926772021 ] } },
{ "type": "Feature", "properties": { "name": "(unnamed)", "kind": "Dam", "score": 11, "dedup_count": 2, "label_rank": 11, "tags": { "waterway": "dam" } }, "geometry": { "type": "Point", "coordinates": [ 62.480673658440487, 36.855254156270483 ] } },
{ "type": "Feature", "properties": { "name": "(unnamed)", "kind": "Dam", "score": 11, "dedup_count": 2, "label_rank": 11, "tags": { "waterway": "dam" } }, "geometry": { "type": "Point", "coordinates": [ 62.497487612399425, 37.669735982336562 ] } },
{ "type": "Feature", "properties": { "name": "(unnamed)", "kind": "Dam", "score": 11, "dedup_count": 2, "label_rank": 11, "tags": { "area": "yes", "waterway": "dam" } }, "geometry": { "type": "Point", "coordinates": [ 63.737613937901791, 25.420942328767701 ] } },
{ "type": "Feature", "properties": { "name": "(unnamed)", "kind": "Dam", "score": 11, "dedup_count": 2, "label_rank": 11, "tags": { "waterway": "dam" } }, "geometry": { "type": "Point", "coordinates": [ 65.503627811098383, 28.73231450653736 ] } },
{ "type": "Feature", "properties": { "name": "(unnamed)", "kind": "Dam", "score": 11, "dedup_count": 2, "label_rank": 11, "tags": { "waterway": "dam" } }, "geometry": { "type": "Point", "coordinates": [ 64.10347934105512, 29.578356039301127 ] } },
{ "type": "Feature", "properties": { "name": "(unnamed)", "kind": "Dam", "score": 11, "dedup_count": 2, "label_rank": 11, "tags": { "waterway": "dam" } }, "geometry": { "type": "Point", "coordinates": [ 64.330695031756051, 29.612318215342988 ] } },
{ "type": "Feature", "properties": { "name": "(unnamed)", "kind": "Dam", "score": 11, "dedup_count": 2, "label_rank": 11, "tags": { "waterway": "dam" } }, "geometry": { "type": "Point", "coordinates": [ 64.468149050036303, 29.664105533506849 ] } },
{ "type": "Feature", "properties": { "name": "(unnamed)", "kind": "Dam", "score": 11, "dedup_count": 2, "label_rank": 11, "tags": { "waterway": "dam" } }, "geometry": { "type": "Point", "coordinates": [ 65.098112196509589, 35.190830105173376 ] } },
{ "type": "Feature", "properties": { "name": "(unnamed)", "kind": "Dam", "score": 11, "dedup_count": 2, "label_rank": 11, "tags": { "waterway": "dam" } }, "geometry": { "type": "Point", "coordinates": [ 66.337089819692011, 27.622359956289902 ] } },
{ "type": "Feature", "properties": { "name": "(unnamed)", "kind": "Dam", "score": 11, "dedup_count": 2, "label_rank": 11, "tags": { "waterway": "dam" } }, "geometry": { "type": "Point", "coordinates": [ 66.319311026468085, 28.347491955818214 ] } },
{ "type": "Feature", "properties": { "name": "(unnamed)", "kind": "Dam", "score": 11, "dedup_count": 2, "label_rank": 11, "tags": { "waterway": "dam" } }, "geometry": { "type": "Point", "coordinates": [ 66.360557081479868, 28.357488401844314 ] } },
{ "type": "Feature", "properties": { "name": "(unnamed)", "kind": "Dam", "score": 11, "dedup_count": 2, "label_rank": 11, "tags": { "waterway": "dam" } }, "geometry": { "type": "Point", "coordinates": [ 66.503447726251352, 30.785667826657118 ] } },
{ "type": "Feature", "properties": { "name": "(unnamed)", "kind": "Dam", "score": 11, "dedup_count": 2, "label_rank": 11, "tags": { "waterway": "dam" } }, "geometry": { "type": "Point", "coordinates": [ 66.531907698502678, 30.813039162483996 ] } },
{ "type": "Feature", "properties": { "name": "(unnamed)", "kind": "Dam", "score": 11, "dedup_count": 2, "label_rank": 11, "tags": { "waterway": "dam" } }, "geometry": { "type": "Point", "coordinates": [ 66.531565878344722, 30.828451728631109 ] } },
{ "type": "Feature", "properties": { "name": "(unnamed)", "kind": "Dam", "score": 11, "dedup_count": 2, "label_rank": 11, "tags": { "waterway": "dam" } }, "geometry": { "type": "Point", "coordinates": [ 65.99675335, 31.246717825591634 ] } },
{ "type": "Feature", "properties": { "name": "(unnamed)", "kind": "Dam", "score": 11, "dedup_count": 2, "label_rank": 11, "tags": { "waterway": "dam" } }, "geometry": { "type": "Point", "coordinates": [ 65.669506225, 31.658911600034564 ] } },
{ "type": "Feature", "properties": { "name": "(unnamed)", "kind": "Dam", "score": 11, "dedup_count": 2, "label_rank": 11, "tags": { "waterway": "dam" } }, "geometry": { "type": "Point", "coordinates": [ 65.869677232084285, 32.552610932623594 ] } },
{ "type": "Feature", "properties": { "name": "(unnamed)", "kind": "Dam", "score": 11, "dedup_count": 2, "label_rank": 11, "tags": { "waterway": "dam" } }, "geometry": { "type": "Point", "coordinates": [ 65.6671694, 32.556124300000064 ] } },
{ "type": "Feature", "properties": { "name": "(unnamed)", "kind": "Dam", "score": 11, "dedup_count": 2, "label_rank": 11, "tags": { "waterway": "dam" } }, "geometry": { "type": "Point", "coordinates": [ 65.7061155, 32.557082725002992 ] } },
{ "type": "Feature", "properties": { "name": "(unnamed)", "kind": "Dam", "score": 11, "dedup_count": 2, "label_rank": 11, "tags": { "waterway": "dam" } }, "geometry": { "type": "Point", "coordinates": [ 65.633201320846638, 37.578076975103372 ] } },
{ "type": "Feature", "properties": { "name": "(unnamed)", "kind": "Dam", "score": 11, "dedup_count": 2, "label_rank": 11, "tags": { "waterway": "dam" } }, "geometry": { "type": "Point", "coordinates": [ 67.079500316211593, 25.156614939918583 ] } },
{ "type": "Feature", "properties": { "name": "(unnamed)", "kind": "Dam", "score": 11, "dedup_count": 2, "label_rank": 11, "tags": { "waterway": "dam" } }, "geometry": { "type": "Point", "coordinates": [ 66.577103970739714, 26.011569148991896 ] } },
{ "type": "Feature", "properties": { "name": "(unnamed)", "kind": "Dam", "score": 11, "dedup_count": 2, "label_rank": 11, "tags": { "material": "concrete", "waterway": "dam" } }, "geometry": { "type": "Point", "coordinates": [ 66.838996960757854, 26.09043291919016 ] } },
{ "type": "Feature", "properties": { "name": "(unnamed)", "kind": "Dam", "score": 11, "dedup_count": 2, "label_rank": 11, "tags": { "waterway": "dam" } }, "geometry": { "type": "Point", "coordinates": [ 66.72675767514319, 26.942476914824429 ] } },
{ "type": "Feature", "properties": { "name": "(unnamed)", "kind": "Dam", "score": 11, "dedup_count": 2, "label_rank": 11, "tags": { "waterway": "dam" } }, "geometry": { "type": "Point", "coordinates": [ 66.860718243208368, 30.009509802256257 ] } },
{ "type": "Feature", "properties": { "name": "(unnamed)", "kind": "Dam", "score": 11, "dedup_count": 2, "label_rank": 11, "tags": { "waterway": "dam" } }, "geometry": { "type": "Point", "coordinates": [ 66.906350825, 30.062075913401742 ] } },
{ "type": "Feature", "properties": { "name": "(unnamed)", "kind": "Dam", "score": 11, "dedup_count": 2, "label_rank": 11, "tags": { "waterway": "dam" } }, "geometry": { "type": "Point", "coordinates": [ 66.924595013188494, 30.108481718076995 ] } },
{ "type": "Feature", "properties": { "name": "(unnamed)", "kind": "Dam", "score": 11, "dedup_count": 2, "label_rank": 11, "tags": { "waterway": "dam" } }, "geometry": { "type": "Point", "coordinates": [ 66.941750244136287, 30.142098007857047 ] } },
{ "type": "Feature", "properties": { "name": "(unnamed)", "kind": "Dam", "score": 11, "dedup_count": 2, "label_rank": 11, "tags": { "waterway": "dam" } }, "geometry": { "type": "Point", "coordinates": [ 67.00525605, 30.311585725034707 ] } },
{ "type": "Feature", "properties": { "name": "(unnamed)", "kind": "Dam", "score": 11, "dedup_count": 2, "label_rank": 11, "tags": { "waterway": "dam" } }, "geometry": { "type": "Point", "coordinates": [ 66.97158545, 30.357278726755091 ] } },
{ "type": "Feature", "properties": { "name": "(unnamed)", "kind": "Dam", "score": 11, "dedup_count": 2, "label_rank": 11, "tags": { "waterway": "dam" } }, "geometry": { "type": "Point", "coordinates": [ 67.019272645402111, 30.436115089964911 ] } },
{ "type": "Feature", "properties": { "name": "(unnamed)", "kind": "Dam", "score": 11, "dedup_count": 2, "label_rank": 11, "tags": { "waterway": "dam" } }, "geometry": { "type": "Point", "coordinates": [ 66.761054089475465, 30.739641388245396 ] } },
{ "type": "Feature", "properties": { "name": "(unnamed)", "kind": "Dam", "score": 11, "dedup_count": 2, "label_rank": 11, "tags": { "waterway": "dam" } }, "geometry": { "type": "Point", "coordinates": [ 66.808222183741918, 30.745176128026319 ] } },
{ "type": "Feature", "properties": { "name": "(unnamed)", "kind": "Dam", "score": 11, "dedup_count": 2, "label_rank": 11, "tags": { "waterway": "dam" } }, "geometry": { "type": "Point", "coordinates": [ 66.724747555539281, 30.760033671347131 ] } },
{ "type": "Feature", "properties": { "name": "(unnamed)", "kind": "Dam", "score": 11, "dedup_count": 2, "label_rank": 11, "tags": { "waterway": "dam" } }, "geometry": { "type": "Point", "coordinates": [ 66.735590929381956, 30.786986093692629 ] } },
{ "type": "Feature", "properties": { "name": "(unnamed)", "kind": "Dam", "score": 11, "dedup_count": 2, "label_rank": 11, "tags": { "waterway": "dam" } }, "geometry": { "type": "Point", "coordinates": [ 66.769380214332898, 30.815782842506561 ] } },
{ "type": "Feature", "properties": { "name": "(unnamed)", "kind": "Dam", "score": 11, "dedup_count": 2, "label_rank": 11, "tags": { "waterway": "dam" } }, "geometry": { "type": "Point", "coordinates": [ 66.876672902989171, 30.860780561508616 ] } },
{ "type": "Feature", "properties": { "name": "(unnamed)", "kind": "Dam", "score": 11, "dedup_count": 2, "label_rank": 11, "tags": { "waterway": "dam" } }, "geometry": { "type": "Point", "coordinates": [ 66.670651332024349, 30.955668181591953 ] } },
{ "type": "Feature", "properties": { "name": "(unnamed)", "kind": "Dam", "score": 11, "dedup_count": 2, "label_rank": 11, "tags": { "waterway": "dam" } }, "geometry": { "type": "Point", "coordinates": [ 66.735655688411711, 31.145781392702137 ] } },
{ "type": "Feature", "properties": { "name": "(unnamed)", "kind": "Dam", "score": 11, "dedup_count": 2, "label_rank": 11, "tags": { "area": "yes", "waterway": "dam" } }, "geometry": { "type": "Point", "coordinates": [ 67.31251345224409, 25.109978203048023 ] } },
{ "type": "Feature", "properties": { "name": "(unnamed)", "kind": "Dam", "score": 11, "dedup_count": 2, "label_rank": 11, "tags": { "area": "yes", "waterway": "dam" } }, "geometry": { "type": "Point", "coordinates": [ 67.284286891721237, 25.127799102634654 ] } },
{ "type": "Feature", "properties": { "name": "(unnamed)", "kind": "Dam", "score": 11, "dedup_count": 2, "label_rank": 11, "tags": { "waterway": "dam" } }, "geometry": { "type": "Point", "coordinates": [ 67.130444925, 25.165942525093644 ] } },
{ "type": "Feature", "properties": { "name": "(unnamed)", "kind": "Dam", "score": 11, "dedup_count": 2, "label_rank": 11, "tags": { "waterway": "dam" } }, "geometry": { "type": "Point", "coordinates": [ 67.3221998, 26.885963546864637 ] } },
{ "type": "Feature", "properties": { "name": "(unnamed)", "kind": "Dam", "score": 11, "dedup_count": 2, "label_rank": 11, "tags": { "waterway": "dam" } }, "geometry": { "type": "Point", "coordinates": [ 67.197746302927598, 27.729098318435302 ] } },
{ "type": "Feature", "properties": { "name": "(unnamed)", "kind": "Dam", "score": 11, "dedup_count": 2, "label_rank": 11, "tags": { "waterway": "dam" } }, "geometry": { "type": "Point", "coordinates": [ 67.458278195749301, 28.615446866931894 ] } },
{ "type": "Feature", "properties": { "name": "(unnamed)", "kind": "Dam", "score": 11, "dedup_count": 2, "label_rank": 11, "tags": { "waterway": "dam" } }, "geometry": { "type": "Point", "coordinates": [ 67.13575865, 30.359753500685486 ] } },
{ "type": "Feature", "properties": { "name": "(unnamed)", "kind": "Dam", "score": 11, "dedup_count": 2, "label_rank": 11, "tags": { "waterway": "dam" } }, "geometry": { "type": "Point", "coordinates": [ 67.098651385223121, 30.765564194806721 ] } },
{ "type": "Feature", "properties": { "name": "(unnamed)", "kind": "Dam", "score": 11, "dedup_count": 2, "label_rank": 11, "tags": { "waterway": "dam" } }, "geometry": { "type": "Point", "coordinates": [ 67.120253030130968, 30.770322454368578 ] } },
{ "type": "Feature", "properties": { "name": "(unnamed)", "kind": "Dam", "score": 11, "dedup_count": 2, "label_rank": 11, "tags": { "waterway": "dam" } }, "geometry": { "type": "Point", "coordinates": [ 67.30749335999954, 31.106437657466923 ] } },
{ "type": "Feature", "properties": { "name": "(unnamed)", "kind": "Dam", "score": 11, "dedup_count": 2, "label_rank": 11, "tags": { "waterway": "dam" } }, "geometry": { "type": "Point", "coordinates": [ 67.166950587296995, 31.181132708378556 ] } },
{ "type": "Feature", "properties": { "name": "(unnamed)", "kind": "Dam", "score": 11, "dedup_count": 2, "label_rank": 11, "tags": { "waterway": "dam" } }, "geometry": { "type": "Point", "coordinates": [ 67.250083873819577, 31.212500702621252 ] } },
{ "type": "Feature", "properties": { "name": "(unnamed)", "kind": "Dam", "score": 11, "dedup_count": 2, "label_rank": 11, "tags": { "waterway": "dam" } }, "geometry": { "type": "Point", "coordinates": [ 67.396287383600708, 31.232942249161049 ] } },
{ "type": "Feature", "properties": { "name": "(unnamed)", "kind": "Dam", "score": 11, "dedup_count": 2, "label_rank": 11, "tags": { "area": "no", "waterway": "dam" } }, "geometry": { "type": "Point", "coordinates": [ 67.30329823323315, 31.278469386204179 ] } },
{ "type": "Feature", "properties": { "name": "(unnamed)", "kind": "Dam", "score": 11, "dedup_count": 2, "label_rank": 11, "tags": { "waterway": "dam" } }, "geometry": { "type": "Point", "coordinates": [ 67.260522209497466, 31.276227934772322 ] } },
{ "type": "Feature", "properties": { "name": "(unnamed)", "kind": "Dam", "score": 11, "dedup_count": 2, "label_rank": 11, "tags": { "waterway": "dam" } }, "geometry": { "type": "Point", "coordinates": [ 67.33421859384525, 31.289695226812874 ] } },
{ "type": "Feature", "properties": { "name": "(unnamed)", "kind": "Dam", "score": 11, "dedup_count": 2, "label_rank": 11, "tags": { "waterway": "dam" } }, "geometry": { "type": "Point", "coordinates": [ 67.364174320143974, 31.331514519292476 ] } },
{ "type": "Feature", "properties": { "name": "(unnamed)", "kind": "Dam", "score": 11, "dedup_count": 2, "label_rank": 11, "tags": { "waterway": "dam" } }, "geometry": { "type": "Point", "coordinates": [ 67.45281851333668, 31.353027698255922 ] } },
{ "type": "Feature", "properties": { "name": "(unnamed)", "kind": "Dam", "score": 11, "dedup_count": 2, "label_rank": 11, "tags": { "waterway": "dam" } }, "geometry": { "type": "Point", "coordinates": [ 67.317577828542539, 31.354666410404207 ] } },
{ "type": "Feature", "properties": { "name": "(unnamed)", "kind": "Dam", "score": 11, "dedup_count": 2, "label_rank": 11, "tags": { "waterway": "dam" } }, "geometry": { "type": "Point", "coordinates": [ 67.457175694307708, 31.530470498476781 ] } },
{ "type": "Feature", "properties": { "name": "(unnamed)", "kind": "Dam", "score": 11, "dedup_count": 2, "label_rank": 11, "tags": { "waterway": "dam" } }, "geometry": { "type": "Point", "coordinates": [ 67.173921675613371, 31.602424838606293 ] } },
{ "type": "Feature", "properties": { "name": "(unnamed)", "kind": "Dam", "score": 11, "dedup_count": 2, "label_rank": 11, "tags": { "waterway": "dam" } }, "geometry": { "type": "Point", "coordinates": [ 67.463197643614464, 31.63518493612273 ] } },
{ "type": "Feature", "properties": { "name": "(unnamed)", "kind": "Dam", "score": 11, "dedup_count": 2, "label_rank": 11, "tags": { "waterway": "dam" } }, "geometry": { "type": "Point", "coordinates": [ 67.2921388, 31.632459525223652 ] } },
{ "type": "Feature", "properties": { "name": "(unnamed)", "kind": "Dam", "score": 11, "dedup_count": 2, "label_rank": 11, "tags": { "waterway": "dam" } }, "geometry": { "type": "Point", "coordinates": [ 67.443304597445433, 31.647832627395701 ] } },
{ "type": "Feature", "properties": { "name": "(unnamed)", "kind": "Dam", "score": 11, "dedup_count": 2, "label_rank": 11, "tags": { "waterway": "dam" } }, "geometry": { "type": "Point", "coordinates": [ 67.188078605283138, 31.730310079288852 ] } },
{ "type": "Feature", "properties": { "name": "(unnamed)", "kind": "Dam", "score": 11, "dedup_count": 2, "label_rank": 11, "tags": { "waterway": "dam" } }, "geometry": { "type": "Point", "coordinates": [ 67.2771217, 32.378184600242626 ] } },
{ "type": "Feature", "properties": { "name": "(unnamed)", "kind": "Dam", "score": 11, "dedup_count": 2, "label_rank": 11, "tags": { "waterway": "dam" } }, "geometry": { "type": "Point", "coordinates": [ 67.871180769297638, 25.903664962453814 ] } },
{ "type": "Feature", "properties": { "name": "(unnamed)", "kind": "Dam", "score": 11, "dedup_count": 2, "label_rank": 11, "tags": { "waterway": "dam" } }, "geometry": { "type": "Point", "coordinates": [ 67.849517938553063, 29.186719677100399 ] } },
{ "type": "Feature", "properties": { "name": "(unnamed)", "kind": "Dam", "score": 11, "dedup_count": 2, "label_rank": 11, "tags": { "waterway": "dam" } }, "geometry": { "type": "Point", "coordinates": [ 67.80936905, 29.397888450000448 ] } },
{ "type": "Feature", "properties": { "name": "(unnamed)", "kind": "Dam", "score": 11, "dedup_count": 2, "label_rank": 11, "tags": { "waterway": "dam" } }, "geometry": { "type": "Point", "coordinates": [ 67.703371443009857, 29.531500102459411 ] } },
{ "type": "Feature", "properties": { "name": "(unnamed)", "kind": "Dam", "score": 11, "dedup_count": 2, "label_rank": 11, "tags": { "waterway": "dam" } }, "geometry": { "type": "Point", "coordinates": [ 67.707387230722702, 30.228345845031342 ] } },
{ "type": "Feature", "properties": { "name": "(unnamed)", "kind": "Dam", "score": 11, "dedup_count": 2, "label_rank": 11, "tags": { "waterway": "dam" } }, "geometry": { "type": "Point", "coordinates": [ 67.700375680445362, 30.244052206229721 ] } },
{ "type": "Feature", "properties": { "name": "(unnamed)", "kind": "Dam", "score": 11, "dedup_count": 2, "label_rank": 11, "tags": { "waterway": "dam" } }, "geometry": { "type": "Point", "coordinates": [ 67.764034118735438, 31.379905740386064 ] } },
{ "type": "Feature", "properties": { "name": "(unnamed)", "kind": "Dam", "score": 11, "dedup_count": 2, "label_rank": 11, "tags": { "waterway": "dam" } }, "geometry": { "type": "Point", "coordinates": [ 67.89785505, 36.376461650013162 ] } },
{ "type": "Feature", "properties": { "name": "(unnamed)", "kind": "Dam", "score": 11, "dedup_count": 2, "label_rank": 11, "tags": { "waterway": "dam" } }, "geometry": { "type": "Point", "coordinates": [ 67.989001112127241, 25.269739510737917 ] } },
{ "type": "Feature", "properties": { "name": "(unnamed)", "kind": "Dam", "score": 11, "dedup_count": 2, "label_rank": 11, "tags": { "waterway": "dam" } }, "geometry": { "type": "Point", "coordinates": [ 68.217917972397586, 27.919843679220801 ] } },
{ "type": "Feature", "properties": { "name": "(unnamed)", "kind": "Dam", "score": 11, "dedup_count": 2, "label_rank": 11, "tags": { "waterway": "dam" } }, "geometry": { "type": "Point", "coordinates": [ 68.711158912898014, 35.941804030462805 ] } },
{ "type": "Feature", "properties": { "name": "(unnamed)", "kind": "Dam", "score": 11, "dedup_count": 2, "label_rank": 11, "tags": { "waterway": "dam" } }, "geometry": { "type": "Point", "coordinates": [ 68.686913475, 35.980819202294597 ] } },
{ "type": "Feature", "properties": { "name": "(unnamed)", "kind": "Dam", "score": 11, "dedup_count": 2, "label_rank": 11, "tags": { "waterway": "dam" } }, "geometry": { "type": "Point", "coordinates": [ 68.165611024242622, 37.233233259114535 ] } },
{ "type": "Feature", "properties": { "name": "(unnamed)", "kind": "Dam", "score": 11, "dedup_count": 2, "label_rank": 11, "tags": { "waterway": "dam" } }, "geometry": { "type": "Point", "coordinates": [ 68.150236513276255, 37.26811532853651 ] } },
{ "type": "Feature", "properties": { "name": "(unnamed)", "kind": "Dam", "score": 11, "dedup_count": 2, "label_rank": 11, "tags": { "waterway": "dam" } }, "geometry": { "type": "Point", "coordinates": [ 68.46593119146327, 37.385774229383031 ] } },
{ "type": "Feature", "properties": { "name": "(unnamed)", "kind": "Dam", "score": 11, "dedup_count": 2, "label_rank": 11, "tags": { "waterway": "dam" } }, "geometry": { "type": "Point", "coordinates": [ 68.700559302155156, 37.654667570560832 ] } },
{ "type": "Feature", "properties": { "name": "(unnamed)", "kind": "Dam", "score": 11, "dedup_count": 2, "label_rank": 11, "tags": { "waterway": "dam" } }, "geometry": { "type": "Point", "coordinates": [ 69.456561394165377, 23.165222425370349 ] } },
{ "type": "Feature", "properties": { "name": "(unnamed)", "kind": "Dam", "score": 11, "dedup_count": 2, "label_rank": 11, "tags": { "waterway": "dam" } }, "geometry": { "type": "Point", "coordinates": [ 69.15936045, 28.997898000400909 ] } },
{ "type": "Feature", "properties": { "name": "(unnamed)", "kind": "Dam", "score": 11, "dedup_count": 2, "label_rank": 11, "tags": { "waterway": "dam" } }, "geometry": { "type": "Point", "coordinates": [ 69.408636045618479, 31.16251038646968 ] } },
{ "type": "Feature", "properties": { "name": "(unnamed)", "kind": "Dam", "score": 11, "dedup_count": 2, "label_rank": 11, "tags": { "waterway": "dam" } }, "geometry": { "type": "Point", "coordinates": [ 68.857659025, 31.294017350416627 ] } },
{ "type": "Feature", "properties": { "name": "(unnamed)", "kind": "Dam", "score": 11, "dedup_count": 2, "label_rank": 11, "tags": { "waterway": "dam" } }, "geometry": { "type": "Point", "coordinates": [ 69.069237925, 32.733983826464666 ] } },
{ "type": "Feature", "properties": { "name": "(unnamed)", "kind": "Dam", "score": 11, "dedup_count": 2, "label_rank": 11, "tags": { "waterway": "dam" } }, "geometry": { "type": "Point", "coordinates": [ 69.761675901047354, 23.194593051894415 ] } },
{ "type": "Feature", "properties": { "name": "(unnamed)", "kind": "Dam", "score": 11, "dedup_count": 2, "label_rank": 11, "tags": { "waterway": "dam" } }, "geometry": { "type": "Point", "coordinates": [ 70.744620185858082, 24.380418005424488 ] } },
{ "type": "Feature", "properties": { "name": "(unnamed)", "kind": "Dam", "score": 11, "dedup_count": 2, "label_rank": 11, "tags": { "waterway": "dam" } }, "geometry": { "type": "Point", "coordinates": [ 70.7305783970193, 24.397637099122438 ] } },
{ "type": "Feature", "properties": { "name": "(unnamed)", "kind": "Dam", "score": 11, "dedup_count": 2, "label_rank": 11, "tags": { "waterway": "dam" } }, "geometry": { "type": "Point", "coordinates": [ 70.741204566426433, 33.10207816305531 ] } },
{ "type": "Feature", "properties": { "name": "(unnamed)", "kind": "Dam", "score": 11, "dedup_count": 2, "label_rank": 11, "tags": { "waterway": "dam" } }, "geometry": { "type": "Point", "coordinates": [ 71.474259319104078, 23.11423851333862 ] } },
{ "type": "Feature", "properties": { "name": "(unnamed)", "kind": "Dam", "score": 11, "dedup_count": 2, "label_rank": 11, "tags": { "layer": "1", "waterway": "dam" } }, "geometry": { "type": "Point", "coordinates": [ 70.969972865450458, 23.111628957221029 ] } },
{ "type": "Feature", "properties": { "name": "(unnamed)", "kind": "Dam", "score": 11, "dedup_count": 2, "label_rank": 11, "tags": { "waterway": "dam" } }, "geometry": { "type": "Point", "coordinates": [ 72.183140844148923, 24.923803011890111 ] } },
{ "type": "Feature", "properties": { "name": "(unnamed)", "kind": "Dam", "score": 11, "dedup_count": 2, "label_rank": 11, "tags": { "material": "soil", "waterway": "dam" } }, "geometry": { "type": "Point", "coordinates": [ 71.778219892822619, 32.948843489268846 ] } },
{ "type": "Feature", "properties": { "name": "(unnamed)", "kind": "Dam", "score": 11, "dedup_count": 2, "label_rank": 11, "tags": { "waterway": "dam" } }, "geometry": { "type": "Point", "coordinates": [ 71.403639454287358, 33.010381068683863 ] } },
{ "type": "Feature", "properties": { "name": "(unnamed)", "kind": "Dam", "score": 11, "dedup_count": 2, "label_rank": 11, "tags": { "waterway": "dam" } }, "geometry": { "type": "Point", "coordinates": [ 72.447245725574547, 33.189644913245075 ] } },
{ "type": "Feature", "properties": { "name": "(unnamed)", "kind": "Dam", "score": 11, "dedup_count": 2, "label_rank": 11, "tags": { "waterway": "dam" } }, "geometry": { "type": "Point", "coordinates": [ 70.976978289313692, 33.289682165118073 ] } },
{ "type": "Feature", "properties": { "name": "(unnamed)", "kind": "Dam", "score": 11, "dedup_count": 2, "label_rank": 11, "tags": { "waterway": "dam" } }, "geometry": { "type": "Point", "coordinates": [ 70.987912526043687, 33.344908235729825 ] } },
{ "type": "Feature", "properties": { "name": "(unnamed)", "kind": "Dam", "score": 11, "dedup_count": 2, "label_rank": 11, "tags": { "waterway": "dam" } }, "geometry": { "type": "Point", "coordinates": [ 72.208993876067268, 33.430150955890646 ] } },
{ "type": "Feature", "properties": { "name": "(unnamed)", "kind": "Dam", "score": 11, "dedup_count": 2, "label_rank": 11, "tags": { "waterway": "dam" } }, "geometry": { "type": "Point", "coordinates": [ 72.55559115, 33.633324902544892 ] } },
{ "type": "Feature", "properties": { "name": "(unnamed)", "kind": "Dam", "score": 11, "dedup_count": 2, "label_rank": 11, "tags": { "waterway": "dam" } }, "geometry": { "type": "Point", "coordinates": [ 71.460149429934873, 33.910247133651239 ] } },
{ "type": "Feature", "properties": { "name": "(unnamed)", "kind": "Dam", "score": 11, "dedup_count": 2, "label_rank": 11, "tags": { "area": "yes", "waterway": "dam" } }, "geometry": { "type": "Point", "coordinates": [ 72.175272053433886, 33.948500633605697 ] } },
{ "type": "Feature", "properties": { "name": "(unnamed)", "kind": "Dam", "score": 11, "dedup_count": 2, "label_rank": 11, "tags": { "waterway": "dam" } }, "geometry": { "type": "Point", "coordinates": [ 72.651683765068995, 23.120256548798441 ] } },
{ "type": "Feature", "properties": { "name": "(unnamed)", "kind": "Dam", "score": 11, "dedup_count": 2, "label_rank": 11, "tags": { "waterway": "dam" } }, "geometry": { "type": "Point", "coordinates": [ 72.724083562486143, 24.250189871964647 ] } },
{ "type": "Feature", "properties": { "name": "(unnamed)", "kind": "Dam", "score": 11, "dedup_count": 2, "label_rank": 11, "tags": { "waterway": "dam" } }, "geometry": { "type": "Point", "coordinates": [ 72.632531243976686, 24.523159346403109 ] } },
{ "type": "Feature", "properties": { "name": "(unnamed)", "kind": "Dam", "score": 11, "dedup_count": 2, "label_rank": 11, "tags": { "waterway": "dam" } }, "geometry": { "type": "Point", "coordinates": [ 72.810882325804357, 24.72166144102696 ] } },
{ "type": "Feature", "properties": { "name": "(unnamed)", "kind": "Dam", "score": 11, "dedup_count": 2, "label_rank": 11, "tags": { "waterway": "dam" } }, "geometry": { "type": "Point", "coordinates": [ 72.890294491159707, 24.74067793014288 ] } },
{ "type": "Feature", "properties": { "name": "(unnamed)", "kind": "Dam", "score": 11, "dedup_count": 2, "label_rank": 11, "tags": { "waterway": "dam" } }, "geometry": { "type": "Point", "coordinates": [ 73.078577300683421, 24.785176870213235 ] } },
{ "type": "Feature", "properties": { "name": "(unnamed)", "kind": "Dam", "score": 11, "dedup_count": 2, "label_rank": 11, "tags": { "waterway": "dam" } }, "geometry": { "type": "Point", "coordinates": [ 72.63270464987994, 24.790559882054399 ] } },
{ "type": "Feature", "properties": { "name": "(unnamed)", "kind": "Dam", "score": 11, "dedup_count": 2, "label_rank": 11, "tags": { "waterway": "dam" } }, "geometry": { "type": "Point", "coordinates": [ 72.765215063486735, 24.880533702453125 ] } },
{ "type": "Feature", "properties": { "name": "(unnamed)", "kind": "Dam", "score": 11, "dedup_count": 2, "label_rank": 11, "tags": { "waterway": "dam" } }, "geometry": { "type": "Point", "coordinates": [ 73.033536947712975, 26.356481213752485 ] } },
{ "type": "Feature", "properties": { "name": "(unnamed)", "kind": "Dam", "score": 11, "dedup_count": 2, "label_rank": 11, "tags": { "waterway": "dam" } }, "geometry": { "type": "Point", "coordinates": [ 72.66993625, 32.738641123462202 ] } },
{ "type": "Feature", "properties": { "name": "(unnamed)", "kind": "Dam", "score": 11, "dedup_count": 2, "label_rank": 11, "tags": { "waterway": "dam" } }, "geometry": { "type": "Point", "coordinates": [ 72.808730068101937, 32.957263083006161 ] } },
{ "type": "Feature", "properties": { "name": "(unnamed)", "kind": "Dam", "score": 11, "dedup_count": 2, "label_rank": 11, "tags": { "material": "soil", "waterway": "dam" } }, "geometry": { "type": "Point", "coordinates": [ 72.771247842955546, 33.506786671889607 ] } },
{ "type": "Feature", "properties": { "name": "(unnamed)", "kind": "Dam", "score": 11, "dedup_count": 2, "label_rank": 11, "tags": { "waterway": "dam" } }, "geometry": { "type": "Point", "coordinates": [ 72.836594922326029, 33.540787020218175 ] } },
{ "type": "Feature", "properties": { "name": "(unnamed)", "kind": "Dam", "score": 11, "dedup_count": 2, "label_rank": 11, "tags": { "waterway": "dam" } }, "geometry": { "type": "Point", "coordinates": [ 72.960251929394431, 33.93198339320211 ] } },
{ "type": "Feature", "properties": { "name": "(unnamed)", "kind": "Dam", "score": 11, "dedup_count": 2, "label_rank": 11, "tags": { "waterway": "dam" } }, "geometry": { "type": "Point", "coordinates": [ 72.74969825, 37.788594850001061 ] } },
{ "type": "Feature", "properties": { "name": "(unnamed)", "kind": "Dam", "score": 11, "dedup_count": 2, "label_rank": 11, "tags": { "waterway": "dam" } }, "geometry": { "type": "Point", "coordinates": [ 73.405653396848962, 23.315859948177508 ] } },
{ "type": "Feature", "properties": { "name": "(unnamed)", "kind": "Dam", "score": 11, "dedup_count": 2, "label_rank": 11, "tags": { "waterway": "dam" } }, "geometry": { "type": "Point", "coordinates": [ 73.776421082881015, 24.19062114377877 ] } },
{ "type": "Feature", "properties": { "name": "(unnamed)", "kind": "Dam", "score": 11, "dedup_count": 2, "label_rank": 11, "tags": { "waterway": "dam" } }, "geometry": { "type": "Point", "coordinates": [ 73.612802303268836, 25.08368481342298 ] } },
{ "type": "Feature", "properties": { "name": "(unnamed)", "kind": "Dam", "score": 11, "dedup_count": 2, "label_rank": 11, "tags": { "waterway": "dam" } }, "geometry": { "type": "Point", "coordinates": [ 73.400089406162294, 25.136355773413428 ] } },
{ "type": "Feature", "properties": { "name": "(unnamed)", "kind": "Dam", "score": 11, "dedup_count": 2, "label_rank": 11, "tags": { "waterway": "dam" } }, "geometry": { "type": "Point", "coordinates": [ 73.498530221743721, 25.169255890934231 ] } },
{ "type": "Feature", "properties": { "name": "(unnamed)", "kind": "Dam", "score": 11, "dedup_count": 2, "label_rank": 11, "tags": { "waterway": "dam" } }, "geometry": { "type": "Point", "coordinates": [ 73.586921225, 25.18651295404587 ] } },
{ "type": "Feature", "properties": { "name": "(unnamed)", "kind": "Dam", "score": 11, "dedup_count": 2, "label_rank": 11, "tags": { "waterway": "dam" } }, "geometry": { "type": "Point", "coordinates": [ 73.419750032340559, 25.216983232643482 ] } },
{ "type": "Feature", "properties": { "name": "(unnamed)", "kind": "Dam", "score": 11, "dedup_count": 2, "label_rank": 11, "tags": { "waterway": "dam" } }, "geometry": { "type": "Point", "coordinates": [ 73.334827063496462, 25.236042956662718 ] } },
{ "type": "Feature", "properties": { "name": "(unnamed)", "kind": "Dam", "score": 11, "dedup_count": 2, "label_rank": 11, "tags": { "waterway": "dam" } }, "geometry": { "type": "Point", "coordinates": [ 73.753416088697023, 25.307427196937116 ] } },
{ "type": "Feature", "properties": { "name": "(unnamed)", "kind": "Dam", "score": 11, "dedup_count": 2, "label_rank": 11, "tags": { "waterway": "dam" } }, "geometry": { "type": "Point", "coordinates": [ 73.717953275, 25.309266730028664 ] } },
{ "type": "Feature", "properties": { "name": "(unnamed)", "kind": "Dam", "score": 11, "dedup_count": 2, "label_rank": 11, "tags": { "waterway": "dam" } }, "geometry": { "type": "Point", "coordinates": [ 73.709214452824241, 25.597272315248716 ] } },
{ "type": "Feature", "properties": { "name": "(unnamed)", "kind": "Dam", "score": 11, "dedup_count": 2, "label_rank": 11, "tags": { "waterway": "dam" } }, "geometry": { "type": "Point", "coordinates": [ 73.775455099054156, 25.60312882375154 ] } },
{ "type": "Feature", "properties": { "name": "(unnamed)", "kind": "Dam", "score": 11, "dedup_count": 2, "label_rank": 11, "tags": { "waterway": "dam" } }, "geometry": { "type": "Point", "coordinates": [ 73.682783718354983, 25.600236055568242 ] } },
{ "type": "Feature", "properties": { "name": "(unnamed)", "kind": "Dam", "score": 11, "dedup_count": 2, "label_rank": 11, "tags": { "waterway": "dam" } }, "geometry": { "type": "Point", "coordinates": [ 73.689002250674065, 26.224780376969349 ] } },
{ "type": "Feature", "properties": { "name": "(unnamed)", "kind": "Dam", "score": 11, "dedup_count": 2, "label_rank": 11, "tags": { "waterway": "dam" } }, "geometry": { "type": "Point", "coordinates": [ 73.563056, 32.695169402131 ] } },
{ "type": "Feature", "properties": { "name": "(unnamed)", "kind": "Dam", "score": 11, "dedup_count": 2, "label_rank": 11, "tags": { "waterway": "dam" } }, "geometry": { "type": "Point", "coordinates": [ 73.604477290325562, 33.100680337320334 ] } },
{ "type": "Feature", "properties": { "name": "(unnamed)", "kind": "Dam", "score": 11, "dedup_count": 2, "label_rank": 11, "tags": { "waterway": "dam" } }, "geometry": { "type": "Point", "coordinates": [ 73.22355445, 33.637749106646339 ] } },
{ "type": "Feature", "properties": { "name": "(unnamed)", "kind": "Dam", "score": 11, "dedup_count": 2, "label_rank": 11, "tags": { "waterway": "dam" } }, "geometry": { "type": "Point", "coordinates": [ 74.034175656163043, 23.022735998749273 ] } },
{ "type": "Feature", "properties": { "name": "(unnamed)", "kind": "Dam", "score": 11, "dedup_count": 2, "label_rank": 11, "tags": { "waterway": "dam" } }, "geometry": { "type": "Point", "coordinates": [ 74.554471594149803, 23.09924150326599 ] } },
{ "type": "Feature", "properties": { "name": "(unnamed)", "kind": "Dam", "score": 11, "dedup_count": 2, "label_rank": 11, "tags": { "waterway": "dam" } }, "geometry": { "type": "Point", "coordinates": [ 74.46053177065896, 23.542253344749842 ] } },
{ "type": "Feature", "properties": { "name": "(unnamed)", "kind": "Dam", "score": 11, "dedup_count": 2, "label_rank": 11, "tags": { "waterway": "dam" } }, "geometry": { "type": "Point", "coordinates": [ 74.090366194659964, 25.735914600486726 ] } },
{ "type": "Feature", "properties": { "name": "(unnamed)", "kind": "Dam", "score": 11, "dedup_count": 2, "label_rank": 11, "tags": { "waterway": "dam" } }, "geometry": { "type": "Point", "coordinates": [ 74.319943057588304, 26.390123296998894 ] } },
{ "type": "Feature", "properties": { "name": "(unnamed)", "kind": "Dam", "score": 11, "dedup_count": 2, "label_rank": 11, "tags": { "waterway": "dam" } }, "geometry": { "type": "Point", "coordinates": [ 74.1009754, 31.631852475522336 ] } },
{ "type": "Feature", "properties": { "name": "(unnamed)", "kind": "Dam", "score": 11, "dedup_count": 2, "label_rank": 11, "tags": { "waterway": "dam" } }, "geometry": { "type": "Point", "coordinates": [ 74.199806461212646, 34.15389236357624 ] } },
{ "type": "Feature", "properties": { "name": "(unnamed)", "kind": "Dam", "score": 11, "dedup_count": 2, "label_rank": 11, "tags": { "waterway": "dam" } }, "geometry": { "type": "Point", "coordinates": [ 74.135454337919739, 35.353627688703362 ] } },
{ "type": "Feature", "properties": { "name": "(unnamed)", "kind": "Dam", "score": 11, "dedup_count": 2, "label_rank": 11, "tags": { "waterway": "dam" } }, "geometry": { "type": "Point", "coordinates": [ 74.990441500983295, 24.927457425759112 ] } },
{ "type": "Feature", "properties": { "name": "(unnamed)", "kind": "Dam", "score": 11, "dedup_count": 2, "label_rank": 11, "tags": { "waterway": "dam" } }, "geometry": { "type": "Point", "coordinates": [ 75.056457214862974, 26.584170861012993 ] } },
{ "type": "Feature", "properties": { "name": "(unnamed)", "kind": "Dam", "score": 11, "dedup_count": 2, "label_rank": 11, "tags": { "waterway": "dam" } }, "geometry": { "type": "Point", "coordinates": [ 75.823887675, 26.945593125026182 ] } },
{ "type": "Feature", "properties": { "name": "(unnamed)", "kind": "Dam", "score": 11, "dedup_count": 2, "label_rank": 11, "tags": { "waterway": "dam" } }, "geometry": { "type": "Point", "coordinates": [ 75.741370375, 31.964172625606651 ] } },
{ "type": "Feature", "properties": { "name": "(unnamed)", "kind": "Dam", "score": 11, "dedup_count": 2, "label_rank": 11, "tags": { "waterway": "dam" } }, "geometry": { "type": "Point", "coordinates": [ 74.810409075, 34.013693250045556 ] } },
{ "type": "Feature", "properties": { "name": "(unnamed)", "kind": "Dam", "score": 11, "dedup_count": 2, "label_rank": 11, "tags": { "waterway": "dam" } }, "geometry": { "type": "Point", "coordinates": [ 75.062086547901004, 34.237824088794312 ] } },
{ "type": "Feature", "properties": { "name": "(unnamed)", "kind": "Dam", "score": 11, "dedup_count": 2, "label_rank": 11, "tags": { "waterway": "dam" } }, "geometry": { "type": "Point", "coordinates": [ 76.39042524540919, 23.87429821035613 ] } },
{ "type": "Feature", "properties": { "name": "(unnamed)", "kind": "Dam", "score": 11, "dedup_count": 2, "label_rank": 11, "tags": { "waterway": "dam" } }, "geometry": { "type": "Point", "coordinates": [ 76.722984266499708, 25.810172653336437 ] } },
{ "type": "Feature", "properties": { "name": "(unnamed)", "kind": "Dam", "score": 11, "dedup_count": 2, "label_rank": 11, "tags": { "waterway": "dam" } }, "geometry": { "type": "Point", "coordinates": [ 76.582008222517658, 26.03413638488842 ] } },
{ "type": "Feature", "properties": { "name": "(unnamed)", "kind": "Dam", "score": 11, "dedup_count": 2, "label_rank": 11, "tags": { "waterway": "dam" } }, "geometry": { "type": "Point", "coordinates": [ 76.410595435279077, 26.550355854047908 ] } },
{ "type": "Feature", "properties": { "name": "(unnamed)", "kind": "Dam", "score": 11, "dedup_count": 2, "label_rank": 11, "tags": { "waterway": "dam" } }, "geometry": { "type": "Point", "coordinates": [ 76.262654964342687, 26.884482862658366 ] } },
{ "type": "Feature", "properties": { "name": "(unnamed)", "kind": "Dam", "score": 11, "dedup_count": 2, "label_rank": 11, "tags": { "waterway": "dam" } }, "geometry": { "type": "Point", "coordinates": [ 75.855207545463372, 26.951096491738404 ] } },
{ "type": "Feature", "properties": { "name": "(unnamed)", "kind": "Dam", "score": 11, "dedup_count": 2, "label_rank": 11, "tags": { "waterway": "dam" } }, "geometry": { "type": "Point", "coordinates": [ 76.782266901662084, 29.482408177686285 ] } },
{ "type": "Feature", "properties": { "name": "(unnamed)", "kind": "Dam", "score": 11, "dedup_count": 2, "label_rank": 11, "tags": { "waterway": "dam" } }, "geometry": { "type": "Point", "coordinates": [ 76.518934083593805, 30.987406140001188 ] } },
{ "type": "Feature", "properties": { "name": "(unnamed)", "kind": "Dam", "score": 11, "dedup_count": 2, "label_rank": 11, "tags": { "waterway": "dam" } }, "geometry": { "type": "Point", "coordinates": [ 75.95323615, 31.669054867275229 ] } },
{ "type": "Feature", "properties": { "name": "(unnamed)", "kind": "Dam", "score": 11, "dedup_count": 2, "label_rank": 11, "tags": { "source": "bing", "waterway": "dam" } }, "geometry": { "type": "Point", "coordinates": [ 75.836689935718439, 31.955220657494678 ] } },
{ "type": "Feature", "properties": { "name": "(unnamed)", "kind": "Dam", "score": 11, "dedup_count": 2, "label_rank": 11, "tags": { "waterway": "dam" } }, "geometry": { "type": "Point", "coordinates": [ 76.393383447678389, 32.222494836250789 ] } },
{ "type": "Feature", "properties": { "name": "(unnamed)", "kind": "Dam", "score": 11, "dedup_count": 2, "label_rank": 11, "tags": { "layer": "1", "waterway": "dam" } }, "geometry": { "type": "Point", "coordinates": [ 76.1340656, 34.551081375186293 ] } },
{ "type": "Feature", "properties": { "name": "(unnamed)", "kind": "Dam", "score": 11, "dedup_count": 2, "label_rank": 11, "tags": { "waterway": "dam" } }, "geometry": { "type": "Point", "coordinates": [ 77.841625825413175, 26.27201471470584 ] } },
{ "type": "Feature", "properties": { "name": "(unnamed)", "kind": "Dam", "score": 11, "dedup_count": 2, "label_rank": 11, "tags": { "waterway": "dam" } }, "geometry": { "type": "Point", "coordinates": [ 77.699711525468061, 26.567668670212623 ] } },
{ "type": "Feature", "properties": { "name": "(unnamed)", "kind": "Dam", "score": 11, "dedup_count": 2, "label_rank": 11, "tags": { "waterway": "dam" } }, "geometry": { "type": "Point", "coordinates": [ 77.777452336540122, 26.590841239757818 ] } },
{ "type": "Feature", "properties": { "name": "(unnamed)", "kind": "Dam", "score": 11, "dedup_count": 2, "label_rank": 11, "tags": { "waterway": "dam" } }, "geometry": { "type": "Point", "coordinates": [ 77.3781863, 26.596046741331051 ] } },
{ "type": "Feature", "properties": { "name": "(unnamed)", "kind": "Dam", "score": 11, "dedup_count": 2, "label_rank": 11, "tags": { "waterway": "dam" } }, "geometry": { "type": "Point", "coordinates": [ 77.445792697290457, 26.821567483455478 ] } },
{ "type": "Feature", "properties": { "name": "(unnamed)", "kind": "Dam", "score": 11, "dedup_count": 2, "label_rank": 11, "tags": { "waterway": "dam" } }, "geometry": { "type": "Point", "coordinates": [ 77.480403473218814, 28.097844605708353 ] } },
{ "type": "Feature", "properties": { "name": "(unnamed)", "kind": "Dam", "score": 11, "dedup_count": 2, "label_rank": 11, "tags": { "waterway": "dam" } }, "geometry": { "type": "Point", "coordinates": [ 77.265094484930103, 28.40185015401676 ] } },
{ "type": "Feature", "properties": { "name": "(unnamed)", "kind": "Dam", "score": 11, "dedup_count": 2, "label_rank": 11, "tags": { "waterway": "dam" } }, "geometry": { "type": "Point", "coordinates": [ 77.294804426036862, 28.56679752562837 ] } },
{ "type": "Feature", "properties": { "name": "(unnamed)", "kind": "Dam", "score": 11, "dedup_count": 2, "label_rank": 11, "tags": { "material": "metal", "waterway": "dam" } }, "geometry": { "type": "Point", "coordinates": [ 77.299541882057838, 28.585653708408856 ] } },
{ "type": "Feature", "properties": { "name": "(unnamed)", "kind": "Dam", "score": 11, "dedup_count": 2, "label_rank": 11, "tags": { "waterway": "dam" } }, "geometry": { "type": "Point", "coordinates": [ 77.229528108157226, 30.08080245831751 ] } },
{ "type": "Feature", "properties": { "name": "(unnamed)", "kind": "Dam", "score": 11, "dedup_count": 2, "label_rank": 11, "tags": { "waterway": "dam" } }, "geometry": { "type": "Point", "coordinates": [ 77.273761268000584, 30.111161998982624 ] } },
{ "type": "Feature", "properties": { "name": "(unnamed)", "kind": "Dam", "score": 11, "dedup_count": 2, "label_rank": 11, "tags": { "waterway": "dam" } }, "geometry": { "type": "Point", "coordinates": [ 77.630374873721763, 30.428898498473512 ] } },
{ "type": "Feature", "properties": { "name": "(unnamed)", "kind": "Dam", "score": 11, "dedup_count": 2, "label_rank": 11, "tags": { "waterway": "dam" } }, "geometry": { "type": "Point", "coordinates": [ 77.682647588617002, 30.435871008478262 ] } },
{ "type": "Feature", "properties": { "name": "(unnamed)", "kind": "Dam", "score": 11, "dedup_count": 2, "label_rank": 11, "tags": { "waterway": "dam" } }, "geometry": { "type": "Point", "coordinates": [ 77.950817892331429, 37.360889614734191 ] } },
{ "type": "Feature", "properties": { "name": "(unnamed)", "kind": "Dam", "score": 11, "dedup_count": 2, "label_rank": 11, "tags": { "waterway": "dam" } }, "geometry": { "type": "Point", "coordinates": [ 79.279109978051721, 25.323811193685962 ] } },
{ "type": "Feature", "properties": { "name": "(unnamed)", "kind": "Dam", "score": 11, "dedup_count": 2, "label_rank": 11, "tags": { "waterway": "dam" } }, "geometry": { "type": "Point", "coordinates": [ 78.785127337282688, 25.515345749062508 ] } },
{ "type": "Feature", "properties": { "name": "(unnamed)", "kind": "Dam", "score": 11, "dedup_count": 2, "label_rank": 11, "tags": { "waterway": "dam" } }, "geometry": { "type": "Point", "coordinates": [ 78.140807996910723, 26.397545969051851 ] } },
{ "type": "Feature", "properties": { "name": "(unnamed)", "kind": "Dam", "score": 11, "dedup_count": 2, "label_rank": 11, "tags": { "waterway": "dam" } }, "geometry": { "type": "Point", "coordinates": [ 79.04781117919039, 28.555206298108018 ] } },
{ "type": "Feature", "properties": { "name": "(unnamed)", "kind": "Dam", "score": 11, "dedup_count": 2, "label_rank": 11, "tags": { "waterway": "dam" } }, "geometry": { "type": "Point", "coordinates": [ 79.007237922584508, 29.345842368467238 ] } },
{ "type": "Feature", "properties": { "name": "(unnamed)", "kind": "Dam", "score": 11, "dedup_count": 2, "label_rank": 11, "tags": { "waterway": "dam" } }, "geometry": { "type": "Point", "coordinates": [ 78.234490471473094, 30.039174058965752 ] } },
{ "type": "Feature", "properties": { "name": "(unnamed)", "kind": "Dam", "score": 11, "dedup_count": 2, "label_rank": 11, "tags": { "waterway": "dam" } }, "geometry": { "type": "Point", "coordinates": [ 78.528709826180275, 30.739259196764753 ] } },
{ "type": "Feature", "properties": { "name": "(unnamed)", "kind": "Dam", "score": 11, "dedup_count": 2, "label_rank": 11, "tags": { "waterway": "dam" } }, "geometry": { "type": "Point", "coordinates": [ 79.623970925, 33.677374325492501 ] } },
{ "type": "Feature", "properties": { "name": "(unnamed)", "kind": "Dam", "score": 11, "dedup_count": 2, "label_rank": 11, "tags": { "waterway": "dam" } }, "geometry": { "type": "Point", "coordinates": [ 78.610912328445281, 34.633157722769404 ] } },
{ "type": "Feature", "properties": { "name": "(unnamed)", "kind": "Dam", "score": 11, "dedup_count": 2, "label_rank": 11, "tags": { "waterway": "dam" } }, "geometry": { "type": "Point", "coordinates": [ 78.899556124999989, 34.828480100043151 ] } },
{ "type": "Feature", "properties": { "name": "(unnamed)", "kind": "Dam", "score": 11, "dedup_count": 2, "label_rank": 11, "tags": { "waterway": "dam" } }, "geometry": { "type": "Point", "coordinates": [ 80.422984175, 23.078306450224567 ] } },
{ "type": "Feature", "properties": { "name": "(unnamed)", "kind": "Dam", "score": 11, "dedup_count": 2, "label_rank": 11, "tags": { "waterway": "dam" } }, "geometry": { "type": "Point", "coordinates": [ 80.122001590507168, 23.345020052958105 ] } },
{ "type": "Feature", "properties": { "name": "(unnamed)", "kind": "Dam", "score": 11, "dedup_count": 2, "label_rank": 11, "tags": { "source": "bing", "waterway": "dam" } }, "geometry": { "type": "Point", "coordinates": [ 80.490805919740495, 27.103751456363845 ] } },
{ "type": "Feature", "properties": { "name": "Ab Mother", "kind": "Dam", "score": 11, "dedup_count": 1, "label_rank": 11, "tags": { "name": "بند آب مادر", "name:en": "Ab Mother", "waterway": "dam" } }, "geometry": { "type": "Point", "coordinates": [ 67.4816486, 33.0230329 ] } },
{ "type": "Feature", "properties": { "name": "Allai Khwar Dam", "kind": "Dam", "score": 11, "dedup_count": 1, "label_rank": 11, "tags": { "material": "concrete", "name": "Allai Khwar Dam", "operator": "WAPDA", "waterway": "dam" } }, "geometry": { "type": "Point", "coordinates": [ 73.02109775038771, 34.858731365660681 ] } },
{ "type": "Feature", "properties": { "name": "Aza Kheil o Dam / ازا خیل ڈیم", "kind": "Dam", "score": 11, "dedup_count": 1, "label_rank": 11, "tags": { "name": "Aza Kheil o Dam / ازا خیل ڈیم", "waterway": "dam" } }, "geometry": { "type": "Point", "coordinates": [ 71.6348225, 33.7858598 ] } },
{ "type": "Feature", "properties": { "name": "Bada Dam", "kind": "Dam", "score": 11, "dedup_count": 1, "label_rank": 11, "tags": { "area": "yes", "name": "بادہ ڈیم", "name:en": "Bada Dam", "waterway": "dam" } }, "geometry": { "type": "Point", "coordinates": [ 72.709394225643067, 34.171709837241394 ] } },
{ "type": "Feature", "properties": { "name": "Baira Dam", "kind": "Dam", "score": 11, "dedup_count": 1, "label_rank": 11, "tags": { "name": "Baira Dam", "waterway": "dam" } }, "geometry": { "type": "Point", "coordinates": [ 76.141773325997605, 32.806782973101029 ] } },
{ "type": "Feature", "properties": { "name": "Bajoli Holi Dam", "kind": "Dam", "score": 11, "dedup_count": 1, "label_rank": 11, "tags": { "name": "Bajoli Holi Dam", "waterway": "dam" } }, "geometry": { "type": "Point", "coordinates": [ 76.669364667877815, 32.280388916348045 ] } },
{ "type": "Feature", "properties": { "name": "Bampur", "kind": "Dam", "score": 11, "dedup_count": 1, "label_rank": 11, "tags": { "name": "سد بمپور", "name:en": "Bampur", "waterway": "dam" } }, "geometry": { "type": "Point", "coordinates": [ 60.586356287154565, 27.183277184268597 ] } },
{ "type": "Feature", "properties": { "name": "Band-e Amir Ghazi", "kind": "Dam", "score": 11, "dedup_count": 1, "label_rank": 11, "tags": { "alt_name": "Bande Amire Ghazi;Band-e Amir-e Ghazi;Band-i-Amir", "gns:dsg": "DAM: dam", "gns:fc": "S - Spot Features", "name": "بند امیر غازی", "name:en": "Band-e Amir Ghazi", "name:ps": "بند امیر غازی", "name:ru": "Плотина Амир Гази", "source:name": "GNS", "waterway": "dam" } }, "geometry": { "type": "Point", "coordinates": [ 69.3837927, 34.4227377 ] } },
{ "type": "Feature", "properties": { "name": "Band-i Mahipar Dam", "kind": "Dam", "score": 11, "dedup_count": 1, "label_rank": 11, "tags": { "name": "Band-i Mahipar Dam", "start_date": "1966", "waterway": "dam" } }, "geometry": { "type": "Point", "coordinates": [ 69.479236878355962, 34.556087172969519 ] } },
{ "type": "Feature", "properties": { "name": "Bandi Dowrankhil", "kind": "Dam", "score": 11, "dedup_count": 1, "label_rank": 11, "tags": { "area": "yes", "material": "concrete", "name": "بند دوران خیل", "name:en": "Bandi Dowrankhil", "waterway": "dam" } }, "geometry": { "type": "Point", "coordinates": [ 69.438836893278989, 34.385654142161101 ] } },
{ "type": "Feature", "properties": { "name": "Bandi Ghazi", "kind": "Dam", "score": 11, "dedup_count": 1, "label_rank": 11, "tags": { "area": "yes", "ele": "2063", "material": "brick", "name": "بند غازی", "name:en": "Bandi Ghazi", "waterway": "dam" } }, "geometry": { "type": "Point", "coordinates": [ 69.381453963158222, 34.420039944075498 ] } },
{ "type": "Feature", "properties": { "name": "banjara dam", "kind": "Dam", "score": 11, "dedup_count": 1, "label_rank": 11, "tags": { "name": "banjara dam", "waterway": "dam" } }, "geometry": { "type": "Point", "coordinates": [ 76.691127099999989, 25.6676195 ] } },
{ "type": "Feature", "properties": { "name": "باغ پل بند", "kind": "Dam", "score": 11, "dedup_count": 1, "label_rank": 11, "tags": { "area": "yes", "name": "باغ پل بند", "waterway": "dam" } }, "geometry": { "type": "Point", "coordinates": [ 65.583884926277932, 31.618895953917189 ] } },
{ "type": "Feature", "properties": { "name": "Bhuttri Dam", "kind": "Dam", "score": 11, "dedup_count": 1, "label_rank": 11, "tags": { "name": "Bhuttri Dam", "waterway": "dam" } }, "geometry": { "type": "Point", "coordinates": [ 73.0364978, 33.9445615 ] } },
{ "type": "Feature", "properties": { "name": "بند آب سرآب تبقوس", "kind": "Dam", "score": 11, "dedup_count": 1, "label_rank": 11, "tags": { "name": "بند آب سرآب تبقوس", "waterway": "dam" } }, "geometry": { "type": "Point", "coordinates": [ 67.4883076, 32.9960886 ] } },
{ "type": "Feature", "properties": { "name": "بند آب وحدت سه قول", "kind": "Dam", "score": 11, "dedup_count": 1, "label_rank": 11, "tags": { "name": "بند آب وحدت سه قول", "waterway": "dam" } }, "geometry": { "type": "Point", "coordinates": [ 67.4503703, 33.0177971 ] } },
{ "type": "Feature", "properties": { "name": "بند برق اول", "kind": "Dam", "score": 11, "dedup_count": 1, "label_rank": 11, "tags": { "name": "بند برق اول", "operator": "Dam", "waterway": "dam" } }, "geometry": { "type": "Point", "coordinates": [ 68.7105847, 35.9415452 ] } },
{ "type": "Feature", "properties": { "name": "بند نهر لشکری", "kind": "Dam", "score": 11, "dedup_count": 1, "label_rank": 11, "tags": { "name": "بند نهر لشکری", "waterway": "dam" } }, "geometry": { "type": "Point", "coordinates": [ 61.81244136584084, 30.610648067858264 ] } },
{ "type": "Feature", "properties": { "name": "بند انحرافی سد کمالخان", "kind": "Dam", "score": 11, "dedup_count": 1, "label_rank": 11, "tags": { "name": "بند انحرافی سد کمالخان", "waterway": "dam" } }, "geometry": { "type": "Point", "coordinates": [ 61.773347099999988, 30.27600055 ] } },
{ "type": "Feature", "properties": { "name": "Chahan Dam", "kind": "Dam", "score": 11, "dedup_count": 1, "label_rank": 11, "tags": { "name": "Chahan Dam", "waterway": "dam" } }, "geometry": { "type": "Point", "coordinates": [ 72.881308203310127, 33.459602198338665 ] } },
{ "type": "Feature", "properties": { "name": "Chamera II Dam", "kind": "Dam", "score": 11, "dedup_count": 1, "label_rank": 11, "tags": { "area": "yes", "name": "Chamera II Dam", "waterway": "dam" } }, "geometry": { "type": "Point", "coordinates": [ 76.253321366573886, 32.472833885295522 ] } },
{ "type": "Feature", "properties": { "name": "Chandrana dam", "kind": "Dam", "score": 11, "dedup_count": 1, "label_rank": 11, "tags": { "name": "Chandrana dam", "waterway": "dam" } }, "geometry": { "type": "Point", "coordinates": [ 76.231095440587552, 26.983617417533416 ] } },
{ "type": "Feature", "properties": { "name": "Checkdam", "kind": "Dam", "score": 11, "dedup_count": 1, "label_rank": 11, "tags": { "name": "Checkdam", "waterway": "dam" } }, "geometry": { "type": "Point", "coordinates": [ 73.58268905, 23.3222603 ] } },
{ "type": "Feature", "properties": { "name": "Chhaparwara Dam", "kind": "Dam", "score": 11, "dedup_count": 1, "label_rank": 11, "tags": { "name": "Chhaparwara Dam", "waterway": "dam" } }, "geometry": { "type": "Point", "coordinates": [ 75.2647389, 26.6269735 ] } },
{ "type": "Feature", "properties": { "name": "Dam", "kind": "Dam", "score": 11, "dedup_count": 1, "label_rank": 11, "tags": { "name": "Dam", "waterway": "dam" } }, "geometry": { "type": "Point", "coordinates": [ 73.049269829051312, 23.425274037500529 ] } },
{ "type": "Feature", "properties": { "name": "Dantiwada dam", "kind": "Dam", "score": 11, "dedup_count": 1, "label_rank": 11, "tags": { "name": "Dantiwada dam", "waterway": "dam" } }, "geometry": { "type": "Point", "coordinates": [ 72.3440534, 24.350982 ] } },
{ "type": "Feature", "properties": { "name": "Darmalak", "kind": "Dam", "score": 11, "dedup_count": 1, "label_rank": 11, "tags": { "area": "yes", "name": "Darmalak", "waterway": "dam" } }, "geometry": { "type": "Point", "coordinates": [ 71.235318398760938, 33.392792224284861 ] } },
{ "type": "Feature", "properties": { "name": "Darmalak", "kind": "Dam", "score": 11, "dedup_count": 1, "label_rank": 11, "tags": { "area": "yes", "material": "earth", "name": "Darmalak", "source": "DigitalGlobe-Premium", "waterway": "dam" } }, "geometry": { "type": "Point", "coordinates": [ 71.247318950010936, 33.420671985617808 ] } },
{ "type": "Feature", "properties": { "name": "Dasu Dam", "kind": "Dam", "score": 11, "dedup_count": 1, "label_rank": 11, "tags": { "construction": "yes", "name": "Dasu Dam", "waterway": "dam" } }, "geometry": { "type": "Point", "coordinates": [ 73.1934859, 35.317477 ] } },
{ "type": "Feature", "properties": { "name": "Dharnal Dam", "kind": "Dam", "score": 11, "dedup_count": 1, "label_rank": 11, "tags": { "name": "Dharnal Dam", "waterway": "dam" } }, "geometry": { "type": "Point", "coordinates": [ 72.0925535, 32.8079252 ] } },
{ "type": "Feature", "properties": { "name": "Dharoi dam", "kind": "Dam", "score": 11, "dedup_count": 1, "label_rank": 11, "tags": { "name": "Dharoi dam", "waterway": "dam" } }, "geometry": { "type": "Point", "coordinates": [ 72.888367199259761, 23.990445091830331 ] } },
{ "type": "Feature", "properties": { "name": "Dhok Tahlian Dam", "kind": "Dam", "score": 11, "dedup_count": 1, "label_rank": 11, "tags": { "name": "Dhok Tahlian Dam", "waterway": "dam" } }, "geometry": { "type": "Point", "coordinates": [ 72.97862865, 32.7760053 ] } },
{ "type": "Feature", "properties": { "name": "Dhok Talian Dam", "kind": "Dam", "score": 11, "dedup_count": 1, "label_rank": 11, "tags": { "name": "Dhok Talian Dam", "waterway": "dam" } }, "geometry": { "type": "Point", "coordinates": [ 72.868007799999987, 32.80941315 ] } },
{ "type": "Feature", "properties": { "name": "Dhoke Talian Dam", "kind": "Dam", "score": 11, "dedup_count": 1, "label_rank": 11, "tags": { "area": "yes", "name": "Dhoke Talian Dam", "waterway": "dam" } }, "geometry": { "type": "Point", "coordinates": [ 72.996854300707071, 32.811838893448488 ] } },
{ "type": "Feature", "properties": { "name": "Dihqan", "kind": "Dam", "score": 11, "dedup_count": 1, "label_rank": 11, "tags": { "name": "بند دهقان", "name:en": "Dihqan", "operator": "persoanl", "waterway": "dam" } }, "geometry": { "type": "Point", "coordinates": [ 67.4319923, 32.977757 ] } },
{ "type": "Feature", "properties": { "name": "درال ڈیم", "kind": "Dam", "score": 11, "dedup_count": 1, "label_rank": 11, "tags": { "name": "درال ڈیم", "waterway": "dam" } }, "geometry": { "type": "Point", "coordinates": [ 72.508086956874564, 35.221297257128782 ] } },
{ "type": "Feature", "properties": { "name": "Dubair Dam", "kind": "Dam", "score": 11, "dedup_count": 1, "label_rank": 11, "tags": { "layer": "1", "material": "concrete", "name": "Dubair Dam", "operator": "WAPDA", "waterway": "dam" } }, "geometry": { "type": "Point", "coordinates": [ 72.927181783086382, 35.119689074956739 ] } },
{ "type": "Feature", "properties": { "name": "Dul Hasti Dam", "kind": "Dam", "score": 11, "dedup_count": 1, "label_rank": 11, "tags": { "name": "Dul Hasti Dam", "waterway": "dam" } }, "geometry": { "type": "Point", "coordinates": [ 75.798330827145207, 33.369151261108698 ] } },
{ "type": "Feature", "properties": { "name": "Gajod Dam", "kind": "Dam", "score": 11, "dedup_count": 1, "label_rank": 11, "tags": { "layer": "1", "name": "Gajod Dam", "waterway": "dam" } }, "geometry": { "type": "Point", "coordinates": [ 69.5823475411255, 23.065491535236713 ] } },
{ "type": "Feature", "properties": { "name": "گنڈيالی ڈیم", "kind": "Dam", "score": 11, "dedup_count": 1, "label_rank": 11, "tags": { "area": "yes", "name": "گنڈيالی ڈیم", "waterway": "dam" } }, "geometry": { "type": "Point", "coordinates": [ 71.616708603171304, 33.534785601635569 ] } },
{ "type": "Feature", "properties": { "name": "Gosht dirt Dam", "kind": "Dam", "score": 11, "dedup_count": 1, "label_rank": 11, "tags": { "name": "سد خاکی گشت", "name:en": "Gosht dirt Dam", "name:fa": "سد خاکی گشت", "waterway": "dam" } }, "geometry": { "type": "Point", "coordinates": [ 61.9572442, 27.8105751 ] } },
{ "type": "Feature", "properties": { "name": "Gudwalian Dam", "kind": "Dam", "score": 11, "dedup_count": 1, "label_rank": 11, "tags": { "area": "yes", "material": "soil", "name": "گدوالیاں ڈیم", "name:en": "Gudwalian Dam", "waterway": "dam" } }, "geometry": { "type": "Point", "coordinates": [ 72.794688861042857, 34.014842752455685 ] } },
{ "type": "Feature", "properties": { "name": "Gul Dheri Dam", "kind": "Dam", "score": 11, "dedup_count": 1, "label_rank": 11, "tags": { "area": "yes", "name": "گل ڈھیری ڈیم", "name:en": "Gul Dheri Dam", "waterway": "dam" } }, "geometry": { "type": "Point", "coordinates": [ 72.082554878648139, 33.929340268042097 ] } },
{ "type": "Feature", "properties": { "name": "Haji Shah Dam", "kind": "Dam", "score": 11, "dedup_count": 1, "label_rank": 11, "tags": { "area": "yes", "material": "earth", "name": "Haji Shah Dam", "waterway": "dam" } }, "geometry": { "type": "Point", "coordinates": [ 72.318969802640368, 33.880817121163339 ] } },
{ "type": "Feature", "properties": { "name": "Hanna Dam", "kind": "Dam", "score": 11, "dedup_count": 1, "label_rank": 11, "tags": { "name": "Hanna Dam", "waterway": "dam" } }, "geometry": { "type": "Point", "coordinates": [ 67.0959551, 30.2550637 ] } },
{ "type": "Feature", "properties": { "name": "Haqabad Dam", "kind": "Dam", "score": 11, "dedup_count": 1, "label_rank": 11, "tags": { "area": "yes", "name": "سد حق آباد", "name:en": "Haqabad Dam", "waterway": "dam" } }, "geometry": { "type": "Point", "coordinates": [ 61.485155476196191, 27.722730809123256 ] } },
{ "type": "Feature", "properties": { "name": "Haripura Dam", "kind": "Dam", "score": 11, "dedup_count": 1, "label_rank": 11, "tags": { "area": "yes", "name": "Haripura Dam", "waterway": "dam" } }, "geometry": { "type": "Point", "coordinates": [ 79.25970826288777, 29.132032197257768 ] } },
{ "type": "Feature", "properties": { "name": "Harnav Dam", "kind": "Dam", "score": 11, "dedup_count": 1, "label_rank": 11, "tags": { "name": "Harnav Dam", "waterway": "dam" } }, "geometry": { "type": "Point", "coordinates": [ 73.299216347017094, 23.985054948284787 ] } },
{ "type": "Feature", "properties": { "name": "Hathmati Dam", "kind": "Dam", "score": 11, "dedup_count": 1, "label_rank": 11, "tags": { "name": "Hathmati Dam", "waterway": "dam" } }, "geometry": { "type": "Point", "coordinates": [ 72.96739965, 23.60760255 ] } },
{ "type": "Feature", "properties": { "name": "Idini Dam", "kind": "Dam", "score": 11, "dedup_count": 1, "label_rank": 11, "tags": { "name": "Idini Dam", "waterway": "dam" } }, "geometry": { "type": "Point", "coordinates": [ 73.165251734923643, 33.117838529535284 ] } },
{ "type": "Feature", "properties": { "name": "Intake plan", "kind": "Dam", "score": 11, "dedup_count": 1, "label_rank": 11, "tags": { "name": "Intake plan", "waterway": "dam" } }, "geometry": { "type": "Point", "coordinates": [ 69.139652, 36.06017355 ] } },
{ "type": "Feature", "properties": { "name": "Irrigation dam", "kind": "Dam", "score": 11, "dedup_count": 1, "label_rank": 11, "tags": { "area": "yes", "name": "Irrigation dam", "waterway": "dam" } }, "geometry": { "type": "Point", "coordinates": [ 75.23534795, 33.55940005 ] } },
{ "type": "Feature", "properties": { "name": "Jabbi Dam", "kind": "Dam", "score": 11, "dedup_count": 1, "label_rank": 11, "tags": { "name": "Jabbi Dam", "waterway": "dam" } }, "geometry": { "type": "Point", "coordinates": [ 72.221668503125187, 33.475334322050152 ] } },
{ "type": "Feature", "properties": { "name": "Jainti Dam", "kind": "Dam", "score": 11, "dedup_count": 1, "label_rank": 11, "tags": { "name": "Jainti Dam", "waterway": "dam" } }, "geometry": { "type": "Point", "coordinates": [ 76.780628965147699, 30.814273469026332 ] } },
{ "type": "Feature", "properties": { "name": "JAJJA DAM", "kind": "Dam", "score": 11, "dedup_count": 1, "label_rank": 11, "tags": { "name": "JAJJA DAM", "waterway": "dam" } }, "geometry": { "type": "Point", "coordinates": [ 73.126972913987018, 33.277240767393032 ] } },
{ "type": "Feature", "properties": { "name": "Jaleel Dam", "kind": "Dam", "score": 11, "dedup_count": 1, "label_rank": 11, "tags": { "name": "جلوال ڈیم", "name:en": "Jaleel Dam", "waterway": "dam" } }, "geometry": { "type": "Point", "coordinates": [ 72.002529750050087, 33.552968433137544 ] } },
{ "type": "Feature", "properties": { "name": "Jamal Dam", "kind": "Dam", "score": 11, "dedup_count": 1, "label_rank": 11, "tags": { "name": "Jamal Dam", "waterway": "dam" } }, "geometry": { "type": "Point", "coordinates": [ 73.120530189739611, 33.289000078110945 ] } },
{ "type": "Feature", "properties": { "name": "Jataun Dam", "kind": "Dam", "score": 11, "dedup_count": 1, "label_rank": 11, "tags": { "name": "Jataun Dam", "waterway": "dam" } }, "geometry": { "type": "Point", "coordinates": [ 77.468289925247021, 30.587119947597728 ] } },
{ "type": "Feature", "properties": { "name": "Jawahar Sagar Dam", "kind": "Dam", "score": 11, "dedup_count": 1, "label_rank": 11, "tags": { "name": "Jawahar Sagar Dam", "waterway": "dam" } }, "geometry": { "type": "Point", "coordinates": [ 75.677734896421427, 25.037207693959591 ] } },
{ "type": "Feature", "properties": { "name": "Kagdi Pick Up Wier", "kind": "Dam", "score": 11, "dedup_count": 1, "label_rank": 11, "tags": { "name": "Kagdi Pick Up Wier", "waterway": "dam" } }, "geometry": { "type": "Point", "coordinates": [ 74.460675699999982, 23.5429659 ] } },
{ "type": "Feature", "properties": { "name": "Kahn Khwar Dam", "kind": "Dam", "score": 11, "dedup_count": 1, "label_rank": 11, "tags": { "name": "Kahn Khwar Dam", "waterway": "dam" } }, "geometry": { "type": "Point", "coordinates": [ 72.807046049999983, 34.90249165 ] } },
{ "type": "Feature", "properties": { "name": "Kahn Khwar  Dam 1", "kind": "Dam", "score": 11, "dedup_count": 1, "label_rank": 11, "tags": { "material": "concrete", "name": "Kahn Khwar  Dam 1", "operator": "WAPDA", "waterway": "dam" } }, "geometry": { "type": "Point", "coordinates": [ 72.757491422028082, 34.913711465840656 ] } },
{ "type": "Feature", "properties": { "name": "kaliasot dam", "kind": "Dam", "score": 11, "dedup_count": 1, "label_rank": 11, "tags": { "area": "yes", "name": "kaliasot dam", "waterway": "dam" } }, "geometry": { "type": "Point", "coordinates": [ 77.408639619920635, 23.197459894258611 ] } },
{ "type": "Feature", "properties": { "name": "Kandar Dam", "kind": "Dam", "score": 11, "dedup_count": 1, "label_rank": 11, "tags": { "name": "Kandar Dam", "waterway": "dam" } }, "geometry": { "type": "Point", "coordinates": [ 71.824425426285757, 33.550821407413203 ] } },
{ "type": "Feature", "properties": { "name": "Kanota Dam", "kind": "Dam", "score": 11, "dedup_count": 1, "label_rank": 11, "tags": { "name": "Kanota Dam", "waterway": "dam" } }, "geometry": { "type": "Point", "coordinates": [ 75.93310615, 26.91188985 ] } },
{ "type": "Feature", "properties": { "name": "Khan Khwar Hydropower Project", "kind": "Dam", "score": 11, "dedup_count": 1, "label_rank": 11, "tags": { "building": "yes", "fixme": "Largeness and Position of the Building is unknown. Please fix it.", "generator:method": "water-pumped-storage", "generator:source": "hydro", "name": "Khan Khwar Hydropower Project", "operator": "WAPDA", "plant:output:electricity": "130 MW", "start_date": "8.11.2010", "waterway": "dam" } }, "geometry": { "type": "Point", "coordinates": [ 72.86137465, 34.8983063 ] } },
{ "type": "Feature", "properties": { "name": "Kharwar Dam", "kind": "Dam", "score": 11, "dedup_count": 1, "label_rank": 11, "tags": { "area": "yes", "name:en": "Kharwar Dam", "source": "bing", "waterway": "dam" } }, "geometry": { "type": "Point", "coordinates": [ 68.873502628454204, 33.730717747796639 ] } },
{ "type": "Feature", "properties": { "name": "خانپور ڈیم", "kind": "Dam", "score": 11, "dedup_count": 1, "label_rank": 11, "tags": { "area": "yes", "name": "خانپور ڈیم", "waterway": "dam" } }, "geometry": { "type": "Point", "coordinates": [ 72.930179759780074, 33.800702599800125 ] } },
{ "type": "Feature", "properties": { "name": "Khokhar Zer Dam", "kind": "Dam", "score": 11, "dedup_count": 1, "label_rank": 11, "tags": { "name": "Khokhar Zer Dam", "waterway": "dam" } }, "geometry": { "type": "Point", "coordinates": [ 72.862201805501741, 32.8108127499384 ] } },
{ "type": "Feature", "properties": { "name": "Kishenganga Dam", "kind": "Dam", "score": 11, "dedup_count": 1, "label_rank": 11, "tags": { "area": "yes", "name": "Kishenganga Dam", "waterway": "dam" } }, "geometry": { "type": "Point", "coordinates": [ 74.751486335463028, 34.64901857625059 ] } },
{ "type": "Feature", "properties": { "name": "Kotwal Dam", "kind": "Dam", "score": 11, "dedup_count": 1, "label_rank": 11, "tags": { "name": "Kotwal Dam", "waterway": "dam" } }, "geometry": { "type": "Point", "coordinates": [ 78.128060661012185, 26.488894417873471 ] } },
{ "type": "Feature", "properties": { "name": "Kumbhari Dam", "kind": "Dam", "score": 11, "dedup_count": 1, "label_rank": 11, "tags": { "name": "Kumbhari Dam", "waterway": "dam" } }, "geometry": { "type": "Point", "coordinates": [ 67.629581209563682, 29.565678117060394 ] } },
{ "type": "Feature", "properties": { "name": "Kundaliya Dam", "kind": "Dam", "score": 11, "dedup_count": 1, "label_rank": 11, "tags": { "name": "Kundaliya Dam", "waterway": "dam" } }, "geometry": { "type": "Point", "coordinates": [ 76.305105263199962, 23.922023638320521 ] } },
{ "type": "Feature", "properties": { "name": "Lakhwar Dam", "kind": "Dam", "score": 11, "dedup_count": 1, "label_rank": 11, "tags": { "construction": "yes", "name": "Lakhwar Dam", "waterway": "dam" } }, "geometry": { "type": "Point", "coordinates": [ 77.91466819999998, 30.5207723 ] } },
{ "type": "Feature", "properties": { "name": "Lipar", "kind": "Dam", "score": 11, "dedup_count": 1, "label_rank": 11, "tags": { "name": "سد لیپار", "name:en": "Lipar", "waterway": "dam" } }, "geometry": { "type": "Point", "coordinates": [ 60.833822638289021, 25.263871418690588 ] } },
{ "type": "Feature", "properties": { "name": "Lipri Reservoir", "kind": "Dam", "score": 11, "dedup_count": 1, "label_rank": 11, "tags": { "name": "Lipri Reservoir", "waterway": "dam" } }, "geometry": { "type": "Point", "coordinates": [ 80.245286351279205, 23.940008816650739 ] } },
{ "type": "Feature", "properties": { "name": "لکھوال اُٹھوال ڈیم", "kind": "Dam", "score": 11, "dedup_count": 1, "label_rank": 11, "tags": { "name": "لکھوال اُٹھوال ڈیم", "waterway": "dam" } }, "geometry": { "type": "Point", "coordinates": [ 72.768802043859168, 33.026918379582362 ] } },
{ "type": "Feature", "properties": { "name": "Lokal galee", "kind": "Dam", "score": 11, "dedup_count": 1, "label_rank": 11, "tags": { "name": "Lokal galee", "waterway": "dam" } }, "geometry": { "type": "Point", "coordinates": [ 78.57742325000001, 23.62737005 ] } },
{ "type": "Feature", "properties": { "name": "Luni Dam", "kind": "Dam", "score": 11, "dedup_count": 1, "label_rank": 11, "tags": { "name": "Luni Dam", "waterway": "dam" } }, "geometry": { "type": "Point", "coordinates": [ 67.925363549617515, 29.658713944390804 ] } },
{ "type": "Feature", "properties": { "name": "Mailsi Siphon", "kind": "Dam", "score": 11, "dedup_count": 1, "label_rank": 11, "tags": { "name": "Mailsi Siphon", "waterway": "dam" } }, "geometry": { "type": "Point", "coordinates": [ 72.247858239086469, 29.726809326186331 ] } },
{ "type": "Feature", "properties": { "name": "Mangla Dam", "kind": "Dam", "score": 11, "dedup_count": 1, "label_rank": 11, "tags": { "area": "yes", "end_date": "1967", "name": "Mangla Dam", "name:de": "Mangla-Talsperre", "name:en": "Mangla Dam", "name:ur": "منگلا بند", "source": "Bing", "start_date": "1966", "waterway": "dam" } }, "geometry": { "type": "Point", "coordinates": [ 73.641725054079089, 33.141225654327954 ] } },
{ "type": "Feature", "properties": { "name": "Masitawali Head", "kind": "Dam", "score": 11, "dedup_count": 1, "label_rank": 11, "tags": { "name": "Masitawali Head", "waterway": "dam" } }, "geometry": { "type": "Point", "coordinates": [ 74.52143985, 29.45111305 ] } },
{ "type": "Feature", "properties": { "name": "Mazarani Dam", "kind": "Dam", "score": 11, "dedup_count": 1, "label_rank": 11, "tags": { "name": "مزارانی ڈیم", "name:en": "Mazarani Dam", "name:sd": "مزاراڻي ڊئم", "name:ur": "مزارانی ڈیم", "waterway": "dam" } }, "geometry": { "type": "Point", "coordinates": [ 67.542391141413361, 27.37979037825551 ] } },
{ "type": "Feature", "properties": { "name": "Mazum Dam", "kind": "Dam", "score": 11, "dedup_count": 1, "label_rank": 11, "tags": { "name": "Mazum Dam", "waterway": "dam" } }, "geometry": { "type": "Point", "coordinates": [ 73.353580120141643, 23.488624258779886 ] } },
{ "type": "Feature", "properties": { "name": "Misriot Dam", "kind": "Dam", "score": 11, "dedup_count": 1, "label_rank": 11, "tags": { "name": "Misriot Dam", "waterway": "dam" } }, "geometry": { "type": "Point", "coordinates": [ 72.990010396388854, 33.51633890721714 ] } },
{ "type": "Feature", "properties": { "name": "منوال ڈیم", "kind": "Dam", "score": 11, "dedup_count": 1, "label_rank": 11, "tags": { "name": "منوال ڈیم", "waterway": "dam" } }, "geometry": { "type": "Point", "coordinates": [ 72.867458531677457, 33.039414765765514 ] } },
{ "type": "Feature", "properties": { "name": "MogHa Dam", "kind": "Dam", "score": 11, "dedup_count": 1, "label_rank": 11, "tags": { "name": "MogHa Dam", "waterway": "dam" } }, "geometry": { "type": "Point", "coordinates": [ 78.669222824914513, 23.145568305313805 ] } },
{ "type": "Feature", "properties": { "name": "Mohanapura Dam", "kind": "Dam", "score": 11, "dedup_count": 1, "label_rank": 11, "tags": { "name": "Mohanapura Dam", "waterway": "dam" } }, "geometry": { "type": "Point", "coordinates": [ 76.775284388448142, 23.960422861511159 ] } },
{ "type": "Feature", "properties": { "name": "Mokeshwar Dam", "kind": "Dam", "score": 11, "dedup_count": 1, "label_rank": 11, "tags": { "area": "yes", "name": "Mokeshwar Dam", "waterway": "dam" } }, "geometry": { "type": "Point", "coordinates": [ 72.627713017579438, 24.040011063540646 ] } },
{ "type": "Feature", "properties": { "name": "Nai Gaaj Dam", "kind": "Dam", "score": 11, "dedup_count": 1, "label_rank": 11, "tags": { "material": "earth", "name": "Nai Gaaj Dam", "waterway": "dam" } }, "geometry": { "type": "Point", "coordinates": [ 67.318990299999982, 26.87335545 ] } },
{ "type": "Feature", "properties": { "name": "Naka Dam", "kind": "Dam", "score": 11, "dedup_count": 1, "label_rank": 11, "tags": { "name": "Naka Dam", "waterway": "dam" } }, "geometry": { "type": "Point", "coordinates": [ 72.670848049999989, 32.7626376 ] } },
{ "type": "Feature", "properties": { "name": "Nara Dam", "kind": "Dam", "score": 11, "dedup_count": 1, "label_rank": 11, "tags": { "name": "Nara Dam", "waterway": "dam" } }, "geometry": { "type": "Point", "coordinates": [ 69.121345289218382, 23.642672795985362 ] } },
{ "type": "Feature", "properties": { "name": "Narora Dam", "kind": "Dam", "score": 11, "dedup_count": 1, "label_rank": 11, "tags": { "name": "Narora Dam", "name:ur": "نرورا ڈیم", "waterway": "dam" } }, "geometry": { "type": "Point", "coordinates": [ 78.399676343412736, 28.191515255006291 ] } },
{ "type": "Feature", "properties": { "name": "Natiyali Nadi", "kind": "Dam", "score": 11, "dedup_count": 1, "label_rank": 11, "tags": { "name": "Natiyali Nadi", "waterway": "dam" } }, "geometry": { "type": "Point", "coordinates": [ 73.627417199999982, 26.3380972 ] } },
{ "type": "Feature", "properties": { "name": "Neugal Hydro Electric Power Project", "kind": "Dam", "score": 11, "dedup_count": 1, "label_rank": 11, "tags": { "name": "Neugal Hydro Electric Power Project", "waterway": "dam" } }, "geometry": { "type": "Point", "coordinates": [ 76.557550405280352, 32.183384360607654 ] } },
{ "type": "Feature", "properties": { "name": "Nikki Dam", "kind": "Dam", "score": 11, "dedup_count": 1, "label_rank": 11, "tags": { "material": "soil", "name": "Nikki Dam", "waterway": "dam" } }, "geometry": { "type": "Point", "coordinates": [ 71.805361518394932, 32.965214479972204 ] } },
{ "type": "Feature", "properties": { "name": "Nosri  Dam", "kind": "Dam", "score": 11, "dedup_count": 1, "label_rank": 11, "tags": { "name": "Nosri  Dam", "waterway": "dam" } }, "geometry": { "type": "Point", "coordinates": [ 73.7174808, 34.3980826 ] } },
{ "type": "Feature", "properties": { "name": "Panjnad", "kind": "Dam", "score": 11, "dedup_count": 1, "label_rank": 11, "tags": { "name": "Panjnad", "waterway": "dam" } }, "geometry": { "type": "Point", "coordinates": [ 71.020130521596258, 29.346478007802801 ] } },
{ "type": "Feature", "properties": { "name": "Parbati Hydroelectric Project (Stage-II)", "kind": "Dam", "score": 11, "dedup_count": 1, "label_rank": 11, "tags": { "alt_name": "Pulga Dam", "material": "concrete", "name": "Parbati Hydroelectric Project (Stage-II)", "operator": "National Hydroelectric Power Corporation (NHPC)", "waterway": "dam", "website": "https://www.nhpcindia.com/welcome/project_detail/2/3/" } }, "geometry": { "type": "Point", "coordinates": [ 77.450500743597289, 31.998540347597171 ] } },
{ "type": "Feature", "properties": { "name": "Pariccha dam", "kind": "Dam", "score": 11, "dedup_count": 1, "label_rank": 11, "tags": { "name": "Pariccha dam", "river:waterway_distance": "Betwa River", "waterway": "dam" } }, "geometry": { "type": "Point", "coordinates": [ 78.785125666190979, 25.515343819330287 ] } },
{ "type": "Feature", "properties": { "name": "Perch Dam", "kind": "Dam", "score": 11, "dedup_count": 1, "label_rank": 11, "tags": { "name": "Perch Dam", "waterway": "dam" } }, "geometry": { "type": "Point", "coordinates": [ 76.806756229009565, 30.814443575703521 ] } },
{ "type": "Feature", "properties": { "name": "Phalina Noor Dam", "kind": "Dam", "score": 11, "dedup_count": 1, "label_rank": 11, "tags": { "name": "Phalina Noor Dam", "waterway": "dam" } }, "geometry": { "type": "Point", "coordinates": [ 73.310926554260234, 33.3916597167456 ] } },
{ "type": "Feature", "properties": { "name": "Phata Byung", "kind": "Dam", "score": 11, "dedup_count": 1, "label_rank": 11, "tags": { "name": "Phata Byung", "waterway": "dam" } }, "geometry": { "type": "Point", "coordinates": [ 79.0050354, 30.6268787 ] } },
{ "type": "Feature", "properties": { "name": "پھلینہ نور ڈیم", "kind": "Dam", "score": 11, "dedup_count": 1, "label_rank": 11, "tags": { "area": "yes", "name": "پھلینہ نور ڈیم", "waterway": "dam" } }, "geometry": { "type": "Point", "coordinates": [ 73.310926554260234, 33.3916597167456 ] } },
{ "type": "Feature", "properties": { "name": "Pillowa Dam", "kind": "Dam", "score": 11, "dedup_count": 1, "label_rank": 11, "tags": { "name": "Pillowa Dam", "waterway": "dam" } }, "geometry": { "type": "Point", "coordinates": [ 78.146066211417377, 26.451371698399953 ] } },
{ "type": "Feature", "properties": { "name": "Pishin Dam", "kind": "Dam", "score": 11, "dedup_count": 1, "label_rank": 11, "tags": { "name": "سد پیشین", "name:en": "Pishin Dam", "source": "Bing", "waterway": "dam" } }, "geometry": { "type": "Point", "coordinates": [ 61.689024633532767, 26.026979883482642 ] } },
{ "type": "Feature", "properties": { "name": "Qibla Bandi Dam", "kind": "Dam", "score": 11, "dedup_count": 1, "label_rank": 11, "tags": { "area": "yes", "name": "قبلا بانڈی ڈیم", "name:en": "Qibla Bandi Dam", "waterway": "dam" } }, "geometry": { "type": "Point", "coordinates": [ 72.580726829113019, 33.887985728627228 ] } },
{ "type": "Feature", "properties": { "name": "Rajwakti Hydro Power Project", "kind": "Dam", "score": 11, "dedup_count": 1, "label_rank": 11, "tags": { "name": "Rajwakti Hydro Power Project", "source": "http://www.himurja.co.in/projects-hs-rhpp16d3.html", "waterway": "dam" } }, "geometry": { "type": "Point", "coordinates": [ 79.34935305, 30.30727795 ] } },
{ "type": "Feature", "properties": { "name": "Rana Pratap Sagar Dam", "kind": "Dam", "score": 11, "dedup_count": 1, "label_rank": 11, "tags": { "name": "Rana Pratap Sagar Dam", "waterway": "dam" } }, "geometry": { "type": "Point", "coordinates": [ 75.582659790026952, 24.917967287832926 ] } },
{ "type": "Feature", "properties": { "name": "Ranolia Khwar Dam", "kind": "Dam", "score": 11, "dedup_count": 1, "label_rank": 11, "tags": { "material": "concrete", "name": "Ranolia Khwar Dam", "waterway": "dam" } }, "geometry": { "type": "Point", "coordinates": [ 72.865780349397241, 35.054548231437856 ] } },
{ "type": "Feature", "properties": { "name": "Rinjhari Ka Baandh", "kind": "Dam", "score": 11, "dedup_count": 1, "label_rank": 11, "tags": { "name": "Rinjhari Ka Baandh", "waterway": "dam" } }, "geometry": { "type": "Point", "coordinates": [ 77.214781299999984, 26.4033526 ] } },
{ "type": "Feature", "properties": { "name": "RIVER PADAM", "kind": "Dam", "score": 11, "dedup_count": 1, "label_rank": 11, "tags": { "name": "RIVER PADAM", "waterway": "dam" } }, "geometry": { "type": "Point", "coordinates": [ 78.6672301, 27.3231204 ] } },
{ "type": "Feature", "properties": { "name": "Sag parida", "kind": "Dam", "score": 11, "dedup_count": 1, "label_rank": 11, "tags": { "name": "Sag parida", "name:fa": "بند ساگ پریده", "waterway": "dam" } }, "geometry": { "type": "Point", "coordinates": [ 67.4839367, 32.9469681 ] } },
{ "type": "Feature", "properties": { "name": "Salal Dam", "kind": "Dam", "score": 11, "dedup_count": 1, "label_rank": 11, "tags": { "name": "Salal Dam", "waterway": "dam" } }, "geometry": { "type": "Point", "coordinates": [ 74.810330204040369, 33.142516542242937 ] } },
{ "type": "Feature", "properties": { "name": "Salami Dam", "kind": "Dam", "score": 11, "dedup_count": 1, "label_rank": 11, "tags": { "area": "yes", "name": "بند سلامی", "name:en": "Salami Dam", "waterway": "dam" } }, "geometry": { "type": "Point", "coordinates": [ 60.04165220965649, 34.784874720436356 ] } },
{ "type": "Feature", "properties": { "name": "Sant Sarovar Dam", "kind": "Dam", "score": 11, "dedup_count": 1, "label_rank": 11, "tags": { "name": "Sant Sarovar Dam", "waterway": "dam" } }, "geometry": { "type": "Point", "coordinates": [ 72.66374725, 23.1998916 ] } },
{ "type": "Feature", "properties": { "name": "Satpula Dam", "kind": "Dam", "score": 11, "dedup_count": 1, "label_rank": 11, "tags": { "access": "yes", "archaeological_site": "fortification", "historic": "archaeological_site", "name": "Satpula Dam", "waterway": "dam" } }, "geometry": { "type": "Point", "coordinates": [ 77.223597275597314, 28.531706288556634 ] } },
{ "type": "Feature", "properties": { "name": "Sawra Kuddu Dam", "kind": "Dam", "score": 11, "dedup_count": 1, "label_rank": 11, "tags": { "name": "Sawra Kuddu Dam", "waterway": "dam" } }, "geometry": { "type": "Point", "coordinates": [ 77.749687004756765, 31.132660981943054 ] } },
{ "type": "Feature", "properties": { "name": "سد کهير", "kind": "Dam", "score": 11, "dedup_count": 1, "label_rank": 11, "tags": { "area": "yes", "name": "سد کهير", "waterway": "dam" } }, "geometry": { "type": "Point", "coordinates": [ 60.142457959516996, 25.630462042758477 ] } },
{ "type": "Feature", "properties": { "name": "سد خاکی نیتول", "kind": "Dam", "score": 11, "dedup_count": 1, "label_rank": 11, "tags": { "name": "سد خاکی نیتول", "waterway": "dam" } }, "geometry": { "type": "Point", "coordinates": [ 62.4463346, 27.3683017 ] } },
{ "type": "Feature", "properties": { "name": "سد کالان", "kind": "Dam", "score": 11, "dedup_count": 1, "label_rank": 11, "tags": { "name": "سد کالان", "waterway": "dam" } }, "geometry": { "type": "Point", "coordinates": [ 61.64438595, 27.40897815 ] } },
{ "type": "Feature", "properties": { "name": "سد کلاته", "kind": "Dam", "score": 11, "dedup_count": 1, "label_rank": 11, "tags": { "name": "سد کلاته", "waterway": "dam" } }, "geometry": { "type": "Point", "coordinates": [ 60.01052215, 31.6340641 ] } },
{ "type": "Feature", "properties": { "name": "سد کمال خان", "kind": "Dam", "score": 11, "dedup_count": 1, "label_rank": 11, "tags": { "name": "سد کمال خان", "waterway": "dam" } }, "geometry": { "type": "Point", "coordinates": [ 61.867186653125017, 30.307704108704975 ] } },
{ "type": "Feature", "properties": { "name": "سد کیش کلگ", "kind": "Dam", "score": 11, "dedup_count": 1, "label_rank": 11, "tags": { "name": "سد کیش کلگ", "waterway": "dam" } }, "geometry": { "type": "Point", "coordinates": [ 61.2370364, 26.5786864 ] } },
{ "type": "Feature", "properties": { "name": "سد مخزنی چهچهه", "kind": "Dam", "score": 11, "dedup_count": 1, "label_rank": 11, "tags": { "name": "سد مخزنی چهچهه", "waterway": "dam" } }, "geometry": { "type": "Point", "coordinates": [ 60.27076262707218, 36.612482518079148 ] } },
{ "type": "Feature", "properties": { "name": "سد ماشکید سفلی", "kind": "Dam", "score": 11, "dedup_count": 1, "label_rank": 11, "tags": { "name": "سد ماشکید سفلی", "name:fa": "سد ماشکید سفلی", "waterway": "dam" } }, "geometry": { "type": "Point", "coordinates": [ 62.6759039, 27.0766948 ] } },
{ "type": "Feature", "properties": { "name": "سد پیشین", "kind": "Dam", "score": 11, "dedup_count": 1, "label_rank": 11, "tags": { "name": "سد پیشین", "waterway": "dam" } }, "geometry": { "type": "Point", "coordinates": [ 61.6891317, 26.0288745 ] } },
{ "type": "Feature", "properties": { "name": "سد شهید دهقان", "kind": "Dam", "score": 11, "dedup_count": 1, "label_rank": 11, "tags": { "name": "سد شهید دهقان", "waterway": "dam" } }, "geometry": { "type": "Point", "coordinates": [ 60.42918419903242, 34.948324128901668 ] } },
{ "type": "Feature", "properties": { "name": "Shah Hydro Energy", "kind": "Dam", "score": 11, "dedup_count": 1, "label_rank": 11, "tags": { "description": "Shah Hydro Plant Is created by Shah & Co Group Of Companies Which is Located In Hari Chand Charsadda And Peshawar", "material": "metal", "name": "Shah Hydro Energy", "operator": "Shah & Co", "waterway": "dam" } }, "geometry": { "type": "Point", "coordinates": [ 71.9143271, 34.2829103 ] } },
{ "type": "Feature", "properties": { "name": "Shahpur Kandi Dam", "kind": "Dam", "score": 11, "dedup_count": 1, "label_rank": 11, "tags": { "alt_name": "Shahpurkandi Dam", "material": "concrete", "name": "Shahpur Kandi Dam", "operator": "Water Resources Department Punjab", "waterway": "dam" } }, "geometry": { "type": "Point", "coordinates": [ 75.67839215, 32.3918487 ] } },
{ "type": "Feature", "properties": { "name": "Shahrikour Dam", "kind": "Dam", "score": 11, "dedup_count": 1, "label_rank": 11, "tags": { "area": "yes", "name": "سد مخزنی شهری کور", "name:en": "Shahrikour Dam", "name:fa": "سد مخزنی شهری کور", "waterway": "dam" } }, "geometry": { "type": "Point", "coordinates": [ 61.959290964384742, 26.609937439856349 ] } },
{ "type": "Feature", "properties": { "name": "Shakrani Dam", "kind": "Dam", "score": 11, "dedup_count": 1, "label_rank": 11, "tags": { "name": "Shakrani Dam", "waterway": "dam" } }, "geometry": { "type": "Point", "coordinates": [ 67.1551387, 27.78981365 ] } },
{ "type": "Feature", "properties": { "name": "Shekh Mesrio Dam", "kind": "Dam", "score": 11, "dedup_count": 1, "label_rank": 11, "tags": { "name": "Shekh Mesrio Dam", "waterway": "dam" } }, "geometry": { "type": "Point", "coordinates": [ 70.314129025289787, 34.371060919569608 ] } },
{ "type": "Feature", "properties": { "name": "Shrinagar Dam", "kind": "Dam", "score": 11, "dedup_count": 1, "label_rank": 11, "tags": { "name": "Shrinagar Dam", "waterway": "dam" } }, "geometry": { "type": "Point", "coordinates": [ 78.831524223985909, 30.240400672955424 ] } },
{ "type": "Feature", "properties": { "name": "shuhada Tabqos", "kind": "Dam", "score": 11, "dedup_count": 1, "label_rank": 11, "tags": { "name": "shuhada Tabqos", "name:fa": "بند آب شهدای تبقوس", "waterway": "dam" } }, "geometry": { "type": "Point", "coordinates": [ 67.486369599999989, 33.0096226 ] } },
{ "type": "Feature", "properties": { "name": "Sialkot Sweets & Bakers", "kind": "Dam", "score": 11, "dedup_count": 1, "label_rank": 11, "tags": { "addr:city": "Sialkot", "addr:street": "Circular Road", "name": "Sialkot Sweets & Bakers", "waterway": "dam" } }, "geometry": { "type": "Point", "coordinates": [ 74.5471217, 32.4894705 ] } },
{ "type": "Feature", "properties": { "name": "Singoli Bhatwari Dam", "kind": "Dam", "score": 11, "dedup_count": 1, "label_rank": 11, "tags": { "name": "Singoli Bhatwari Dam", "waterway": "dam" } }, "geometry": { "type": "Point", "coordinates": [ 79.08793825, 30.50615985 ] } },
{ "type": "Feature", "properties": { "name": "Sokhtok Dam", "kind": "Dam", "score": 11, "dedup_count": 1, "label_rank": 11, "tags": { "name": "Sokhtok Dam", "name:fa": "بند برق سوختوک", "waterway": "dam" } }, "geometry": { "type": "Point", "coordinates": [ 66.20048869999998, 33.7513112 ] } },
{ "type": "Feature", "properties": { "name": "Spera Dam", "kind": "Dam", "score": 11, "dedup_count": 1, "label_rank": 11, "tags": { "name": "Spera Dam", "waterway": "dam" } }, "geometry": { "type": "Point", "coordinates": [ 71.36132695, 33.83911965 ] } },
{ "type": "Feature", "properties": { "name": "Subakzai Dam", "kind": "Dam", "score": 11, "dedup_count": 1, "label_rank": 11, "tags": { "name": "Subakzai Dam", "waterway": "dam" } }, "geometry": { "type": "Point", "coordinates": [ 69.356474399999982, 30.9475568 ] } },
{ "type": "Feature", "properties": { "name": "Sukian Dyke", "kind": "Dam", "score": 11, "dedup_count": 1, "label_rank": 11, "tags": { "area": "yes", "name": "Sukian Dyke", "waterway": "dam" } }, "geometry": { "type": "Point", "coordinates": [ 73.679498253661677, 33.137152731667037 ] } },
{ "type": "Feature", "properties": { "name": "Tainpura Dam", "kind": "Dam", "score": 11, "dedup_count": 1, "label_rank": 11, "tags": { "name": "Tainpura Dam", "waterway": "dam" } }, "geometry": { "type": "Point", "coordinates": [ 73.530343053927879, 33.057156989099973 ] } },
{ "type": "Feature", "properties": { "name": "تاج سد اسدیه", "kind": "Dam", "score": 11, "dedup_count": 1, "label_rank": 11, "tags": { "name": "تاج سد اسدیه", "waterway": "dam" } }, "geometry": { "type": "Point", "coordinates": [ 60.36172395, 32.67484985 ] } },
{ "type": "Feature", "properties": { "name": "Tumaria Dam", "kind": "Dam", "score": 11, "dedup_count": 1, "label_rank": 11, "tags": { "name": "Tumaria Dam", "waterway": "dam" } }, "geometry": { "type": "Point", "coordinates": [ 78.911867410930796, 29.316994020874585 ] } },
{ "type": "Feature", "properties": { "name": "Umedganj Dam", "kind": "Dam", "score": 11, "dedup_count": 1, "label_rank": 11, "tags": { "description": "The dam is made of concrete and has metal gates to control the flow of water. It is  located near the village of Umedganj, hence its name. A stream flows from the dam into a bigger stream. The stream existed before the canal and the dam were made.", "material": "composite", "name": "Umedganj Dam", "operator": "Command Area Development (CAD) Chambal Kota", "waterway": "dam" } }, "geometry": { "type": "Point", "coordinates": [ 75.92052305, 25.1136236 ] } },
{ "type": "Feature", "properties": { "name": "(unnamed)", "kind": "Dam", "score": 11, "dedup_count": 1, "label_rank": 11, "tags": { "waterway": "dam" } }, "geometry": { "type": "Point", "coordinates": [ 60.39175985, 25.6926124 ] } },
{ "type": "Feature", "properties": { "name": "(unnamed)", "kind": "Dam", "score": 11, "dedup_count": 1, "label_rank": 11, "tags": { "waterway": "dam" } }, "geometry": { "type": "Point", "coordinates": [ 60.271265626175108, 25.776367846296242 ] } },
{ "type": "Feature", "properties": { "name": "(unnamed)", "kind": "Dam", "score": 11, "dedup_count": 1, "label_rank": 11, "tags": { "waterway": "dam" } }, "geometry": { "type": "Point", "coordinates": [ 60.2367485, 25.7771766 ] } },
{ "type": "Feature", "properties": { "name": "(unnamed)", "kind": "Dam", "score": 11, "dedup_count": 1, "label_rank": 11, "tags": { "waterway": "dam" } }, "geometry": { "type": "Point", "coordinates": [ 60.222984337972626, 25.785751399779443 ] } },
{ "type": "Feature", "properties": { "name": "(unnamed)", "kind": "Dam", "score": 11, "dedup_count": 1, "label_rank": 11, "tags": { "source": "Bing", "waterway": "dam" } }, "geometry": { "type": "Point", "coordinates": [ 60.59406129187397, 25.921770912240031 ] } },
{ "type": "Feature", "properties": { "name": "(unnamed)", "kind": "Dam", "score": 11, "dedup_count": 1, "label_rank": 11, "tags": { "waterway": "dam" } }, "geometry": { "type": "Point", "coordinates": [ 60.118129, 26.0271466 ] } },
{ "type": "Feature", "properties": { "name": "(unnamed)", "kind": "Dam", "score": 11, "dedup_count": 1, "label_rank": 11, "tags": { "waterway": "dam" } }, "geometry": { "type": "Point", "coordinates": [ 60.191916570736595, 26.084895338789753 ] } },
{ "type": "Feature", "properties": { "name": "(unnamed)", "kind": "Dam", "score": 11, "dedup_count": 1, "label_rank": 11, "tags": { "waterway": "dam" } }, "geometry": { "type": "Point", "coordinates": [ 60.57679695, 26.15793105 ] } },
{ "type": "Feature", "properties": { "name": "(unnamed)", "kind": "Dam", "score": 11, "dedup_count": 1, "label_rank": 11, "tags": { "waterway": "dam" } }, "geometry": { "type": "Point", "coordinates": [ 60.57142475, 26.1903026 ] } },
{ "type": "Feature", "properties": { "name": "(unnamed)", "kind": "Dam", "score": 11, "dedup_count": 1, "label_rank": 11, "tags": { "waterway": "dam" } }, "geometry": { "type": "Point", "coordinates": [ 60.075981149999983, 26.2022639 ] } },
{ "type": "Feature", "properties": { "name": "(unnamed)", "kind": "Dam", "score": 11, "dedup_count": 1, "label_rank": 11, "tags": { "waterway": "dam" } }, "geometry": { "type": "Point", "coordinates": [ 60.26976215, 26.2305283 ] } },
{ "type": "Feature", "properties": { "name": "(unnamed)", "kind": "Dam", "score": 11, "dedup_count": 1, "label_rank": 11, "tags": { "waterway": "dam" } }, "geometry": { "type": "Point", "coordinates": [ 60.23064985, 26.251276 ] } },
{ "type": "Feature", "properties": { "name": "(unnamed)", "kind": "Dam", "score": 11, "dedup_count": 1, "label_rank": 11, "tags": { "waterway": "dam" } }, "geometry": { "type": "Point", "coordinates": [ 60.24923825, 26.26083635 ] } },
{ "type": "Feature", "properties": { "name": "(unnamed)", "kind": "Dam", "score": 11, "dedup_count": 1, "label_rank": 11, "tags": { "waterway": "dam" } }, "geometry": { "type": "Point", "coordinates": [ 60.2663638, 26.264586 ] } },
{ "type": "Feature", "properties": { "name": "(unnamed)", "kind": "Dam", "score": 11, "dedup_count": 1, "label_rank": 11, "tags": { "area": "yes", "waterway": "dam" } }, "geometry": { "type": "Point", "coordinates": [ 60.302347101273739, 26.281663805572894 ] } },
{ "type": "Feature", "properties": { "name": "(unnamed)", "kind": "Dam", "score": 11, "dedup_count": 1, "label_rank": 11, "tags": { "waterway": "dam" } }, "geometry": { "type": "Point", "coordinates": [ 60.17306285, 26.3575998 ] } },
{ "type": "Feature", "properties": { "name": "(unnamed)", "kind": "Dam", "score": 11, "dedup_count": 1, "label_rank": 11, "tags": { "waterway": "dam" } }, "geometry": { "type": "Point", "coordinates": [ 60.07932430000001, 26.38705815 ] } },
{ "type": "Feature", "properties": { "name": "(unnamed)", "kind": "Dam", "score": 11, "dedup_count": 1, "label_rank": 11, "tags": { "waterway": "dam" } }, "geometry": { "type": "Point", "coordinates": [ 60.077046749999987, 26.4274973 ] } },
{ "type": "Feature", "properties": { "name": "(unnamed)", "kind": "Dam", "score": 11, "dedup_count": 1, "label_rank": 11, "tags": { "waterway": "dam" } }, "geometry": { "type": "Point", "coordinates": [ 60.1670197, 26.45046735 ] } },
{ "type": "Feature", "properties": { "name": "(unnamed)", "kind": "Dam", "score": 11, "dedup_count": 1, "label_rank": 11, "tags": { "waterway": "dam" } }, "geometry": { "type": "Point", "coordinates": [ 60.5683881, 26.4707786 ] } },
{ "type": "Feature", "properties": { "name": "(unnamed)", "kind": "Dam", "score": 11, "dedup_count": 1, "label_rank": 11, "tags": { "area": "yes", "waterway": "dam" } }, "geometry": { "type": "Point", "coordinates": [ 60.590927936483361, 26.535520059827817 ] } },
{ "type": "Feature", "properties": { "name": "(unnamed)", "kind": "Dam", "score": 11, "dedup_count": 1, "label_rank": 11, "tags": { "waterway": "dam" } }, "geometry": { "type": "Point", "coordinates": [ 60.171327114632, 26.648295980895366 ] } },
{ "type": "Feature", "properties": { "name": "(unnamed)", "kind": "Dam", "score": 11, "dedup_count": 1, "label_rank": 11, "tags": { "waterway": "dam" } }, "geometry": { "type": "Point", "coordinates": [ 60.00032075, 26.6702311 ] } },
{ "type": "Feature", "properties": { "name": "(unnamed)", "kind": "Dam", "score": 11, "dedup_count": 1, "label_rank": 11, "tags": { "waterway": "dam" } }, "geometry": { "type": "Point", "coordinates": [ 60.47718955, 26.7104987 ] } },
{ "type": "Feature", "properties": { "name": "(unnamed)", "kind": "Dam", "score": 11, "dedup_count": 1, "label_rank": 11, "tags": { "waterway": "dam" } }, "geometry": { "type": "Point", "coordinates": [ 60.1614224, 26.73997275 ] } },
{ "type": "Feature", "properties": { "name": "(unnamed)", "kind": "Dam", "score": 11, "dedup_count": 1, "label_rank": 11, "tags": { "waterway": "dam" } }, "geometry": { "type": "Point", "coordinates": [ 60.2987536, 26.7682153 ] } },
{ "type": "Feature", "properties": { "name": "(unnamed)", "kind": "Dam", "score": 11, "dedup_count": 1, "label_rank": 11, "tags": { "waterway": "dam" } }, "geometry": { "type": "Point", "coordinates": [ 60.3685546, 26.7842798 ] } },
{ "type": "Feature", "properties": { "name": "(unnamed)", "kind": "Dam", "score": 11, "dedup_count": 1, "label_rank": 11, "tags": { "waterway": "dam" } }, "geometry": { "type": "Point", "coordinates": [ 60.169245700000012, 26.79270365 ] } },
{ "type": "Feature", "properties": { "name": "(unnamed)", "kind": "Dam", "score": 11, "dedup_count": 1, "label_rank": 11, "tags": { "waterway": "dam" } }, "geometry": { "type": "Point", "coordinates": [ 60.6967462025396, 27.406400418098681 ] } },
{ "type": "Feature", "properties": { "name": "(unnamed)", "kind": "Dam", "score": 11, "dedup_count": 1, "label_rank": 11, "tags": { "area": "yes", "waterway": "dam" } }, "geometry": { "type": "Point", "coordinates": [ 60.118864870853272, 27.869164658974519 ] } },
{ "type": "Feature", "properties": { "name": "(unnamed)", "kind": "Dam", "score": 11, "dedup_count": 1, "label_rank": 11, "tags": { "waterway": "dam" } }, "geometry": { "type": "Point", "coordinates": [ 60.691433038495454, 27.969788983678466 ] } },
{ "type": "Feature", "properties": { "name": "(unnamed)", "kind": "Dam", "score": 11, "dedup_count": 1, "label_rank": 11, "tags": { "waterway": "dam" } }, "geometry": { "type": "Point", "coordinates": [ 60.57380005, 28.1674176 ] } },
{ "type": "Feature", "properties": { "name": "(unnamed)", "kind": "Dam", "score": 11, "dedup_count": 1, "label_rank": 11, "tags": { "waterway": "dam" } }, "geometry": { "type": "Point", "coordinates": [ 60.5620846, 28.3880705 ] } },
{ "type": "Feature", "properties": { "name": "(unnamed)", "kind": "Dam", "score": 11, "dedup_count": 1, "label_rank": 11, "tags": { "waterway": "dam" } }, "geometry": { "type": "Point", "coordinates": [ 60.728643945937883, 28.602516758760977 ] } },
{ "type": "Feature", "properties": { "name": "(unnamed)", "kind": "Dam", "score": 11, "dedup_count": 1, "label_rank": 11, "tags": { "waterway": "dam" } }, "geometry": { "type": "Point", "coordinates": [ 60.5640981, 28.65682245 ] } },
{ "type": "Feature", "properties": { "name": "(unnamed)", "kind": "Dam", "score": 11, "dedup_count": 1, "label_rank": 11, "tags": { "waterway": "dam" } }, "geometry": { "type": "Point", "coordinates": [ 60.7242098, 28.702970699999987 ] } },
{ "type": "Feature", "properties": { "name": "(unnamed)", "kind": "Dam", "score": 11, "dedup_count": 1, "label_rank": 11, "tags": { "waterway": "dam" } }, "geometry": { "type": "Point", "coordinates": [ 60.662307419388966, 28.716771600834694 ] } },
{ "type": "Feature", "properties": { "name": "(unnamed)", "kind": "Dam", "score": 11, "dedup_count": 1, "label_rank": 11, "tags": { "waterway": "dam" } }, "geometry": { "type": "Point", "coordinates": [ 60.67791665, 28.75459295 ] } },
{ "type": "Feature", "properties": { "name": "(unnamed)", "kind": "Dam", "score": 11, "dedup_count": 1, "label_rank": 11, "tags": { "waterway": "dam" } }, "geometry": { "type": "Point", "coordinates": [ 60.49186821000589, 28.807403336717805 ] } },
{ "type": "Feature", "properties": { "name": "(unnamed)", "kind": "Dam", "score": 11, "dedup_count": 1, "label_rank": 11, "tags": { "waterway": "dam" } }, "geometry": { "type": "Point", "coordinates": [ 60.18361915, 28.83736125 ] } },
{ "type": "Feature", "properties": { "name": "(unnamed)", "kind": "Dam", "score": 11, "dedup_count": 1, "label_rank": 11, "tags": { "waterway": "dam" } }, "geometry": { "type": "Point", "coordinates": [ 60.654646035328689, 28.929370522387618 ] } },
{ "type": "Feature", "properties": { "name": "(unnamed)", "kind": "Dam", "score": 11, "dedup_count": 1, "label_rank": 11, "tags": { "area": "yes", "waterway": "dam" } }, "geometry": { "type": "Point", "coordinates": [ 60.328086610438199, 29.058431097232379 ] } },
{ "type": "Feature", "properties": { "name": "(unnamed)", "kind": "Dam", "score": 11, "dedup_count": 1, "label_rank": 11, "tags": { "waterway": "dam" } }, "geometry": { "type": "Point", "coordinates": [ 60.677982049086751, 29.121576335094105 ] } },
{ "type": "Feature", "properties": { "name": "(unnamed)", "kind": "Dam", "score": 11, "dedup_count": 1, "label_rank": 11, "tags": { "waterway": "dam" } }, "geometry": { "type": "Point", "coordinates": [ 60.7032999, 29.1919363 ] } },
{ "type": "Feature", "properties": { "name": "(unnamed)", "kind": "Dam", "score": 11, "dedup_count": 1, "label_rank": 11, "tags": { "waterway": "dam" } }, "geometry": { "type": "Point", "coordinates": [ 60.6382218, 29.242399 ] } },
{ "type": "Feature", "properties": { "name": "(unnamed)", "kind": "Dam", "score": 11, "dedup_count": 1, "label_rank": 11, "tags": { "waterway": "dam" } }, "geometry": { "type": "Point", "coordinates": [ 60.72476225, 29.51283965 ] } },
{ "type": "Feature", "properties": { "name": "(unnamed)", "kind": "Dam", "score": 11, "dedup_count": 1, "label_rank": 11, "tags": { "waterway": "dam" } }, "geometry": { "type": "Point", "coordinates": [ 60.4137451, 29.52701955 ] } },
{ "type": "Feature", "properties": { "name": "(unnamed)", "kind": "Dam", "score": 11, "dedup_count": 1, "label_rank": 11, "tags": { "waterway": "dam" } }, "geometry": { "type": "Point", "coordinates": [ 60.694304499999987, 29.54147935 ] } },
{ "type": "Feature", "properties": { "name": "(unnamed)", "kind": "Dam", "score": 11, "dedup_count": 1, "label_rank": 11, "tags": { "waterway": "dam" } }, "geometry": { "type": "Point", "coordinates": [ 60.66129775, 29.5770415 ] } },
{ "type": "Feature", "properties": { "name": "(unnamed)", "kind": "Dam", "score": 11, "dedup_count": 1, "label_rank": 11, "tags": { "waterway": "dam" } }, "geometry": { "type": "Point", "coordinates": [ 60.247623049189016, 30.068361803121309 ] } },
{ "type": "Feature", "properties": { "name": "(unnamed)", "kind": "Dam", "score": 11, "dedup_count": 1, "label_rank": 11, "tags": { "waterway": "dam" } }, "geometry": { "type": "Point", "coordinates": [ 60.584069049999989, 30.10199795 ] } },
{ "type": "Feature", "properties": { "name": "(unnamed)", "kind": "Dam", "score": 11, "dedup_count": 1, "label_rank": 11, "tags": { "waterway": "dam" } }, "geometry": { "type": "Point", "coordinates": [ 60.675089768022993, 30.158188542102216 ] } },
{ "type": "Feature", "properties": { "name": "(unnamed)", "kind": "Dam", "score": 11, "dedup_count": 1, "label_rank": 11, "tags": { "waterway": "dam" } }, "geometry": { "type": "Point", "coordinates": [ 60.6238431, 30.18407855 ] } },
{ "type": "Feature", "properties": { "name": "(unnamed)", "kind": "Dam", "score": 11, "dedup_count": 1, "label_rank": 11, "tags": { "waterway": "dam" } }, "geometry": { "type": "Point", "coordinates": [ 60.0671479, 30.34968055 ] } },
{ "type": "Feature", "properties": { "name": "(unnamed)", "kind": "Dam", "score": 11, "dedup_count": 1, "label_rank": 11, "tags": { "waterway": "dam" } }, "geometry": { "type": "Point", "coordinates": [ 60.11505365, 30.40335485 ] } },
{ "type": "Feature", "properties": { "name": "(unnamed)", "kind": "Dam", "score": 11, "dedup_count": 1, "label_rank": 11, "tags": { "waterway": "dam" } }, "geometry": { "type": "Point", "coordinates": [ 60.077264715275263, 30.431945275535277 ] } },
{ "type": "Feature", "properties": { "name": "(unnamed)", "kind": "Dam", "score": 11, "dedup_count": 1, "label_rank": 11, "tags": { "waterway": "dam" } }, "geometry": { "type": "Point", "coordinates": [ 60.080223182036548, 30.455164472599474 ] } },
{ "type": "Feature", "properties": { "name": "(unnamed)", "kind": "Dam", "score": 11, "dedup_count": 1, "label_rank": 11, "tags": { "waterway": "dam" } }, "geometry": { "type": "Point", "coordinates": [ 60.08543925, 30.480262 ] } },
{ "type": "Feature", "properties": { "name": "(unnamed)", "kind": "Dam", "score": 11, "dedup_count": 1, "label_rank": 11, "tags": { "waterway": "dam" } }, "geometry": { "type": "Point", "coordinates": [ 60.08143705, 30.504760799999985 ] } },
{ "type": "Feature", "properties": { "name": "(unnamed)", "kind": "Dam", "score": 11, "dedup_count": 1, "label_rank": 11, "tags": { "waterway": "dam" } }, "geometry": { "type": "Point", "coordinates": [ 60.0851217, 30.5274956 ] } },
{ "type": "Feature", "properties": { "name": "(unnamed)", "kind": "Dam", "score": 11, "dedup_count": 1, "label_rank": 11, "tags": { "waterway": "dam" } }, "geometry": { "type": "Point", "coordinates": [ 60.083637943484419, 30.56083113530703 ] } },
{ "type": "Feature", "properties": { "name": "(unnamed)", "kind": "Dam", "score": 11, "dedup_count": 1, "label_rank": 11, "tags": { "waterway": "dam" } }, "geometry": { "type": "Point", "coordinates": [ 60.6584988, 30.668420650000012 ] } },
{ "type": "Feature", "properties": { "name": "(unnamed)", "kind": "Dam", "score": 11, "dedup_count": 1, "label_rank": 11, "tags": { "waterway": "dam" } }, "geometry": { "type": "Point", "coordinates": [ 60.08869965, 30.6757 ] } },
{ "type": "Feature", "properties": { "name": "(unnamed)", "kind": "Dam", "score": 11, "dedup_count": 1, "label_rank": 11, "tags": { "waterway": "dam" } }, "geometry": { "type": "Point", "coordinates": [ 60.5548214, 30.6946278 ] } },
{ "type": "Feature", "properties": { "name": "(unnamed)", "kind": "Dam", "score": 11, "dedup_count": 1, "label_rank": 11, "tags": { "waterway": "dam" } }, "geometry": { "type": "Point", "coordinates": [ 60.60145715, 30.7049645 ] } },
{ "type": "Feature", "properties": { "name": "(unnamed)", "kind": "Dam", "score": 11, "dedup_count": 1, "label_rank": 11, "tags": { "waterway": "dam" } }, "geometry": { "type": "Point", "coordinates": [ 60.5388313, 30.7053767 ] } },
{ "type": "Feature", "properties": { "name": "(unnamed)", "kind": "Dam", "score": 11, "dedup_count": 1, "label_rank": 11, "tags": { "waterway": "dam" } }, "geometry": { "type": "Point", "coordinates": [ 60.50292545, 30.82942865 ] } },
{ "type": "Feature", "properties": { "name": "(unnamed)", "kind": "Dam", "score": 11, "dedup_count": 1, "label_rank": 11, "tags": { "waterway": "dam" } }, "geometry": { "type": "Point", "coordinates": [ 60.55658935, 30.88715115 ] } },
{ "type": "Feature", "properties": { "name": "(unnamed)", "kind": "Dam", "score": 11, "dedup_count": 1, "label_rank": 11, "tags": { "area": "yes", "waterway": "dam" } }, "geometry": { "type": "Point", "coordinates": [ 60.249368835693083, 32.31961205763848 ] } },
{ "type": "Feature", "properties": { "name": "(unnamed)", "kind": "Dam", "score": 11, "dedup_count": 1, "label_rank": 11, "tags": { "waterway": "dam" } }, "geometry": { "type": "Point", "coordinates": [ 60.0827856, 33.8666858 ] } },
{ "type": "Feature", "properties": { "name": "(unnamed)", "kind": "Dam", "score": 11, "dedup_count": 1, "label_rank": 11, "tags": { "waterway": "dam" } }, "geometry": { "type": "Point", "coordinates": [ 60.70440415, 33.9363321 ] } },
{ "type": "Feature", "properties": { "name": "(unnamed)", "kind": "Dam", "score": 11, "dedup_count": 1, "label_rank": 11, "tags": { "waterway": "dam" } }, "geometry": { "type": "Point", "coordinates": [ 60.02367905, 34.50176395 ] } },
{ "type": "Feature", "properties": { "name": "(unnamed)", "kind": "Dam", "score": 11, "dedup_count": 1, "label_rank": 11, "tags": { "waterway": "dam" } }, "geometry": { "type": "Point", "coordinates": [ 60.259128349999983, 34.85170675 ] } },
{ "type": "Feature", "properties": { "name": "(unnamed)", "kind": "Dam", "score": 11, "dedup_count": 1, "label_rank": 11, "tags": { "waterway": "dam" } }, "geometry": { "type": "Point", "coordinates": [ 60.4456058, 37.43053795 ] } },
{ "type": "Feature", "properties": { "name": "(unnamed)", "kind": "Dam", "score": 11, "dedup_count": 1, "label_rank": 11, "tags": { "waterway": "dam" } }, "geometry": { "type": "Point", "coordinates": [ 60.34272415, 37.4438193 ] } },
{ "type": "Feature", "properties": { "name": "(unnamed)", "kind": "Dam", "score": 11, "dedup_count": 1, "label_rank": 11, "tags": { "waterway": "dam" } }, "geometry": { "type": "Point", "coordinates": [ 60.37524775, 37.4840336 ] } },
{ "type": "Feature", "properties": { "name": "(unnamed)", "kind": "Dam", "score": 11, "dedup_count": 1, "label_rank": 11, "tags": { "area": "yes", "waterway": "dam" } }, "geometry": { "type": "Point", "coordinates": [ 60.766313082980822, 25.585852462969637 ] } },
{ "type": "Feature", "properties": { "name": "(unnamed)", "kind": "Dam", "score": 11, "dedup_count": 1, "label_rank": 11, "tags": { "waterway": "dam" } }, "geometry": { "type": "Point", "coordinates": [ 60.97945675, 25.6012739 ] } },
{ "type": "Feature", "properties": { "name": "(unnamed)", "kind": "Dam", "score": 11, "dedup_count": 1, "label_rank": 11, "tags": { "material": "soil", "waterway": "dam" } }, "geometry": { "type": "Point", "coordinates": [ 60.95132135, 25.95997105 ] } },
{ "type": "Feature", "properties": { "name": "(unnamed)", "kind": "Dam", "score": 11, "dedup_count": 1, "label_rank": 11, "tags": { "area": "yes", "waterway": "dam" } }, "geometry": { "type": "Point", "coordinates": [ 61.017423028181661, 25.961006293909715 ] } },
{ "type": "Feature", "properties": { "name": "(unnamed)", "kind": "Dam", "score": 11, "dedup_count": 1, "label_rank": 11, "tags": { "waterway": "dam" } }, "geometry": { "type": "Point", "coordinates": [ 61.0921398, 25.99241915 ] } },
{ "type": "Feature", "properties": { "name": "(unnamed)", "kind": "Dam", "score": 11, "dedup_count": 1, "label_rank": 11, "tags": { "waterway": "dam" } }, "geometry": { "type": "Point", "coordinates": [ 60.896041026401861, 26.0030839596485 ] } },
{ "type": "Feature", "properties": { "name": "(unnamed)", "kind": "Dam", "score": 11, "dedup_count": 1, "label_rank": 11, "tags": { "material": "soil", "waterway": "dam" } }, "geometry": { "type": "Point", "coordinates": [ 61.064521801054525, 26.007461759185762 ] } },
{ "type": "Feature", "properties": { "name": "(unnamed)", "kind": "Dam", "score": 11, "dedup_count": 1, "label_rank": 11, "tags": { "area": "yes", "waterway": "dam" } }, "geometry": { "type": "Point", "coordinates": [ 61.169104732807028, 26.01178820268505 ] } },
{ "type": "Feature", "properties": { "name": "(unnamed)", "kind": "Dam", "score": 11, "dedup_count": 1, "label_rank": 11, "tags": { "material": "soil", "waterway": "dam" } }, "geometry": { "type": "Point", "coordinates": [ 61.07640025, 26.01659025 ] } },
{ "type": "Feature", "properties": { "name": "(unnamed)", "kind": "Dam", "score": 11, "dedup_count": 1, "label_rank": 11, "tags": { "area": "yes", "waterway": "dam" } }, "geometry": { "type": "Point", "coordinates": [ 61.117030584950164, 26.016977366478503 ] } },
{ "type": "Feature", "properties": { "name": "(unnamed)", "kind": "Dam", "score": 11, "dedup_count": 1, "label_rank": 11, "tags": { "material": "soil", "waterway": "dam" } }, "geometry": { "type": "Point", "coordinates": [ 60.9080402, 26.020005 ] } },
{ "type": "Feature", "properties": { "name": "(unnamed)", "kind": "Dam", "score": 11, "dedup_count": 1, "label_rank": 11, "tags": { "material": "soil", "waterway": "dam" } }, "geometry": { "type": "Point", "coordinates": [ 61.04803715, 26.02782985 ] } },
{ "type": "Feature", "properties": { "name": "(unnamed)", "kind": "Dam", "score": 11, "dedup_count": 1, "label_rank": 11, "tags": { "waterway": "dam" } }, "geometry": { "type": "Point", "coordinates": [ 60.92736965, 26.04088915 ] } },
{ "type": "Feature", "properties": { "name": "(unnamed)", "kind": "Dam", "score": 11, "dedup_count": 1, "label_rank": 11, "tags": { "waterway": "dam" } }, "geometry": { "type": "Point", "coordinates": [ 61.119393099999982, 26.1700786 ] } },
{ "type": "Feature", "properties": { "name": "(unnamed)", "kind": "Dam", "score": 11, "dedup_count": 1, "label_rank": 11, "tags": { "waterway": "dam" } }, "geometry": { "type": "Point", "coordinates": [ 61.0809338, 26.1724453 ] } },
{ "type": "Feature", "properties": { "name": "(unnamed)", "kind": "Dam", "score": 11, "dedup_count": 1, "label_rank": 11, "tags": { "waterway": "dam" } }, "geometry": { "type": "Point", "coordinates": [ 61.23557395, 26.1827689 ] } },
{ "type": "Feature", "properties": { "name": "(unnamed)", "kind": "Dam", "score": 11, "dedup_count": 1, "label_rank": 11, "tags": { "waterway": "dam" } }, "geometry": { "type": "Point", "coordinates": [ 61.0170938, 26.1916462 ] } },
{ "type": "Feature", "properties": { "name": "(unnamed)", "kind": "Dam", "score": 11, "dedup_count": 1, "label_rank": 11, "tags": { "waterway": "dam" } }, "geometry": { "type": "Point", "coordinates": [ 61.34309725, 26.21190315 ] } },
{ "type": "Feature", "properties": { "name": "(unnamed)", "kind": "Dam", "score": 11, "dedup_count": 1, "label_rank": 11, "tags": { "waterway": "dam" } }, "geometry": { "type": "Point", "coordinates": [ 60.951278449999982, 26.2177952 ] } },
{ "type": "Feature", "properties": { "name": "(unnamed)", "kind": "Dam", "score": 11, "dedup_count": 1, "label_rank": 11, "tags": { "waterway": "dam" } }, "geometry": { "type": "Point", "coordinates": [ 61.430443591788539, 26.229389036833396 ] } },
{ "type": "Feature", "properties": { "name": "(unnamed)", "kind": "Dam", "score": 11, "dedup_count": 1, "label_rank": 11, "tags": { "waterway": "dam" } }, "geometry": { "type": "Point", "coordinates": [ 61.36054865, 26.2309629 ] } },
{ "type": "Feature", "properties": { "name": "(unnamed)", "kind": "Dam", "score": 11, "dedup_count": 1, "label_rank": 11, "tags": { "waterway": "dam" } }, "geometry": { "type": "Point", "coordinates": [ 61.200525538744223, 26.394989421713632 ] } },
{ "type": "Feature", "properties": { "name": "(unnamed)", "kind": "Dam", "score": 11, "dedup_count": 1, "label_rank": 11, "tags": { "waterway": "dam" } }, "geometry": { "type": "Point", "coordinates": [ 61.0584508, 26.4965326 ] } },
{ "type": "Feature", "properties": { "name": "(unnamed)", "kind": "Dam", "score": 11, "dedup_count": 1, "label_rank": 11, "tags": { "waterway": "dam" } }, "geometry": { "type": "Point", "coordinates": [ 61.290763355699056, 26.615971849244421 ] } },
{ "type": "Feature", "properties": { "name": "(unnamed)", "kind": "Dam", "score": 11, "dedup_count": 1, "label_rank": 11, "tags": { "waterway": "dam" } }, "geometry": { "type": "Point", "coordinates": [ 61.38514545, 26.62778285 ] } },
{ "type": "Feature", "properties": { "name": "(unnamed)", "kind": "Dam", "score": 11, "dedup_count": 1, "label_rank": 11, "tags": { "waterway": "dam" } }, "geometry": { "type": "Point", "coordinates": [ 60.9613715, 26.65152745 ] } },
{ "type": "Feature", "properties": { "name": "(unnamed)", "kind": "Dam", "score": 11, "dedup_count": 1, "label_rank": 11, "tags": { "waterway": "dam" } }, "geometry": { "type": "Point", "coordinates": [ 61.363228505135162, 26.657991024394661 ] } },
{ "type": "Feature", "properties": { "name": "(unnamed)", "kind": "Dam", "score": 11, "dedup_count": 1, "label_rank": 11, "tags": { "waterway": "dam" } }, "geometry": { "type": "Point", "coordinates": [ 61.0212575, 26.6703171 ] } },
{ "type": "Feature", "properties": { "name": "(unnamed)", "kind": "Dam", "score": 11, "dedup_count": 1, "label_rank": 11, "tags": { "material": "soil", "waterway": "dam" } }, "geometry": { "type": "Point", "coordinates": [ 61.1443875, 26.67335455 ] } },
{ "type": "Feature", "properties": { "name": "(unnamed)", "kind": "Dam", "score": 11, "dedup_count": 1, "label_rank": 11, "tags": { "waterway": "dam" } }, "geometry": { "type": "Point", "coordinates": [ 61.3321165, 26.68182785 ] } },
{ "type": "Feature", "properties": { "name": "(unnamed)", "kind": "Dam", "score": 11, "dedup_count": 1, "label_rank": 11, "tags": { "source": "Bing", "waterway": "dam" } }, "geometry": { "type": "Point", "coordinates": [ 61.0096868, 26.69658005 ] } },
{ "type": "Feature", "properties": { "name": "(unnamed)", "kind": "Dam", "score": 11, "dedup_count": 1, "label_rank": 11, "tags": { "waterway": "dam" } }, "geometry": { "type": "Point", "coordinates": [ 61.094443109956295, 26.790173210721484 ] } },
{ "type": "Feature", "properties": { "name": "(unnamed)", "kind": "Dam", "score": 11, "dedup_count": 1, "label_rank": 11, "tags": { "waterway": "dam" } }, "geometry": { "type": "Point", "coordinates": [ 61.340172899999985, 27.00271545 ] } },
{ "type": "Feature", "properties": { "name": "(unnamed)", "kind": "Dam", "score": 11, "dedup_count": 1, "label_rank": 11, "tags": { "waterway": "dam" } }, "geometry": { "type": "Point", "coordinates": [ 61.004461249999984, 27.13340715 ] } },
{ "type": "Feature", "properties": { "name": "(unnamed)", "kind": "Dam", "score": 11, "dedup_count": 1, "label_rank": 11, "tags": { "area": "yes", "waterway": "dam" } }, "geometry": { "type": "Point", "coordinates": [ 61.289100170058298, 27.325440160247208 ] } },
{ "type": "Feature", "properties": { "name": "(unnamed)", "kind": "Dam", "score": 11, "dedup_count": 1, "label_rank": 11, "tags": { "waterway": "dam" } }, "geometry": { "type": "Point", "coordinates": [ 61.19490725, 27.5342913 ] } },
{ "type": "Feature", "properties": { "name": "(unnamed)", "kind": "Dam", "score": 11, "dedup_count": 1, "label_rank": 11, "tags": { "waterway": "dam" } }, "geometry": { "type": "Point", "coordinates": [ 61.042021358423028, 27.67169470316869 ] } },
{ "type": "Feature", "properties": { "name": "(unnamed)", "kind": "Dam", "score": 11, "dedup_count": 1, "label_rank": 11, "tags": { "waterway": "dam" } }, "geometry": { "type": "Point", "coordinates": [ 61.410452448228348, 27.687089636950283 ] } },
{ "type": "Feature", "properties": { "name": "(unnamed)", "kind": "Dam", "score": 11, "dedup_count": 1, "label_rank": 11, "tags": { "waterway": "dam" } }, "geometry": { "type": "Point", "coordinates": [ 61.2894437752161, 27.753972195312425 ] } },
{ "type": "Feature", "properties": { "name": "(unnamed)", "kind": "Dam", "score": 11, "dedup_count": 1, "label_rank": 11, "tags": { "waterway": "dam" } }, "geometry": { "type": "Point", "coordinates": [ 61.0073407, 27.761012 ] } },
{ "type": "Feature", "properties": { "name": "(unnamed)", "kind": "Dam", "score": 11, "dedup_count": 1, "label_rank": 11, "tags": { "waterway": "dam" } }, "geometry": { "type": "Point", "coordinates": [ 61.3064046, 27.779725 ] } },
{ "type": "Feature", "properties": { "name": "(unnamed)", "kind": "Dam", "score": 11, "dedup_count": 1, "label_rank": 11, "tags": { "waterway": "dam" } }, "geometry": { "type": "Point", "coordinates": [ 61.031285915086073, 27.813662598523482 ] } },
{ "type": "Feature", "properties": { "name": "(unnamed)", "kind": "Dam", "score": 11, "dedup_count": 1, "label_rank": 11, "tags": { "area": "yes", "waterway": "dam" } }, "geometry": { "type": "Point", "coordinates": [ 61.313736366449774, 27.925721619200289 ] } },
{ "type": "Feature", "properties": { "name": "(unnamed)", "kind": "Dam", "score": 11, "dedup_count": 1, "label_rank": 11, "tags": { "waterway": "dam" } }, "geometry": { "type": "Point", "coordinates": [ 61.316242013515172, 27.942101801035527 ] } },
{ "type": "Feature", "properties": { "name": "(unnamed)", "kind": "Dam", "score": 11, "dedup_count": 1, "label_rank": 11, "tags": { "waterway": "dam" } }, "geometry": { "type": "Point", "coordinates": [ 61.3769199, 27.95312145 ] } },
{ "type": "Feature", "properties": { "name": "(unnamed)", "kind": "Dam", "score": 11, "dedup_count": 1, "label_rank": 11, "tags": { "waterway": "dam" } }, "geometry": { "type": "Point", "coordinates": [ 61.396367451956813, 27.956035364144096 ] } },
{ "type": "Feature", "properties": { "name": "(unnamed)", "kind": "Dam", "score": 11, "dedup_count": 1, "label_rank": 11, "tags": { "waterway": "dam" } }, "geometry": { "type": "Point", "coordinates": [ 61.261299749999985, 27.9565631 ] } },
{ "type": "Feature", "properties": { "name": "(unnamed)", "kind": "Dam", "score": 11, "dedup_count": 1, "label_rank": 11, "tags": { "waterway": "dam" } }, "geometry": { "type": "Point", "coordinates": [ 61.1719133, 27.9599507 ] } },
{ "type": "Feature", "properties": { "name": "(unnamed)", "kind": "Dam", "score": 11, "dedup_count": 1, "label_rank": 11, "tags": { "waterway": "dam" } }, "geometry": { "type": "Point", "coordinates": [ 61.2852334, 27.97177265 ] } },
{ "type": "Feature", "properties": { "name": "(unnamed)", "kind": "Dam", "score": 11, "dedup_count": 1, "label_rank": 11, "tags": { "waterway": "dam" } }, "geometry": { "type": "Point", "coordinates": [ 61.33202905, 28.01031995 ] } },
{ "type": "Feature", "properties": { "name": "(unnamed)", "kind": "Dam", "score": 11, "dedup_count": 1, "label_rank": 11, "tags": { "waterway": "dam" } }, "geometry": { "type": "Point", "coordinates": [ 61.1933591, 28.10696045 ] } },
{ "type": "Feature", "properties": { "name": "(unnamed)", "kind": "Dam", "score": 11, "dedup_count": 1, "label_rank": 11, "tags": { "waterway": "dam" } }, "geometry": { "type": "Point", "coordinates": [ 60.923815399999988, 28.19652635 ] } },
{ "type": "Feature", "properties": { "name": "(unnamed)", "kind": "Dam", "score": 11, "dedup_count": 1, "label_rank": 11, "tags": { "waterway": "dam" } }, "geometry": { "type": "Point", "coordinates": [ 61.113378479920293, 28.261540373038265 ] } },
{ "type": "Feature", "properties": { "name": "(unnamed)", "kind": "Dam", "score": 11, "dedup_count": 1, "label_rank": 11, "tags": { "area": "yes", "waterway": "dam" } }, "geometry": { "type": "Point", "coordinates": [ 61.225605050124329, 28.357497355208167 ] } },
{ "type": "Feature", "properties": { "name": "(unnamed)", "kind": "Dam", "score": 11, "dedup_count": 1, "label_rank": 11, "tags": { "waterway": "dam" } }, "geometry": { "type": "Point", "coordinates": [ 61.02456545, 28.377791399999989 ] } },
{ "type": "Feature", "properties": { "name": "(unnamed)", "kind": "Dam", "score": 11, "dedup_count": 1, "label_rank": 11, "tags": { "waterway": "dam" } }, "geometry": { "type": "Point", "coordinates": [ 60.782204630165246, 28.644432357748634 ] } },
{ "type": "Feature", "properties": { "name": "(unnamed)", "kind": "Dam", "score": 11, "dedup_count": 1, "label_rank": 11, "tags": { "waterway": "dam" } }, "geometry": { "type": "Point", "coordinates": [ 61.10820395, 28.7085975 ] } },
{ "type": "Feature", "properties": { "name": "(unnamed)", "kind": "Dam", "score": 11, "dedup_count": 1, "label_rank": 11, "tags": { "waterway": "dam" } }, "geometry": { "type": "Point", "coordinates": [ 60.79266650000001, 28.7138978 ] } },
{ "type": "Feature", "properties": { "name": "(unnamed)", "kind": "Dam", "score": 11, "dedup_count": 1, "label_rank": 11, "tags": { "waterway": "dam" } }, "geometry": { "type": "Point", "coordinates": [ 60.798169199999975, 28.75803545 ] } },
{ "type": "Feature", "properties": { "name": "(unnamed)", "kind": "Dam", "score": 11, "dedup_count": 1, "label_rank": 11, "tags": { "waterway": "dam" } }, "geometry": { "type": "Point", "coordinates": [ 60.85885045, 28.79457385 ] } },
{ "type": "Feature", "properties": { "name": "(unnamed)", "kind": "Dam", "score": 11, "dedup_count": 1, "label_rank": 11, "tags": { "waterway": "dam" } }, "geometry": { "type": "Point", "coordinates": [ 60.83495435, 28.80434005 ] } },
{ "type": "Feature", "properties": { "name": "(unnamed)", "kind": "Dam", "score": 11, "dedup_count": 1, "label_rank": 11, "tags": { "waterway": "dam" } }, "geometry": { "type": "Point", "coordinates": [ 61.438508749999983, 28.8265129 ] } },
{ "type": "Feature", "properties": { "name": "(unnamed)", "kind": "Dam", "score": 11, "dedup_count": 1, "label_rank": 11, "tags": { "material": "soil", "waterway": "dam" } }, "geometry": { "type": "Point", "coordinates": [ 60.8970241, 28.83161905 ] } },
{ "type": "Feature", "properties": { "name": "(unnamed)", "kind": "Dam", "score": 11, "dedup_count": 1, "label_rank": 11, "tags": { "material": "soil", "waterway": "dam" } }, "geometry": { "type": "Point", "coordinates": [ 60.8955862, 28.8520833 ] } },
{ "type": "Feature", "properties": { "name": "(unnamed)", "kind": "Dam", "score": 11, "dedup_count": 1, "label_rank": 11, "tags": { "waterway": "dam" } }, "geometry": { "type": "Point", "coordinates": [ 60.84208735, 28.88832305 ] } },
{ "type": "Feature", "properties": { "name": "(unnamed)", "kind": "Dam", "score": 11, "dedup_count": 1, "label_rank": 11, "tags": { "waterway": "dam" } }, "geometry": { "type": "Point", "coordinates": [ 60.947616, 29.11827415 ] } },
{ "type": "Feature", "properties": { "name": "(unnamed)", "kind": "Dam", "score": 11, "dedup_count": 1, "label_rank": 11, "tags": { "waterway": "dam" } }, "geometry": { "type": "Point", "coordinates": [ 61.240183299999984, 29.2850985 ] } },
{ "type": "Feature", "properties": { "name": "(unnamed)", "kind": "Dam", "score": 11, "dedup_count": 1, "label_rank": 11, "tags": { "waterway": "dam" } }, "geometry": { "type": "Point", "coordinates": [ 61.351800350000012, 29.3106054 ] } },
{ "type": "Feature", "properties": { "name": "(unnamed)", "kind": "Dam", "score": 11, "dedup_count": 1, "label_rank": 11, "tags": { "waterway": "dam" } }, "geometry": { "type": "Point", "coordinates": [ 60.79037435, 29.4017265 ] } },
{ "type": "Feature", "properties": { "name": "(unnamed)", "kind": "Dam", "score": 11, "dedup_count": 1, "label_rank": 11, "tags": { "waterway": "dam" } }, "geometry": { "type": "Point", "coordinates": [ 60.80634505, 29.43716685 ] } },
{ "type": "Feature", "properties": { "name": "(unnamed)", "kind": "Dam", "score": 11, "dedup_count": 1, "label_rank": 11, "tags": { "waterway": "dam" } }, "geometry": { "type": "Point", "coordinates": [ 60.7346312, 29.4472644 ] } },
{ "type": "Feature", "properties": { "name": "(unnamed)", "kind": "Dam", "score": 11, "dedup_count": 1, "label_rank": 11, "tags": { "waterway": "dam" } }, "geometry": { "type": "Point", "coordinates": [ 60.949229140867864, 29.517784559723058 ] } },
{ "type": "Feature", "properties": { "name": "(unnamed)", "kind": "Dam", "score": 11, "dedup_count": 1, "label_rank": 11, "tags": { "waterway": "dam" } }, "geometry": { "type": "Point", "coordinates": [ 60.78408125, 29.53172375 ] } },
{ "type": "Feature", "properties": { "name": "(unnamed)", "kind": "Dam", "score": 11, "dedup_count": 1, "label_rank": 11, "tags": { "waterway": "dam" } }, "geometry": { "type": "Point", "coordinates": [ 61.0458868, 29.665956 ] } },
{ "type": "Feature", "properties": { "name": "(unnamed)", "kind": "Dam", "score": 11, "dedup_count": 1, "label_rank": 11, "tags": { "waterway": "dam" } }, "geometry": { "type": "Point", "coordinates": [ 60.85679545, 30.2890321 ] } },
{ "type": "Feature", "properties": { "name": "(unnamed)", "kind": "Dam", "score": 11, "dedup_count": 1, "label_rank": 11, "tags": { "area": "yes", "waterway": "dam" } }, "geometry": { "type": "Point", "coordinates": [ 60.962885365382995, 30.419886922393538 ] } },
{ "type": "Feature", "properties": { "name": "(unnamed)", "kind": "Dam", "score": 11, "dedup_count": 1, "label_rank": 11, "tags": { "area": "yes", "waterway": "dam" } }, "geometry": { "type": "Point", "coordinates": [ 61.010463221864462, 30.433438445965155 ] } },
{ "type": "Feature", "properties": { "name": "(unnamed)", "kind": "Dam", "score": 11, "dedup_count": 1, "label_rank": 11, "tags": { "waterway": "dam" } }, "geometry": { "type": "Point", "coordinates": [ 61.30781169189401, 30.667310253165507 ] } },
{ "type": "Feature", "properties": { "name": "(unnamed)", "kind": "Dam", "score": 11, "dedup_count": 1, "label_rank": 11, "tags": { "waterway": "dam" } }, "geometry": { "type": "Point", "coordinates": [ 60.949288236601156, 31.272114458384301 ] } },
{ "type": "Feature", "properties": { "name": "(unnamed)", "kind": "Dam", "score": 11, "dedup_count": 1, "label_rank": 11, "tags": { "waterway": "dam" } }, "geometry": { "type": "Point", "coordinates": [ 60.933283418393145, 31.279830933961961 ] } },
{ "type": "Feature", "properties": { "name": "(unnamed)", "kind": "Dam", "score": 11, "dedup_count": 1, "label_rank": 11, "tags": { "waterway": "dam" } }, "geometry": { "type": "Point", "coordinates": [ 61.044469327095605, 34.273978686979255 ] } },
{ "type": "Feature", "properties": { "name": "(unnamed)", "kind": "Dam", "score": 11, "dedup_count": 1, "label_rank": 11, "tags": { "waterway": "dam" } }, "geometry": { "type": "Point", "coordinates": [ 60.996139987208622, 34.274662609596803 ] } },
{ "type": "Feature", "properties": { "name": "(unnamed)", "kind": "Dam", "score": 11, "dedup_count": 1, "label_rank": 11, "tags": { "area": "yes", "material": "earth", "source": "maxar premium", "waterway": "dam" } }, "geometry": { "type": "Point", "coordinates": [ 60.747092189896598, 34.737425366046025 ] } },
{ "type": "Feature", "properties": { "name": "(unnamed)", "kind": "Dam", "score": 11, "dedup_count": 1, "label_rank": 11, "tags": { "waterway": "dam" } }, "geometry": { "type": "Point", "coordinates": [ 60.7977997, 37.02351865 ] } },
{ "type": "Feature", "properties": { "name": "(unnamed)", "kind": "Dam", "score": 11, "dedup_count": 1, "label_rank": 11, "tags": { "waterway": "dam" } }, "geometry": { "type": "Point", "coordinates": [ 61.814634943486688, 25.065620905062282 ] } },
{ "type": "Feature", "properties": { "name": "(unnamed)", "kind": "Dam", "score": 11, "dedup_count": 1, "label_rank": 11, "tags": { "waterway": "dam" } }, "geometry": { "type": "Point", "coordinates": [ 61.445471799999986, 25.108459 ] } },
{ "type": "Feature", "properties": { "name": "(unnamed)", "kind": "Dam", "score": 11, "dedup_count": 1, "label_rank": 11, "tags": { "waterway": "dam" } }, "geometry": { "type": "Point", "coordinates": [ 62.005399699999984, 25.20492235 ] } },
{ "type": "Feature", "properties": { "name": "(unnamed)", "kind": "Dam", "score": 11, "dedup_count": 1, "label_rank": 11, "tags": { "waterway": "dam" } }, "geometry": { "type": "Point", "coordinates": [ 61.996278838359359, 25.224059832664853 ] } },
{ "type": "Feature", "properties": { "name": "(unnamed)", "kind": "Dam", "score": 11, "dedup_count": 1, "label_rank": 11, "tags": { "waterway": "dam" } }, "geometry": { "type": "Point", "coordinates": [ 62.080416149999984, 25.30768225 ] } },
{ "type": "Feature", "properties": { "name": "(unnamed)", "kind": "Dam", "score": 11, "dedup_count": 1, "label_rank": 11, "tags": { "waterway": "dam" } }, "geometry": { "type": "Point", "coordinates": [ 62.2788816, 25.35829335 ] } },
{ "type": "Feature", "properties": { "name": "(unnamed)", "kind": "Dam", "score": 11, "dedup_count": 1, "label_rank": 11, "tags": { "waterway": "dam" } }, "geometry": { "type": "Point", "coordinates": [ 61.460529754448409, 25.755233393052333 ] } },
{ "type": "Feature", "properties": { "name": "(unnamed)", "kind": "Dam", "score": 11, "dedup_count": 1, "label_rank": 11, "tags": { "waterway": "dam" } }, "geometry": { "type": "Point", "coordinates": [ 61.514064146326106, 25.81117566047509 ] } },
{ "type": "Feature", "properties": { "name": "(unnamed)", "kind": "Dam", "score": 11, "dedup_count": 1, "label_rank": 11, "tags": { "waterway": "dam" } }, "geometry": { "type": "Point", "coordinates": [ 61.482982461423489, 25.829912098536454 ] } },
{ "type": "Feature", "properties": { "name": "(unnamed)", "kind": "Dam", "score": 11, "dedup_count": 1, "label_rank": 11, "tags": { "waterway": "dam" } }, "geometry": { "type": "Point", "coordinates": [ 61.549434575707927, 25.930844370500665 ] } },
{ "type": "Feature", "properties": { "name": "(unnamed)", "kind": "Dam", "score": 11, "dedup_count": 1, "label_rank": 11, "tags": { "material": "soil", "waterway": "dam" } }, "geometry": { "type": "Point", "coordinates": [ 61.621832050635945, 26.165156097658649 ] } },
{ "type": "Feature", "properties": { "name": "(unnamed)", "kind": "Dam", "score": 11, "dedup_count": 1, "label_rank": 11, "tags": { "waterway": "dam" } }, "geometry": { "type": "Point", "coordinates": [ 61.46324925, 26.2089207 ] } },
{ "type": "Feature", "properties": { "name": "(unnamed)", "kind": "Dam", "score": 11, "dedup_count": 1, "label_rank": 11, "tags": { "waterway": "dam" } }, "geometry": { "type": "Point", "coordinates": [ 62.10832335, 26.44553425 ] } },
{ "type": "Feature", "properties": { "name": "(unnamed)", "kind": "Dam", "score": 11, "dedup_count": 1, "label_rank": 11, "tags": { "waterway": "dam" } }, "geometry": { "type": "Point", "coordinates": [ 61.95908105, 26.6099278 ] } },
{ "type": "Feature", "properties": { "name": "(unnamed)", "kind": "Dam", "score": 11, "dedup_count": 1, "label_rank": 11, "tags": { "waterway": "dam" } }, "geometry": { "type": "Point", "coordinates": [ 61.959982392271705, 26.625900135729552 ] } },
{ "type": "Feature", "properties": { "name": "(unnamed)", "kind": "Dam", "score": 11, "dedup_count": 1, "label_rank": 11, "tags": { "material": "soil", "waterway": "dam" } }, "geometry": { "type": "Point", "coordinates": [ 61.439383419991024, 26.785584444388142 ] } },
{ "type": "Feature", "properties": { "name": "(unnamed)", "kind": "Dam", "score": 11, "dedup_count": 1, "label_rank": 11, "tags": { "waterway": "dam" } }, "geometry": { "type": "Point", "coordinates": [ 62.1071841, 26.8467863 ] } },
{ "type": "Feature", "properties": { "name": "(unnamed)", "kind": "Dam", "score": 11, "dedup_count": 1, "label_rank": 11, "tags": { "waterway": "dam" } }, "geometry": { "type": "Point", "coordinates": [ 62.17619635, 26.85674965 ] } },
{ "type": "Feature", "properties": { "name": "(unnamed)", "kind": "Dam", "score": 11, "dedup_count": 1, "label_rank": 11, "tags": { "waterway": "dam" } }, "geometry": { "type": "Point", "coordinates": [ 62.0187854, 26.87257295 ] } },
{ "type": "Feature", "properties": { "name": "(unnamed)", "kind": "Dam", "score": 11, "dedup_count": 1, "label_rank": 11, "tags": { "waterway": "dam" } }, "geometry": { "type": "Point", "coordinates": [ 61.6592126, 26.87682045 ] } },
{ "type": "Feature", "properties": { "name": "(unnamed)", "kind": "Dam", "score": 11, "dedup_count": 1, "label_rank": 11, "tags": { "waterway": "dam" } }, "geometry": { "type": "Point", "coordinates": [ 62.23032655, 26.882237 ] } },
{ "type": "Feature", "properties": { "name": "(unnamed)", "kind": "Dam", "score": 11, "dedup_count": 1, "label_rank": 11, "tags": { "waterway": "dam" } }, "geometry": { "type": "Point", "coordinates": [ 61.9791344, 26.8886636 ] } },
{ "type": "Feature", "properties": { "name": "(unnamed)", "kind": "Dam", "score": 11, "dedup_count": 1, "label_rank": 11, "tags": { "waterway": "dam" } }, "geometry": { "type": "Point", "coordinates": [ 62.242241399999983, 26.8900948 ] } },
{ "type": "Feature", "properties": { "name": "(unnamed)", "kind": "Dam", "score": 11, "dedup_count": 1, "label_rank": 11, "tags": { "material": "soil", "waterway": "dam" } }, "geometry": { "type": "Point", "coordinates": [ 61.5128999, 26.94165315 ] } },
{ "type": "Feature", "properties": { "name": "(unnamed)", "kind": "Dam", "score": 11, "dedup_count": 1, "label_rank": 11, "tags": { "waterway": "dam" } }, "geometry": { "type": "Point", "coordinates": [ 61.61672035, 26.9437737 ] } },
{ "type": "Feature", "properties": { "name": "(unnamed)", "kind": "Dam", "score": 11, "dedup_count": 1, "label_rank": 11, "tags": { "material": "soil", "waterway": "dam" } }, "geometry": { "type": "Point", "coordinates": [ 61.83883685, 26.9441919 ] } },
{ "type": "Feature", "properties": { "name": "(unnamed)", "kind": "Dam", "score": 11, "dedup_count": 1, "label_rank": 11, "tags": { "material": "soil", "waterway": "dam" } }, "geometry": { "type": "Point", "coordinates": [ 61.644359949999988, 26.94703355 ] } },
{ "type": "Feature", "properties": { "name": "(unnamed)", "kind": "Dam", "score": 11, "dedup_count": 1, "label_rank": 11, "tags": { "material": "soil", "waterway": "dam" } }, "geometry": { "type": "Point", "coordinates": [ 61.5303685, 26.94971155 ] } },
{ "type": "Feature", "properties": { "name": "(unnamed)", "kind": "Dam", "score": 11, "dedup_count": 1, "label_rank": 11, "tags": { "material": "soil", "waterway": "dam" } }, "geometry": { "type": "Point", "coordinates": [ 61.8564814, 26.9583274 ] } },
{ "type": "Feature", "properties": { "name": "(unnamed)", "kind": "Dam", "score": 11, "dedup_count": 1, "label_rank": 11, "tags": { "material": "soil", "waterway": "dam" } }, "geometry": { "type": "Point", "coordinates": [ 61.92965905, 26.97623065 ] } },
{ "type": "Feature", "properties": { "name": "(unnamed)", "kind": "Dam", "score": 11, "dedup_count": 1, "label_rank": 11, "tags": { "material": "soil", "waterway": "dam" } }, "geometry": { "type": "Point", "coordinates": [ 61.4403666, 26.9771122 ] } },
{ "type": "Feature", "properties": { "name": "(unnamed)", "kind": "Dam", "score": 11, "dedup_count": 1, "label_rank": 11, "tags": { "material": "soil", "waterway": "dam" } }, "geometry": { "type": "Point", "coordinates": [ 61.907876805020543, 26.983894953815646 ] } },
{ "type": "Feature", "properties": { "name": "(unnamed)", "kind": "Dam", "score": 11, "dedup_count": 1, "label_rank": 11, "tags": { "material": "soil", "waterway": "dam" } }, "geometry": { "type": "Point", "coordinates": [ 61.980249623646358, 26.986736177375647 ] } },
{ "type": "Feature", "properties": { "name": "(unnamed)", "kind": "Dam", "score": 11, "dedup_count": 1, "label_rank": 11, "tags": { "waterway": "dam" } }, "geometry": { "type": "Point", "coordinates": [ 62.1495121, 26.9876757 ] } },
{ "type": "Feature", "properties": { "name": "(unnamed)", "kind": "Dam", "score": 11, "dedup_count": 1, "label_rank": 11, "tags": { "waterway": "dam" } }, "geometry": { "type": "Point", "coordinates": [ 61.54752425, 26.9960466 ] } },
{ "type": "Feature", "properties": { "name": "(unnamed)", "kind": "Dam", "score": 11, "dedup_count": 1, "label_rank": 11, "tags": { "waterway": "dam" } }, "geometry": { "type": "Point", "coordinates": [ 61.561069199999984, 27.00175495 ] } },
{ "type": "Feature", "properties": { "name": "(unnamed)", "kind": "Dam", "score": 11, "dedup_count": 1, "label_rank": 11, "tags": { "material": "soil", "waterway": "dam" } }, "geometry": { "type": "Point", "coordinates": [ 61.935010758545339, 27.004004745086675 ] } },
{ "type": "Feature", "properties": { "name": "(unnamed)", "kind": "Dam", "score": 11, "dedup_count": 1, "label_rank": 11, "tags": { "waterway": "dam" } }, "geometry": { "type": "Point", "coordinates": [ 62.117773, 27.03128035 ] } },
{ "type": "Feature", "properties": { "name": "(unnamed)", "kind": "Dam", "score": 11, "dedup_count": 1, "label_rank": 11, "tags": { "waterway": "dam" } }, "geometry": { "type": "Point", "coordinates": [ 61.69543310000001, 27.21533995 ] } },
{ "type": "Feature", "properties": { "name": "(unnamed)", "kind": "Dam", "score": 11, "dedup_count": 1, "label_rank": 11, "tags": { "waterway": "dam" } }, "geometry": { "type": "Point", "coordinates": [ 62.01431715, 27.23770635 ] } },
{ "type": "Feature", "properties": { "name": "(unnamed)", "kind": "Dam", "score": 11, "dedup_count": 1, "label_rank": 11, "tags": { "waterway": "dam" } }, "geometry": { "type": "Point", "coordinates": [ 62.0937565, 27.34990835 ] } },
{ "type": "Feature", "properties": { "name": "(unnamed)", "kind": "Dam", "score": 11, "dedup_count": 1, "label_rank": 11, "tags": { "waterway": "dam" } }, "geometry": { "type": "Point", "coordinates": [ 61.49966845, 27.45549345 ] } },
{ "type": "Feature", "properties": { "name": "(unnamed)", "kind": "Dam", "score": 11, "dedup_count": 1, "label_rank": 11, "tags": { "waterway": "dam" } }, "geometry": { "type": "Point", "coordinates": [ 61.874473231808899, 27.466944874708233 ] } },
{ "type": "Feature", "properties": { "name": "(unnamed)", "kind": "Dam", "score": 11, "dedup_count": 1, "label_rank": 11, "tags": { "waterway": "dam" } }, "geometry": { "type": "Point", "coordinates": [ 62.209494753100358, 27.537675238944733 ] } },
{ "type": "Feature", "properties": { "name": "(unnamed)", "kind": "Dam", "score": 11, "dedup_count": 1, "label_rank": 11, "tags": { "area": "yes", "waterway": "dam" } }, "geometry": { "type": "Point", "coordinates": [ 61.814872727098006, 27.563503358983557 ] } },
{ "type": "Feature", "properties": { "name": "(unnamed)", "kind": "Dam", "score": 11, "dedup_count": 1, "label_rank": 11, "tags": { "waterway": "dam" } }, "geometry": { "type": "Point", "coordinates": [ 62.27793059714395, 27.61044086022153 ] } },
{ "type": "Feature", "properties": { "name": "(unnamed)", "kind": "Dam", "score": 11, "dedup_count": 1, "label_rank": 11, "tags": { "waterway": "dam" } }, "geometry": { "type": "Point", "coordinates": [ 61.598706313413736, 27.642185605975154 ] } },
{ "type": "Feature", "properties": { "name": "(unnamed)", "kind": "Dam", "score": 11, "dedup_count": 1, "label_rank": 11, "tags": { "waterway": "dam" } }, "geometry": { "type": "Point", "coordinates": [ 61.9691695, 27.769169 ] } },
{ "type": "Feature", "properties": { "name": "(unnamed)", "kind": "Dam", "score": 11, "dedup_count": 1, "label_rank": 11, "tags": { "area": "yes", "waterway": "dam" } }, "geometry": { "type": "Point", "coordinates": [ 61.957107386020589, 27.810545562643096 ] } },
{ "type": "Feature", "properties": { "name": "(unnamed)", "kind": "Dam", "score": 11, "dedup_count": 1, "label_rank": 11, "tags": { "waterway": "dam" } }, "geometry": { "type": "Point", "coordinates": [ 61.987564099999986, 27.813788 ] } },
{ "type": "Feature", "properties": { "name": "(unnamed)", "kind": "Dam", "score": 11, "dedup_count": 1, "label_rank": 11, "tags": { "waterway": "dam" } }, "geometry": { "type": "Point", "coordinates": [ 61.87574690000001, 27.9133435 ] } },
{ "type": "Feature", "properties": { "name": "(unnamed)", "kind": "Dam", "score": 11, "dedup_count": 1, "label_rank": 11, "tags": { "waterway": "dam" } }, "geometry": { "type": "Point", "coordinates": [ 61.5664367, 28.43198225 ] } },
{ "type": "Feature", "properties": { "name": "(unnamed)", "kind": "Dam", "score": 11, "dedup_count": 1, "label_rank": 11, "tags": { "waterway": "dam" } }, "geometry": { "type": "Point", "coordinates": [ 61.573732, 28.63073975 ] } },
{ "type": "Feature", "properties": { "name": "(unnamed)", "kind": "Dam", "score": 11, "dedup_count": 1, "label_rank": 11, "tags": { "waterway": "dam" } }, "geometry": { "type": "Point", "coordinates": [ 61.9020857, 30.33394045 ] } },
{ "type": "Feature", "properties": { "name": "(unnamed)", "kind": "Dam", "score": 11, "dedup_count": 1, "label_rank": 11, "tags": { "waterway": "dam" } }, "geometry": { "type": "Point", "coordinates": [ 61.678953088826404, 30.896397988965003 ] } },
{ "type": "Feature", "properties": { "name": "(unnamed)", "kind": "Dam", "score": 11, "dedup_count": 1, "label_rank": 11, "tags": { "waterway": "dam" } }, "geometry": { "type": "Point", "coordinates": [ 61.53289817105744, 30.919570507952198 ] } },
{ "type": "Feature", "properties": { "name": "(unnamed)", "kind": "Dam", "score": 11, "dedup_count": 1, "label_rank": 11, "tags": { "waterway": "dam" } }, "geometry": { "type": "Point", "coordinates": [ 62.20905770000001, 33.27580075 ] } },
{ "type": "Feature", "properties": { "name": "(unnamed)", "kind": "Dam", "score": 11, "dedup_count": 1, "label_rank": 11, "tags": { "waterway": "dam" } }, "geometry": { "type": "Point", "coordinates": [ 62.10862845, 34.15646035 ] } },
{ "type": "Feature", "properties": { "name": "(unnamed)", "kind": "Dam", "score": 11, "dedup_count": 1, "label_rank": 11, "tags": { "waterway": "dam" } }, "geometry": { "type": "Point", "coordinates": [ 62.1473005, 34.2633293 ] } },
{ "type": "Feature", "properties": { "name": "(unnamed)", "kind": "Dam", "score": 11, "dedup_count": 1, "label_rank": 11, "tags": { "waterway": "dam" } }, "geometry": { "type": "Point", "coordinates": [ 62.16838, 34.272208 ] } },
{ "type": "Feature", "properties": { "name": "(unnamed)", "kind": "Dam", "score": 11, "dedup_count": 1, "label_rank": 11, "tags": { "waterway": "dam" } }, "geometry": { "type": "Point", "coordinates": [ 62.1015085, 34.3311318 ] } },
{ "type": "Feature", "properties": { "name": "(unnamed)", "kind": "Dam", "score": 11, "dedup_count": 1, "label_rank": 11, "tags": { "waterway": "dam" } }, "geometry": { "type": "Point", "coordinates": [ 61.921536654725678, 34.991339525522825 ] } },
{ "type": "Feature", "properties": { "name": "(unnamed)", "kind": "Dam", "score": 11, "dedup_count": 1, "label_rank": 11, "tags": { "waterway": "dam" } }, "geometry": { "type": "Point", "coordinates": [ 61.6812815, 35.1030049 ] } },
{ "type": "Feature", "properties": { "name": "(unnamed)", "kind": "Dam", "score": 11, "dedup_count": 1, "label_rank": 11, "tags": { "waterway": "dam" } }, "geometry": { "type": "Point", "coordinates": [ 61.496166287316029, 35.281968833727987 ] } },
{ "type": "Feature", "properties": { "name": "(unnamed)", "kind": "Dam", "score": 11, "dedup_count": 1, "label_rank": 11, "tags": { "waterway": "dam" } }, "geometry": { "type": "Point", "coordinates": [ 62.140963399999983, 37.4968555 ] } },
{ "type": "Feature", "properties": { "name": "(unnamed)", "kind": "Dam", "score": 11, "dedup_count": 1, "label_rank": 11, "tags": { "waterway": "dam" } }, "geometry": { "type": "Point", "coordinates": [ 61.814388799999989, 37.6872591 ] } },
{ "type": "Feature", "properties": { "name": "(unnamed)", "kind": "Dam", "score": 11, "dedup_count": 1, "label_rank": 11, "tags": { "waterway": "dam" } }, "geometry": { "type": "Point", "coordinates": [ 61.7702266, 37.7404254 ] } },
{ "type": "Feature", "properties": { "name": "(unnamed)", "kind": "Dam", "score": 11, "dedup_count": 1, "label_rank": 11, "tags": { "waterway": "dam" } }, "geometry": { "type": "Point", "coordinates": [ 61.7220176, 37.7858829 ] } },
{ "type": "Feature", "properties": { "name": "(unnamed)", "kind": "Dam", "score": 11, "dedup_count": 1, "label_rank": 11, "tags": { "waterway": "dam" } }, "geometry": { "type": "Point", "coordinates": [ 62.542904916879998, 25.283505669039581 ] } },
{ "type": "Feature", "properties": { "name": "(unnamed)", "kind": "Dam", "score": 11, "dedup_count": 1, "label_rank": 11, "tags": { "waterway": "dam" } }, "geometry": { "type": "Point", "coordinates": [ 62.749029699999987, 25.28990265 ] } },
{ "type": "Feature", "properties": { "name": "(unnamed)", "kind": "Dam", "score": 11, "dedup_count": 1, "label_rank": 11, "tags": { "waterway": "dam" } }, "geometry": { "type": "Point", "coordinates": [ 62.732477348198401, 25.290049421317278 ] } },
{ "type": "Feature", "properties": { "name": "(unnamed)", "kind": "Dam", "score": 11, "dedup_count": 1, "label_rank": 11, "tags": { "waterway": "dam" } }, "geometry": { "type": "Point", "coordinates": [ 62.46457476822043, 25.291263294111886 ] } },
{ "type": "Feature", "properties": { "name": "(unnamed)", "kind": "Dam", "score": 11, "dedup_count": 1, "label_rank": 11, "tags": { "waterway": "dam" } }, "geometry": { "type": "Point", "coordinates": [ 62.571650494686196, 25.292137987565692 ] } },
{ "type": "Feature", "properties": { "name": "(unnamed)", "kind": "Dam", "score": 11, "dedup_count": 1, "label_rank": 11, "tags": { "waterway": "dam" } }, "geometry": { "type": "Point", "coordinates": [ 62.463007851692637, 25.314809982594625 ] } },
{ "type": "Feature", "properties": { "name": "(unnamed)", "kind": "Dam", "score": 11, "dedup_count": 1, "label_rank": 11, "tags": { "waterway": "dam" } }, "geometry": { "type": "Point", "coordinates": [ 62.613016103499511, 25.315396332331535 ] } },
{ "type": "Feature", "properties": { "name": "(unnamed)", "kind": "Dam", "score": 11, "dedup_count": 1, "label_rank": 11, "tags": { "waterway": "dam" } }, "geometry": { "type": "Point", "coordinates": [ 62.525996293444855, 25.320749295376235 ] } },
{ "type": "Feature", "properties": { "name": "(unnamed)", "kind": "Dam", "score": 11, "dedup_count": 1, "label_rank": 11, "tags": { "waterway": "dam" } }, "geometry": { "type": "Point", "coordinates": [ 62.864324047804239, 25.379987870858272 ] } },
{ "type": "Feature", "properties": { "name": "(unnamed)", "kind": "Dam", "score": 11, "dedup_count": 1, "label_rank": 11, "tags": { "waterway": "dam" } }, "geometry": { "type": "Point", "coordinates": [ 63.492851587886939, 25.404084865792758 ] } },
{ "type": "Feature", "properties": { "name": "(unnamed)", "kind": "Dam", "score": 11, "dedup_count": 1, "label_rank": 11, "tags": { "waterway": "dam" } }, "geometry": { "type": "Point", "coordinates": [ 62.813353789139498, 25.413596077294276 ] } },
{ "type": "Feature", "properties": { "name": "(unnamed)", "kind": "Dam", "score": 11, "dedup_count": 1, "label_rank": 11, "tags": { "waterway": "dam" } }, "geometry": { "type": "Point", "coordinates": [ 63.471344808044854, 25.415090685053343 ] } },
{ "type": "Feature", "properties": { "name": "(unnamed)", "kind": "Dam", "score": 11, "dedup_count": 1, "label_rank": 11, "tags": { "waterway": "dam" } }, "geometry": { "type": "Point", "coordinates": [ 63.431513799999983, 25.41957385 ] } },
{ "type": "Feature", "properties": { "name": "(unnamed)", "kind": "Dam", "score": 11, "dedup_count": 1, "label_rank": 11, "tags": { "waterway": "dam" } }, "geometry": { "type": "Point", "coordinates": [ 62.674966783014078, 25.541707958275513 ] } },
{ "type": "Feature", "properties": { "name": "(unnamed)", "kind": "Dam", "score": 11, "dedup_count": 1, "label_rank": 11, "tags": { "waterway": "dam" } }, "geometry": { "type": "Point", "coordinates": [ 63.0379781, 25.96000645 ] } },
{ "type": "Feature", "properties": { "name": "(unnamed)", "kind": "Dam", "score": 11, "dedup_count": 1, "label_rank": 11, "tags": { "waterway": "dam" } }, "geometry": { "type": "Point", "coordinates": [ 63.0919834, 25.9666782 ] } },
{ "type": "Feature", "properties": { "name": "(unnamed)", "kind": "Dam", "score": 11, "dedup_count": 1, "label_rank": 11, "tags": { "waterway": "dam" } }, "geometry": { "type": "Point", "coordinates": [ 63.00348951652294, 25.980434131930053 ] } },
{ "type": "Feature", "properties": { "name": "(unnamed)", "kind": "Dam", "score": 11, "dedup_count": 1, "label_rank": 11, "tags": { "waterway": "dam" } }, "geometry": { "type": "Point", "coordinates": [ 63.064456443495125, 26.229016161468007 ] } },
{ "type": "Feature", "properties": { "name": "(unnamed)", "kind": "Dam", "score": 11, "dedup_count": 1, "label_rank": 11, "tags": { "waterway": "dam" } }, "geometry": { "type": "Point", "coordinates": [ 63.120324324906292, 26.233349991570616 ] } },
{ "type": "Feature", "properties": { "name": "(unnamed)", "kind": "Dam", "score": 11, "dedup_count": 1, "label_rank": 11, "tags": { "material": "earth", "waterway": "dam" } }, "geometry": { "type": "Point", "coordinates": [ 63.088259458775909, 26.311553618003462 ] } },
{ "type": "Feature", "properties": { "name": "(unnamed)", "kind": "Dam", "score": 11, "dedup_count": 1, "label_rank": 11, "tags": { "waterway": "dam" } }, "geometry": { "type": "Point", "coordinates": [ 62.974309932588625, 26.318623318888573 ] } },
{ "type": "Feature", "properties": { "name": "(unnamed)", "kind": "Dam", "score": 11, "dedup_count": 1, "label_rank": 11, "tags": { "waterway": "dam" } }, "geometry": { "type": "Point", "coordinates": [ 62.350772698730196, 26.536244284590051 ] } },
{ "type": "Feature", "properties": { "name": "(unnamed)", "kind": "Dam", "score": 11, "dedup_count": 1, "label_rank": 11, "tags": { "waterway": "dam" } }, "geometry": { "type": "Point", "coordinates": [ 62.451685801671417, 26.58368056946432 ] } },
{ "type": "Feature", "properties": { "name": "(unnamed)", "kind": "Dam", "score": 11, "dedup_count": 1, "label_rank": 11, "tags": { "waterway": "dam" } }, "geometry": { "type": "Point", "coordinates": [ 62.390211280341795, 26.606036515729922 ] } },
{ "type": "Feature", "properties": { "name": "(unnamed)", "kind": "Dam", "score": 11, "dedup_count": 1, "label_rank": 11, "tags": { "waterway": "dam" } }, "geometry": { "type": "Point", "coordinates": [ 62.407864077691855, 26.606067934504338 ] } },
{ "type": "Feature", "properties": { "name": "(unnamed)", "kind": "Dam", "score": 11, "dedup_count": 1, "label_rank": 11, "tags": { "waterway": "dam" } }, "geometry": { "type": "Point", "coordinates": [ 62.432755354667314, 26.607487792748806 ] } },
{ "type": "Feature", "properties": { "name": "(unnamed)", "kind": "Dam", "score": 11, "dedup_count": 1, "label_rank": 11, "tags": { "waterway": "dam" } }, "geometry": { "type": "Point", "coordinates": [ 63.139548386329786, 26.61144990368356 ] } },
{ "type": "Feature", "properties": { "name": "(unnamed)", "kind": "Dam", "score": 11, "dedup_count": 1, "label_rank": 11, "tags": { "waterway": "dam" } }, "geometry": { "type": "Point", "coordinates": [ 63.031073198370692, 26.655914337779834 ] } },
{ "type": "Feature", "properties": { "name": "(unnamed)", "kind": "Dam", "score": 11, "dedup_count": 1, "label_rank": 11, "tags": { "waterway": "dam" } }, "geometry": { "type": "Point", "coordinates": [ 62.6036073, 26.66190745 ] } },
{ "type": "Feature", "properties": { "name": "(unnamed)", "kind": "Dam", "score": 11, "dedup_count": 1, "label_rank": 11, "tags": { "waterway": "dam" } }, "geometry": { "type": "Point", "coordinates": [ 62.935735616370373, 26.679617273312981 ] } },
{ "type": "Feature", "properties": { "name": "(unnamed)", "kind": "Dam", "score": 11, "dedup_count": 1, "label_rank": 11, "tags": { "waterway": "dam" } }, "geometry": { "type": "Point", "coordinates": [ 63.10340925, 26.6924957 ] } },
{ "type": "Feature", "properties": { "name": "(unnamed)", "kind": "Dam", "score": 11, "dedup_count": 1, "label_rank": 11, "tags": { "waterway": "dam" } }, "geometry": { "type": "Point", "coordinates": [ 63.069968063586025, 26.694450802799594 ] } },
{ "type": "Feature", "properties": { "name": "(unnamed)", "kind": "Dam", "score": 11, "dedup_count": 1, "label_rank": 11, "tags": { "material": "soil", "waterway": "dam" } }, "geometry": { "type": "Point", "coordinates": [ 62.985740548122124, 26.696323349589012 ] } },
{ "type": "Feature", "properties": { "name": "(unnamed)", "kind": "Dam", "score": 11, "dedup_count": 1, "label_rank": 11, "tags": { "waterway": "dam" } }, "geometry": { "type": "Point", "coordinates": [ 62.8231519, 26.7058559 ] } },
{ "type": "Feature", "properties": { "name": "(unnamed)", "kind": "Dam", "score": 11, "dedup_count": 1, "label_rank": 11, "tags": { "waterway": "dam" } }, "geometry": { "type": "Point", "coordinates": [ 62.848455325819963, 26.711604801238625 ] } },
{ "type": "Feature", "properties": { "name": "(unnamed)", "kind": "Dam", "score": 11, "dedup_count": 1, "label_rank": 11, "tags": { "waterway": "dam" } }, "geometry": { "type": "Point", "coordinates": [ 62.860115407519032, 26.72667401406132 ] } },
{ "type": "Feature", "properties": { "name": "(unnamed)", "kind": "Dam", "score": 11, "dedup_count": 1, "label_rank": 11, "tags": { "waterway": "dam" } }, "geometry": { "type": "Point", "coordinates": [ 63.105731222924284, 26.727948071982308 ] } },
{ "type": "Feature", "properties": { "name": "(unnamed)", "kind": "Dam", "score": 11, "dedup_count": 1, "label_rank": 11, "tags": { "waterway": "dam" } }, "geometry": { "type": "Point", "coordinates": [ 62.984668779952031, 26.728109794104981 ] } },
{ "type": "Feature", "properties": { "name": "(unnamed)", "kind": "Dam", "score": 11, "dedup_count": 1, "label_rank": 11, "tags": { "waterway": "dam" } }, "geometry": { "type": "Point", "coordinates": [ 62.87455325, 26.73593215 ] } },
{ "type": "Feature", "properties": { "name": "(unnamed)", "kind": "Dam", "score": 11, "dedup_count": 1, "label_rank": 11, "tags": { "waterway": "dam" } }, "geometry": { "type": "Point", "coordinates": [ 62.791532310205326, 26.742694822520374 ] } },
{ "type": "Feature", "properties": { "name": "(unnamed)", "kind": "Dam", "score": 11, "dedup_count": 1, "label_rank": 11, "tags": { "waterway": "dam" } }, "geometry": { "type": "Point", "coordinates": [ 62.8354254, 26.74814655 ] } },
{ "type": "Feature", "properties": { "name": "(unnamed)", "kind": "Dam", "score": 11, "dedup_count": 1, "label_rank": 11, "tags": { "waterway": "dam" } }, "geometry": { "type": "Point", "coordinates": [ 62.8626819, 26.75608055 ] } },
{ "type": "Feature", "properties": { "name": "(unnamed)", "kind": "Dam", "score": 11, "dedup_count": 1, "label_rank": 11, "tags": { "waterway": "dam" } }, "geometry": { "type": "Point", "coordinates": [ 62.9571704, 26.77838865 ] } },
{ "type": "Feature", "properties": { "name": "(unnamed)", "kind": "Dam", "score": 11, "dedup_count": 1, "label_rank": 11, "tags": { "waterway": "dam" } }, "geometry": { "type": "Point", "coordinates": [ 62.692185567500772, 26.788543979334829 ] } },
{ "type": "Feature", "properties": { "name": "(unnamed)", "kind": "Dam", "score": 11, "dedup_count": 1, "label_rank": 11, "tags": { "material": "soil", "waterway": "dam" } }, "geometry": { "type": "Point", "coordinates": [ 63.033288732416345, 26.789459786728468 ] } },
{ "type": "Feature", "properties": { "name": "(unnamed)", "kind": "Dam", "score": 11, "dedup_count": 1, "label_rank": 11, "tags": { "area": "yes", "waterway": "dam" } }, "geometry": { "type": "Point", "coordinates": [ 62.292473401558489, 26.790710252545946 ] } },
{ "type": "Feature", "properties": { "name": "(unnamed)", "kind": "Dam", "score": 11, "dedup_count": 1, "label_rank": 11, "tags": { "waterway": "dam" } }, "geometry": { "type": "Point", "coordinates": [ 62.971261205318001, 26.790875788463403 ] } },
{ "type": "Feature", "properties": { "name": "(unnamed)", "kind": "Dam", "score": 11, "dedup_count": 1, "label_rank": 11, "tags": { "material": "soil", "waterway": "dam" } }, "geometry": { "type": "Point", "coordinates": [ 63.1416057, 26.7987639 ] } },
{ "type": "Feature", "properties": { "name": "(unnamed)", "kind": "Dam", "score": 11, "dedup_count": 1, "label_rank": 11, "tags": { "waterway": "dam" } }, "geometry": { "type": "Point", "coordinates": [ 63.026121594043488, 26.801449522918407 ] } },
{ "type": "Feature", "properties": { "name": "(unnamed)", "kind": "Dam", "score": 11, "dedup_count": 1, "label_rank": 11, "tags": { "waterway": "dam" } }, "geometry": { "type": "Point", "coordinates": [ 63.06287615, 26.8103679 ] } },
{ "type": "Feature", "properties": { "name": "(unnamed)", "kind": "Dam", "score": 11, "dedup_count": 1, "label_rank": 11, "tags": { "waterway": "dam" } }, "geometry": { "type": "Point", "coordinates": [ 63.045245749313679, 26.817315051102486 ] } },
{ "type": "Feature", "properties": { "name": "(unnamed)", "kind": "Dam", "score": 11, "dedup_count": 1, "label_rank": 11, "tags": { "waterway": "dam" } }, "geometry": { "type": "Point", "coordinates": [ 62.304511101181781, 26.823197241186516 ] } },
{ "type": "Feature", "properties": { "name": "(unnamed)", "kind": "Dam", "score": 11, "dedup_count": 1, "label_rank": 11, "tags": { "waterway": "dam" } }, "geometry": { "type": "Point", "coordinates": [ 63.0397774, 26.84177465 ] } },
{ "type": "Feature", "properties": { "name": "(unnamed)", "kind": "Dam", "score": 11, "dedup_count": 1, "label_rank": 11, "tags": { "waterway": "dam" } }, "geometry": { "type": "Point", "coordinates": [ 63.015612752272517, 26.845565393337797 ] } },
{ "type": "Feature", "properties": { "name": "(unnamed)", "kind": "Dam", "score": 11, "dedup_count": 1, "label_rank": 11, "tags": { "waterway": "dam" } }, "geometry": { "type": "Point", "coordinates": [ 62.4292199, 26.86943885 ] } },
{ "type": "Feature", "properties": { "name": "(unnamed)", "kind": "Dam", "score": 11, "dedup_count": 1, "label_rank": 11, "tags": { "waterway": "dam" } }, "geometry": { "type": "Point", "coordinates": [ 62.7245447, 26.87552505 ] } },
{ "type": "Feature", "properties": { "name": "(unnamed)", "kind": "Dam", "score": 11, "dedup_count": 1, "label_rank": 11, "tags": { "waterway": "dam" } }, "geometry": { "type": "Point", "coordinates": [ 62.582752, 26.8763632 ] } },
{ "type": "Feature", "properties": { "name": "(unnamed)", "kind": "Dam", "score": 11, "dedup_count": 1, "label_rank": 11, "tags": { "waterway": "dam" } }, "geometry": { "type": "Point", "coordinates": [ 62.2964634, 26.8824012 ] } },
{ "type": "Feature", "properties": { "name": "(unnamed)", "kind": "Dam", "score": 11, "dedup_count": 1, "label_rank": 11, "tags": { "waterway": "dam" } }, "geometry": { "type": "Point", "coordinates": [ 62.760938, 26.8840168 ] } },
{ "type": "Feature", "properties": { "name": "(unnamed)", "kind": "Dam", "score": 11, "dedup_count": 1, "label_rank": 11, "tags": { "waterway": "dam" } }, "geometry": { "type": "Point", "coordinates": [ 62.3876628, 26.8914384 ] } },
{ "type": "Feature", "properties": { "name": "(unnamed)", "kind": "Dam", "score": 11, "dedup_count": 1, "label_rank": 11, "tags": { "waterway": "dam" } }, "geometry": { "type": "Point", "coordinates": [ 62.473696168496858, 26.897542783692359 ] } },
{ "type": "Feature", "properties": { "name": "(unnamed)", "kind": "Dam", "score": 11, "dedup_count": 1, "label_rank": 11, "tags": { "material": "soil", "waterway": "dam" } }, "geometry": { "type": "Point", "coordinates": [ 62.612604876228986, 26.903995217239881 ] } },
{ "type": "Feature", "properties": { "name": "(unnamed)", "kind": "Dam", "score": 11, "dedup_count": 1, "label_rank": 11, "tags": { "material": "soil", "waterway": "dam" } }, "geometry": { "type": "Point", "coordinates": [ 62.597399407987794, 26.91323886141905 ] } },
{ "type": "Feature", "properties": { "name": "(unnamed)", "kind": "Dam", "score": 11, "dedup_count": 1, "label_rank": 11, "tags": { "material": "soil", "waterway": "dam" } }, "geometry": { "type": "Point", "coordinates": [ 62.3798255, 26.91814135 ] } },
{ "type": "Feature", "properties": { "name": "(unnamed)", "kind": "Dam", "score": 11, "dedup_count": 1, "label_rank": 11, "tags": { "material": "soil", "waterway": "dam" } }, "geometry": { "type": "Point", "coordinates": [ 62.31441485, 26.91999505 ] } },
{ "type": "Feature", "properties": { "name": "(unnamed)", "kind": "Dam", "score": 11, "dedup_count": 1, "label_rank": 11, "tags": { "waterway": "dam" } }, "geometry": { "type": "Point", "coordinates": [ 62.691707930006594, 26.924551610706924 ] } },
{ "type": "Feature", "properties": { "name": "(unnamed)", "kind": "Dam", "score": 11, "dedup_count": 1, "label_rank": 11, "tags": { "waterway": "dam" } }, "geometry": { "type": "Point", "coordinates": [ 62.2891366, 26.937705 ] } },
{ "type": "Feature", "properties": { "name": "(unnamed)", "kind": "Dam", "score": 11, "dedup_count": 1, "label_rank": 11, "tags": { "waterway": "dam" } }, "geometry": { "type": "Point", "coordinates": [ 62.62000605, 26.9474792 ] } },
{ "type": "Feature", "properties": { "name": "(unnamed)", "kind": "Dam", "score": 11, "dedup_count": 1, "label_rank": 11, "tags": { "waterway": "dam" } }, "geometry": { "type": "Point", "coordinates": [ 62.785337400000017, 26.998745 ] } },
{ "type": "Feature", "properties": { "name": "(unnamed)", "kind": "Dam", "score": 11, "dedup_count": 1, "label_rank": 11, "tags": { "waterway": "dam" } }, "geometry": { "type": "Point", "coordinates": [ 62.344795446503539, 27.003473959763497 ] } },
{ "type": "Feature", "properties": { "name": "(unnamed)", "kind": "Dam", "score": 11, "dedup_count": 1, "label_rank": 11, "tags": { "waterway": "dam" } }, "geometry": { "type": "Point", "coordinates": [ 62.4184534, 27.0037887 ] } },
{ "type": "Feature", "properties": { "name": "(unnamed)", "kind": "Dam", "score": 11, "dedup_count": 1, "label_rank": 11, "tags": { "material": "soil", "waterway": "dam" } }, "geometry": { "type": "Point", "coordinates": [ 62.9200711, 27.0094968 ] } },
{ "type": "Feature", "properties": { "name": "(unnamed)", "kind": "Dam", "score": 11, "dedup_count": 1, "label_rank": 11, "tags": { "waterway": "dam" } }, "geometry": { "type": "Point", "coordinates": [ 62.810417821314275, 27.152296074720642 ] } },
{ "type": "Feature", "properties": { "name": "(unnamed)", "kind": "Dam", "score": 11, "dedup_count": 1, "label_rank": 11, "tags": { "waterway": "dam" } }, "geometry": { "type": "Point", "coordinates": [ 62.447263811532736, 27.176675772203023 ] } },
{ "type": "Feature", "properties": { "name": "(unnamed)", "kind": "Dam", "score": 11, "dedup_count": 1, "label_rank": 11, "tags": { "waterway": "dam" } }, "geometry": { "type": "Point", "coordinates": [ 62.462950204338064, 27.205002593590791 ] } },
{ "type": "Feature", "properties": { "name": "(unnamed)", "kind": "Dam", "score": 11, "dedup_count": 1, "label_rank": 11, "tags": { "waterway": "dam" } }, "geometry": { "type": "Point", "coordinates": [ 62.466366214595816, 27.228211450409336 ] } },
{ "type": "Feature", "properties": { "name": "(unnamed)", "kind": "Dam", "score": 11, "dedup_count": 1, "label_rank": 11, "tags": { "waterway": "dam" } }, "geometry": { "type": "Point", "coordinates": [ 62.445821548738728, 27.279088845707722 ] } },
{ "type": "Feature", "properties": { "name": "(unnamed)", "kind": "Dam", "score": 11, "dedup_count": 1, "label_rank": 11, "tags": { "waterway": "dam" } }, "geometry": { "type": "Point", "coordinates": [ 62.4804349, 27.3282286 ] } },
{ "type": "Feature", "properties": { "name": "(unnamed)", "kind": "Dam", "score": 11, "dedup_count": 1, "label_rank": 11, "tags": { "waterway": "dam" } }, "geometry": { "type": "Point", "coordinates": [ 62.451259599999986, 27.34052845 ] } },
{ "type": "Feature", "properties": { "name": "(unnamed)", "kind": "Dam", "score": 11, "dedup_count": 1, "label_rank": 11, "tags": { "waterway": "dam" } }, "geometry": { "type": "Point", "coordinates": [ 62.6200302, 27.34179965 ] } },
{ "type": "Feature", "properties": { "name": "(unnamed)", "kind": "Dam", "score": 11, "dedup_count": 1, "label_rank": 11, "tags": { "waterway": "dam" } }, "geometry": { "type": "Point", "coordinates": [ 62.436992883660551, 27.349213942993192 ] } },
{ "type": "Feature", "properties": { "name": "(unnamed)", "kind": "Dam", "score": 11, "dedup_count": 1, "label_rank": 11, "tags": { "waterway": "dam" } }, "geometry": { "type": "Point", "coordinates": [ 62.44604655, 27.36826035 ] } },
{ "type": "Feature", "properties": { "name": "(unnamed)", "kind": "Dam", "score": 11, "dedup_count": 1, "label_rank": 11, "tags": { "waterway": "dam" } }, "geometry": { "type": "Point", "coordinates": [ 62.291063701018956, 27.389895617193453 ] } },
{ "type": "Feature", "properties": { "name": "(unnamed)", "kind": "Dam", "score": 11, "dedup_count": 1, "label_rank": 11, "tags": { "waterway": "dam" } }, "geometry": { "type": "Point", "coordinates": [ 62.544575256060604, 27.448892167308166 ] } },
{ "type": "Feature", "properties": { "name": "(unnamed)", "kind": "Dam", "score": 11, "dedup_count": 1, "label_rank": 11, "tags": { "waterway": "dam" } }, "geometry": { "type": "Point", "coordinates": [ 62.287426616459989, 27.451926839268591 ] } },
{ "type": "Feature", "properties": { "name": "(unnamed)", "kind": "Dam", "score": 11, "dedup_count": 1, "label_rank": 11, "tags": { "waterway": "dam" } }, "geometry": { "type": "Point", "coordinates": [ 62.32689435539482, 27.596499174918421 ] } },
{ "type": "Feature", "properties": { "name": "(unnamed)", "kind": "Dam", "score": 11, "dedup_count": 1, "label_rank": 11, "tags": { "waterway": "dam" } }, "geometry": { "type": "Point", "coordinates": [ 63.692714831817327, 28.694757896146601 ] } },
{ "type": "Feature", "properties": { "name": "(unnamed)", "kind": "Dam", "score": 11, "dedup_count": 1, "label_rank": 11, "tags": { "waterway": "dam" } }, "geometry": { "type": "Point", "coordinates": [ 62.381479185925947, 30.17039209084987 ] } },
{ "type": "Feature", "properties": { "name": "(unnamed)", "kind": "Dam", "score": 11, "dedup_count": 1, "label_rank": 11, "tags": { "waterway": "dam" } }, "geometry": { "type": "Point", "coordinates": [ 63.48821925, 34.3604903 ] } },
{ "type": "Feature", "properties": { "name": "(unnamed)", "kind": "Dam", "score": 11, "dedup_count": 1, "label_rank": 11, "tags": { "waterway": "dam" } }, "geometry": { "type": "Point", "coordinates": [ 62.917472767567162, 35.953390592946626 ] } },
{ "type": "Feature", "properties": { "name": "(unnamed)", "kind": "Dam", "score": 11, "dedup_count": 1, "label_rank": 11, "tags": { "waterway": "dam" } }, "geometry": { "type": "Point", "coordinates": [ 62.625672610378231, 36.444582864492155 ] } },
{ "type": "Feature", "properties": { "name": "(unnamed)", "kind": "Dam", "score": 11, "dedup_count": 1, "label_rank": 11, "tags": { "waterway": "dam" } }, "geometry": { "type": "Point", "coordinates": [ 62.399269599229868, 37.289672528442416 ] } },
{ "type": "Feature", "properties": { "name": "(unnamed)", "kind": "Dam", "score": 11, "dedup_count": 1, "label_rank": 11, "tags": { "area": "yes", "waterway": "dam" } }, "geometry": { "type": "Point", "coordinates": [ 62.335566910692336, 37.427352956719588 ] } },
{ "type": "Feature", "properties": { "name": "(unnamed)", "kind": "Dam", "score": 11, "dedup_count": 1, "label_rank": 11, "tags": { "area": "yes", "waterway": "dam" } }, "geometry": { "type": "Point", "coordinates": [ 62.3102618506339, 37.457962902467244 ] } },
{ "type": "Feature", "properties": { "name": "(unnamed)", "kind": "Dam", "score": 11, "dedup_count": 1, "label_rank": 11, "tags": { "area": "yes", "waterway": "dam" } }, "geometry": { "type": "Point", "coordinates": [ 62.281233432118619, 37.484472813689898 ] } },
{ "type": "Feature", "properties": { "name": "(unnamed)", "kind": "Dam", "score": 11, "dedup_count": 1, "label_rank": 11, "tags": { "waterway": "dam" } }, "geometry": { "type": "Point", "coordinates": [ 64.40945575, 25.25297035 ] } },
{ "type": "Feature", "properties": { "name": "(unnamed)", "kind": "Dam", "score": 11, "dedup_count": 1, "label_rank": 11, "tags": { "material": "dirt", "waterway": "dam" } }, "geometry": { "type": "Point", "coordinates": [ 63.760495942782796, 25.395828566636649 ] } },
{ "type": "Feature", "properties": { "name": "(unnamed)", "kind": "Dam", "score": 11, "dedup_count": 1, "label_rank": 11, "tags": { "waterway": "dam" } }, "geometry": { "type": "Point", "coordinates": [ 63.855087338813334, 25.434473573386004 ] } },
{ "type": "Feature", "properties": { "name": "(unnamed)", "kind": "Dam", "score": 11, "dedup_count": 1, "label_rank": 11, "tags": { "waterway": "dam" } }, "geometry": { "type": "Point", "coordinates": [ 64.057080661580386, 25.518331141618567 ] } },
{ "type": "Feature", "properties": { "name": "(unnamed)", "kind": "Dam", "score": 11, "dedup_count": 1, "label_rank": 11, "tags": { "waterway": "dam" } }, "geometry": { "type": "Point", "coordinates": [ 64.357111637542772, 25.585116511839356 ] } },
{ "type": "Feature", "properties": { "name": "(unnamed)", "kind": "Dam", "score": 11, "dedup_count": 1, "label_rank": 11, "tags": { "waterway": "dam" } }, "geometry": { "type": "Point", "coordinates": [ 63.828155082448866, 25.899443844798427 ] } },
{ "type": "Feature", "properties": { "name": "(unnamed)", "kind": "Dam", "score": 11, "dedup_count": 1, "label_rank": 11, "tags": { "waterway": "dam" } }, "geometry": { "type": "Point", "coordinates": [ 63.939888298311686, 25.947415345140513 ] } },
{ "type": "Feature", "properties": { "name": "(unnamed)", "kind": "Dam", "score": 11, "dedup_count": 1, "label_rank": 11, "tags": { "waterway": "dam" } }, "geometry": { "type": "Point", "coordinates": [ 63.902381749999989, 25.98724705 ] } },
{ "type": "Feature", "properties": { "name": "(unnamed)", "kind": "Dam", "score": 11, "dedup_count": 1, "label_rank": 11, "tags": { "waterway": "dam" } }, "geometry": { "type": "Point", "coordinates": [ 63.862118326462905, 26.012050294737975 ] } },
{ "type": "Feature", "properties": { "name": "(unnamed)", "kind": "Dam", "score": 11, "dedup_count": 1, "label_rank": 11, "tags": { "waterway": "dam" } }, "geometry": { "type": "Point", "coordinates": [ 65.217346399999983, 26.4102285 ] } },
{ "type": "Feature", "properties": { "name": "(unnamed)", "kind": "Dam", "score": 11, "dedup_count": 1, "label_rank": 11, "tags": { "waterway": "dam" } }, "geometry": { "type": "Point", "coordinates": [ 64.1765681, 26.9591684 ] } },
{ "type": "Feature", "properties": { "name": "(unnamed)", "kind": "Dam", "score": 11, "dedup_count": 1, "label_rank": 11, "tags": { "waterway": "dam" } }, "geometry": { "type": "Point", "coordinates": [ 64.167465068047889, 27.022270564834823 ] } },
{ "type": "Feature", "properties": { "name": "(unnamed)", "kind": "Dam", "score": 11, "dedup_count": 1, "label_rank": 11, "tags": { "waterway": "dam" } }, "geometry": { "type": "Point", "coordinates": [ 64.26052875, 27.040253 ] } },
{ "type": "Feature", "properties": { "name": "(unnamed)", "kind": "Dam", "score": 11, "dedup_count": 1, "label_rank": 11, "tags": { "waterway": "dam" } }, "geometry": { "type": "Point", "coordinates": [ 64.2593027, 27.0613051 ] } },
{ "type": "Feature", "properties": { "name": "(unnamed)", "kind": "Dam", "score": 11, "dedup_count": 1, "label_rank": 11, "tags": { "waterway": "dam" } }, "geometry": { "type": "Point", "coordinates": [ 64.346979610314762, 27.09615740679989 ] } },
{ "type": "Feature", "properties": { "name": "(unnamed)", "kind": "Dam", "score": 11, "dedup_count": 1, "label_rank": 11, "tags": { "waterway": "dam" } }, "geometry": { "type": "Point", "coordinates": [ 65.484393163569905, 27.635693875889629 ] } },
{ "type": "Feature", "properties": { "name": "(unnamed)", "kind": "Dam", "score": 11, "dedup_count": 1, "label_rank": 11, "tags": { "waterway": "dam" } }, "geometry": { "type": "Point", "coordinates": [ 64.805567450000012, 27.68593795 ] } },
{ "type": "Feature", "properties": { "name": "(unnamed)", "kind": "Dam", "score": 11, "dedup_count": 1, "label_rank": 11, "tags": { "waterway": "dam" } }, "geometry": { "type": "Point", "coordinates": [ 65.386190566863945, 28.644003812288158 ] } },
{ "type": "Feature", "properties": { "name": "(unnamed)", "kind": "Dam", "score": 11, "dedup_count": 1, "label_rank": 11, "tags": { "waterway": "dam" } }, "geometry": { "type": "Point", "coordinates": [ 65.380204576885347, 28.673735463794873 ] } },
{ "type": "Feature", "properties": { "name": "(unnamed)", "kind": "Dam", "score": 11, "dedup_count": 1, "label_rank": 11, "tags": { "waterway": "dam" } }, "geometry": { "type": "Point", "coordinates": [ 65.485927451874204, 28.714227741369452 ] } },
{ "type": "Feature", "properties": { "name": "(unnamed)", "kind": "Dam", "score": 11, "dedup_count": 1, "label_rank": 11, "tags": { "area": "yes", "waterway": "dam" } }, "geometry": { "type": "Point", "coordinates": [ 65.434566206093777, 28.724912273064561 ] } },
{ "type": "Feature", "properties": { "name": "(unnamed)", "kind": "Dam", "score": 11, "dedup_count": 1, "label_rank": 11, "tags": { "waterway": "dam" } }, "geometry": { "type": "Point", "coordinates": [ 65.404594981496501, 28.729497760150064 ] } },
{ "type": "Feature", "properties": { "name": "(unnamed)", "kind": "Dam", "score": 11, "dedup_count": 1, "label_rank": 11, "tags": { "waterway": "dam" } }, "geometry": { "type": "Point", "coordinates": [ 65.332380953810784, 28.736786705000497 ] } },
{ "type": "Feature", "properties": { "name": "(unnamed)", "kind": "Dam", "score": 11, "dedup_count": 1, "label_rank": 11, "tags": { "waterway": "dam" } }, "geometry": { "type": "Point", "coordinates": [ 64.577323451610553, 28.986605856931735 ] } },
{ "type": "Feature", "properties": { "name": "(unnamed)", "kind": "Dam", "score": 11, "dedup_count": 1, "label_rank": 11, "tags": { "waterway": "dam" } }, "geometry": { "type": "Point", "coordinates": [ 64.018049311299535, 29.032035936291528 ] } },
{ "type": "Feature", "properties": { "name": "(unnamed)", "kind": "Dam", "score": 11, "dedup_count": 1, "label_rank": 11, "tags": { "waterway": "dam" } }, "geometry": { "type": "Point", "coordinates": [ 64.082921954201424, 29.42637013504817 ] } },
{ "type": "Feature", "properties": { "name": "(unnamed)", "kind": "Dam", "score": 11, "dedup_count": 1, "label_rank": 11, "tags": { "waterway": "dam" } }, "geometry": { "type": "Point", "coordinates": [ 65.126981955008034, 32.322855115792279 ] } },
{ "type": "Feature", "properties": { "name": "(unnamed)", "kind": "Dam", "score": 11, "dedup_count": 1, "label_rank": 11, "tags": { "waterway": "dam" } }, "geometry": { "type": "Point", "coordinates": [ 64.244166799463144, 34.054464150522378 ] } },
{ "type": "Feature", "properties": { "name": "(unnamed)", "kind": "Dam", "score": 11, "dedup_count": 1, "label_rank": 11, "tags": { "waterway": "dam" } }, "geometry": { "type": "Point", "coordinates": [ 65.165598796925067, 34.399914677487473 ] } },
{ "type": "Feature", "properties": { "name": "(unnamed)", "kind": "Dam", "score": 11, "dedup_count": 1, "label_rank": 11, "tags": { "waterway": "dam" } }, "geometry": { "type": "Point", "coordinates": [ 65.0527249, 34.4703274 ] } },
{ "type": "Feature", "properties": { "name": "(unnamed)", "kind": "Dam", "score": 11, "dedup_count": 1, "label_rank": 11, "tags": { "waterway": "dam" } }, "geometry": { "type": "Point", "coordinates": [ 65.293136711219645, 34.502302500722628 ] } },
{ "type": "Feature", "properties": { "name": "(unnamed)", "kind": "Dam", "score": 11, "dedup_count": 1, "label_rank": 11, "tags": { "waterway": "dam" } }, "geometry": { "type": "Point", "coordinates": [ 65.338997228807131, 34.652978168058411 ] } },
{ "type": "Feature", "properties": { "name": "(unnamed)", "kind": "Dam", "score": 11, "dedup_count": 1, "label_rank": 11, "tags": { "waterway": "dam" } }, "geometry": { "type": "Point", "coordinates": [ 64.70535185, 34.7357772 ] } },
{ "type": "Feature", "properties": { "name": "(unnamed)", "kind": "Dam", "score": 11, "dedup_count": 1, "label_rank": 11, "tags": { "waterway": "dam" } }, "geometry": { "type": "Point", "coordinates": [ 64.806475370289803, 35.605928769372376 ] } },
{ "type": "Feature", "properties": { "name": "(unnamed)", "kind": "Dam", "score": 11, "dedup_count": 1, "label_rank": 11, "tags": { "waterway": "dam" } }, "geometry": { "type": "Point", "coordinates": [ 65.108022119853885, 37.542772195782987 ] } },
{ "type": "Feature", "properties": { "name": "(unnamed)", "kind": "Dam", "score": 11, "dedup_count": 1, "label_rank": 11, "tags": { "waterway": "dam" } }, "geometry": { "type": "Point", "coordinates": [ 65.126244091183153, 37.567097734914064 ] } },
{ "type": "Feature", "properties": { "name": "(unnamed)", "kind": "Dam", "score": 11, "dedup_count": 1, "label_rank": 11, "tags": { "waterway": "dam" } }, "geometry": { "type": "Point", "coordinates": [ 65.570218649999987, 25.4590642 ] } },
{ "type": "Feature", "properties": { "name": "(unnamed)", "kind": "Dam", "score": 11, "dedup_count": 1, "label_rank": 11, "tags": { "waterway": "dam" } }, "geometry": { "type": "Point", "coordinates": [ 66.48332874047766, 26.184231517511691 ] } },
{ "type": "Feature", "properties": { "name": "(unnamed)", "kind": "Dam", "score": 11, "dedup_count": 1, "label_rank": 11, "tags": { "waterway": "dam" } }, "geometry": { "type": "Point", "coordinates": [ 65.67254505, 26.38325075 ] } },
{ "type": "Feature", "properties": { "name": "(unnamed)", "kind": "Dam", "score": 11, "dedup_count": 1, "label_rank": 11, "tags": { "waterway": "dam" } }, "geometry": { "type": "Point", "coordinates": [ 65.69647565, 26.39445905 ] } },
{ "type": "Feature", "properties": { "name": "(unnamed)", "kind": "Dam", "score": 11, "dedup_count": 1, "label_rank": 11, "tags": { "waterway": "dam" } }, "geometry": { "type": "Point", "coordinates": [ 66.146800946940715, 26.958956570174315 ] } },
{ "type": "Feature", "properties": { "name": "(unnamed)", "kind": "Dam", "score": 11, "dedup_count": 1, "label_rank": 11, "tags": { "waterway": "dam" } }, "geometry": { "type": "Point", "coordinates": [ 66.092438400116407, 26.99231086746612 ] } },
{ "type": "Feature", "properties": { "name": "(unnamed)", "kind": "Dam", "score": 11, "dedup_count": 1, "label_rank": 11, "tags": { "waterway": "dam" } }, "geometry": { "type": "Point", "coordinates": [ 66.421973876867497, 27.261772395116992 ] } },
{ "type": "Feature", "properties": { "name": "(unnamed)", "kind": "Dam", "score": 11, "dedup_count": 1, "label_rank": 11, "tags": { "waterway": "dam" } }, "geometry": { "type": "Point", "coordinates": [ 66.418812186922281, 27.292103532886642 ] } },
{ "type": "Feature", "properties": { "name": "(unnamed)", "kind": "Dam", "score": 11, "dedup_count": 1, "label_rank": 11, "tags": { "waterway": "dam" } }, "geometry": { "type": "Point", "coordinates": [ 66.127839516790715, 27.406841770317513 ] } },
{ "type": "Feature", "properties": { "name": "(unnamed)", "kind": "Dam", "score": 11, "dedup_count": 1, "label_rank": 11, "tags": { "waterway": "dam" } }, "geometry": { "type": "Point", "coordinates": [ 66.360340624111871, 27.45875434271262 ] } },
{ "type": "Feature", "properties": { "name": "(unnamed)", "kind": "Dam", "score": 11, "dedup_count": 1, "label_rank": 11, "tags": { "waterway": "dam" } }, "geometry": { "type": "Point", "coordinates": [ 66.185271233090631, 27.690523161920176 ] } },
{ "type": "Feature", "properties": { "name": "(unnamed)", "kind": "Dam", "score": 11, "dedup_count": 1, "label_rank": 11, "tags": { "waterway": "dam" } }, "geometry": { "type": "Point", "coordinates": [ 66.319759704687627, 27.692271125328482 ] } },
{ "type": "Feature", "properties": { "name": "(unnamed)", "kind": "Dam", "score": 11, "dedup_count": 1, "label_rank": 11, "tags": { "waterway": "dam" } }, "geometry": { "type": "Point", "coordinates": [ 66.224997965452985, 27.70045643348573 ] } },
{ "type": "Feature", "properties": { "name": "(unnamed)", "kind": "Dam", "score": 11, "dedup_count": 1, "label_rank": 11, "tags": { "waterway": "dam" } }, "geometry": { "type": "Point", "coordinates": [ 66.195204179748742, 27.706946997721044 ] } },
{ "type": "Feature", "properties": { "name": "(unnamed)", "kind": "Dam", "score": 11, "dedup_count": 1, "label_rank": 11, "tags": { "waterway": "dam" } }, "geometry": { "type": "Point", "coordinates": [ 66.214200129503467, 27.732647713199608 ] } },
{ "type": "Feature", "properties": { "name": "(unnamed)", "kind": "Dam", "score": 11, "dedup_count": 1, "label_rank": 11, "tags": { "waterway": "dam" } }, "geometry": { "type": "Point", "coordinates": [ 66.362618236597456, 28.102744432592409 ] } },
{ "type": "Feature", "properties": { "name": "(unnamed)", "kind": "Dam", "score": 11, "dedup_count": 1, "label_rank": 11, "tags": { "waterway": "dam" } }, "geometry": { "type": "Point", "coordinates": [ 66.31245434501183, 28.304822744147025 ] } },
{ "type": "Feature", "properties": { "name": "(unnamed)", "kind": "Dam", "score": 11, "dedup_count": 1, "label_rank": 11, "tags": { "waterway": "dam" } }, "geometry": { "type": "Point", "coordinates": [ 66.28222065, 28.4277431 ] } },
{ "type": "Feature", "properties": { "name": "(unnamed)", "kind": "Dam", "score": 11, "dedup_count": 1, "label_rank": 11, "tags": { "waterway": "dam" } }, "geometry": { "type": "Point", "coordinates": [ 66.287078894976858, 28.963441631643292 ] } },
{ "type": "Feature", "properties": { "name": "(unnamed)", "kind": "Dam", "score": 11, "dedup_count": 1, "label_rank": 11, "tags": { "waterway": "dam" } }, "geometry": { "type": "Point", "coordinates": [ 65.763565090161222, 29.056480980311569 ] } },
{ "type": "Feature", "properties": { "name": "(unnamed)", "kind": "Dam", "score": 11, "dedup_count": 1, "label_rank": 11, "tags": { "waterway": "dam" } }, "geometry": { "type": "Point", "coordinates": [ 66.385315201755944, 29.066996960389378 ] } },
{ "type": "Feature", "properties": { "name": "(unnamed)", "kind": "Dam", "score": 11, "dedup_count": 1, "label_rank": 11, "tags": { "area": "yes", "waterway": "dam" } }, "geometry": { "type": "Point", "coordinates": [ 65.953469567509885, 29.30072576000833 ] } },
{ "type": "Feature", "properties": { "name": "(unnamed)", "kind": "Dam", "score": 11, "dedup_count": 1, "label_rank": 11, "tags": { "area": "yes", "waterway": "dam" } }, "geometry": { "type": "Point", "coordinates": [ 65.982869246456346, 29.401929993121467 ] } },
{ "type": "Feature", "properties": { "name": "(unnamed)", "kind": "Dam", "score": 11, "dedup_count": 1, "label_rank": 11, "tags": { "area": "yes", "waterway": "dam" } }, "geometry": { "type": "Point", "coordinates": [ 65.828771204801683, 29.687478760894745 ] } },
{ "type": "Feature", "properties": { "name": "(unnamed)", "kind": "Dam", "score": 11, "dedup_count": 1, "label_rank": 11, "tags": { "waterway": "dam" } }, "geometry": { "type": "Point", "coordinates": [ 66.495934392269788, 30.747656250347763 ] } },
{ "type": "Feature", "properties": { "name": "(unnamed)", "kind": "Dam", "score": 11, "dedup_count": 1, "label_rank": 11, "tags": { "waterway": "dam" } }, "geometry": { "type": "Point", "coordinates": [ 66.4991312, 30.7682927 ] } },
{ "type": "Feature", "properties": { "name": "(unnamed)", "kind": "Dam", "score": 11, "dedup_count": 1, "label_rank": 11, "tags": { "waterway": "dam" } }, "geometry": { "type": "Point", "coordinates": [ 66.51171755, 30.8055803 ] } },
{ "type": "Feature", "properties": { "name": "(unnamed)", "kind": "Dam", "score": 11, "dedup_count": 1, "label_rank": 11, "tags": { "waterway": "dam" } }, "geometry": { "type": "Point", "coordinates": [ 65.79983559999998, 31.74048735 ] } },
{ "type": "Feature", "properties": { "name": "(unnamed)", "kind": "Dam", "score": 11, "dedup_count": 1, "label_rank": 11, "tags": { "material": "concrete", "waterway": "dam" } }, "geometry": { "type": "Point", "coordinates": [ 65.547186377267494, 31.753629751500526 ] } },
{ "type": "Feature", "properties": { "name": "(unnamed)", "kind": "Dam", "score": 11, "dedup_count": 1, "label_rank": 11, "tags": { "waterway": "dam" } }, "geometry": { "type": "Point", "coordinates": [ 65.783031736737243, 31.821937374715979 ] } },
{ "type": "Feature", "properties": { "name": "(unnamed)", "kind": "Dam", "score": 11, "dedup_count": 1, "label_rank": 11, "tags": { "waterway": "dam" } }, "geometry": { "type": "Point", "coordinates": [ 65.62381565, 31.97465265 ] } },
{ "type": "Feature", "properties": { "name": "(unnamed)", "kind": "Dam", "score": 11, "dedup_count": 1, "label_rank": 11, "tags": { "waterway": "dam" } }, "geometry": { "type": "Point", "coordinates": [ 65.62372235, 32.44538295 ] } },
{ "type": "Feature", "properties": { "name": "(unnamed)", "kind": "Dam", "score": 11, "dedup_count": 1, "label_rank": 11, "tags": { "waterway": "dam" } }, "geometry": { "type": "Point", "coordinates": [ 65.819405299999985, 32.69403025 ] } },
{ "type": "Feature", "properties": { "name": "(unnamed)", "kind": "Dam", "score": 11, "dedup_count": 1, "label_rank": 11, "tags": { "waterway": "dam" } }, "geometry": { "type": "Point", "coordinates": [ 65.82687745, 32.714077 ] } },
{ "type": "Feature", "properties": { "name": "(unnamed)", "kind": "Dam", "score": 11, "dedup_count": 1, "label_rank": 11, "tags": { "waterway": "dam" } }, "geometry": { "type": "Point", "coordinates": [ 66.331213158812673, 34.539646020506801 ] } },
{ "type": "Feature", "properties": { "name": "(unnamed)", "kind": "Dam", "score": 11, "dedup_count": 1, "label_rank": 11, "tags": { "source": "bing", "waterway": "dam" } }, "geometry": { "type": "Point", "coordinates": [ 66.2913484, 36.0391227 ] } },
{ "type": "Feature", "properties": { "name": "(unnamed)", "kind": "Dam", "score": 11, "dedup_count": 1, "label_rank": 11, "tags": { "source": "bing", "waterway": "dam" } }, "geometry": { "type": "Point", "coordinates": [ 66.30351349999998, 36.0582641 ] } },
{ "type": "Feature", "properties": { "name": "(unnamed)", "kind": "Dam", "score": 11, "dedup_count": 1, "label_rank": 11, "tags": { "waterway": "dam" } }, "geometry": { "type": "Point", "coordinates": [ 65.680973360100069, 37.557644760361562 ] } },
{ "type": "Feature", "properties": { "name": "(unnamed)", "kind": "Dam", "score": 11, "dedup_count": 1, "label_rank": 11, "tags": { "waterway": "dam" } }, "geometry": { "type": "Point", "coordinates": [ 66.694264038481094, 24.846322277006369 ] } },
{ "type": "Feature", "properties": { "name": "(unnamed)", "kind": "Dam", "score": 11, "dedup_count": 1, "label_rank": 11, "tags": { "waterway": "dam" } }, "geometry": { "type": "Point", "coordinates": [ 66.6675983, 24.84681895 ] } },
{ "type": "Feature", "properties": { "name": "(unnamed)", "kind": "Dam", "score": 11, "dedup_count": 1, "label_rank": 11, "tags": { "material": "earth", "waterway": "dam" } }, "geometry": { "type": "Point", "coordinates": [ 66.788589004674549, 24.869326320822054 ] } },
{ "type": "Feature", "properties": { "name": "(unnamed)", "kind": "Dam", "score": 11, "dedup_count": 1, "label_rank": 11, "tags": { "waterway": "dam" } }, "geometry": { "type": "Point", "coordinates": [ 66.763009287216804, 24.902799241037346 ] } },
{ "type": "Feature", "properties": { "name": "(unnamed)", "kind": "Dam", "score": 11, "dedup_count": 1, "label_rank": 11, "tags": { "waterway": "dam" } }, "geometry": { "type": "Point", "coordinates": [ 67.002352356998742, 25.092849449907799 ] } },
{ "type": "Feature", "properties": { "name": "(unnamed)", "kind": "Dam", "score": 11, "dedup_count": 1, "label_rank": 11, "tags": { "waterway": "dam" } }, "geometry": { "type": "Point", "coordinates": [ 67.080724879009026, 25.093516672207073 ] } },
{ "type": "Feature", "properties": { "name": "(unnamed)", "kind": "Dam", "score": 11, "dedup_count": 1, "label_rank": 11, "tags": { "waterway": "dam" } }, "geometry": { "type": "Point", "coordinates": [ 66.963955665561002, 25.635433819529215 ] } },
{ "type": "Feature", "properties": { "name": "(unnamed)", "kind": "Dam", "score": 11, "dedup_count": 1, "label_rank": 11, "tags": { "waterway": "dam" } }, "geometry": { "type": "Point", "coordinates": [ 67.008681168957509, 25.832549641238774 ] } },
{ "type": "Feature", "properties": { "name": "(unnamed)", "kind": "Dam", "score": 11, "dedup_count": 1, "label_rank": 11, "tags": { "waterway": "dam" } }, "geometry": { "type": "Point", "coordinates": [ 67.0665316, 25.8554738 ] } },
{ "type": "Feature", "properties": { "name": "(unnamed)", "kind": "Dam", "score": 11, "dedup_count": 1, "label_rank": 11, "tags": { "waterway": "dam" } }, "geometry": { "type": "Point", "coordinates": [ 67.079655939937126, 25.862132508415037 ] } },
{ "type": "Feature", "properties": { "name": "(unnamed)", "kind": "Dam", "score": 11, "dedup_count": 1, "label_rank": 11, "tags": { "waterway": "dam" } }, "geometry": { "type": "Point", "coordinates": [ 67.066950682477511, 25.896134633489375 ] } },
{ "type": "Feature", "properties": { "name": "(unnamed)", "kind": "Dam", "score": 11, "dedup_count": 1, "label_rank": 11, "tags": { "waterway": "dam" } }, "geometry": { "type": "Point", "coordinates": [ 66.716242550000018, 27.7839294 ] } },
{ "type": "Feature", "properties": { "name": "(unnamed)", "kind": "Dam", "score": 11, "dedup_count": 1, "label_rank": 11, "tags": { "waterway": "dam" } }, "geometry": { "type": "Point", "coordinates": [ 67.01447365, 27.8119509 ] } },
{ "type": "Feature", "properties": { "name": "(unnamed)", "kind": "Dam", "score": 11, "dedup_count": 1, "label_rank": 11, "tags": { "waterway": "dam" } }, "geometry": { "type": "Point", "coordinates": [ 66.579436269060892, 27.874636198308856 ] } },
{ "type": "Feature", "properties": { "name": "(unnamed)", "kind": "Dam", "score": 11, "dedup_count": 1, "label_rank": 11, "tags": { "waterway": "dam" } }, "geometry": { "type": "Point", "coordinates": [ 66.772870384043728, 27.924359663215029 ] } },
{ "type": "Feature", "properties": { "name": "(unnamed)", "kind": "Dam", "score": 11, "dedup_count": 1, "label_rank": 11, "tags": { "waterway": "dam" } }, "geometry": { "type": "Point", "coordinates": [ 66.7113702, 28.4191302 ] } },
{ "type": "Feature", "properties": { "name": "(unnamed)", "kind": "Dam", "score": 11, "dedup_count": 1, "label_rank": 11, "tags": { "waterway": "dam" } }, "geometry": { "type": "Point", "coordinates": [ 66.72279105, 28.4308557 ] } },
{ "type": "Feature", "properties": { "name": "(unnamed)", "kind": "Dam", "score": 11, "dedup_count": 1, "label_rank": 11, "tags": { "waterway": "dam" } }, "geometry": { "type": "Point", "coordinates": [ 66.537464083922188, 28.950827410455894 ] } },
{ "type": "Feature", "properties": { "name": "(unnamed)", "kind": "Dam", "score": 11, "dedup_count": 1, "label_rank": 11, "tags": { "waterway": "dam" } }, "geometry": { "type": "Point", "coordinates": [ 66.942217353227917, 29.363228834454915 ] } },
{ "type": "Feature", "properties": { "name": "(unnamed)", "kind": "Dam", "score": 11, "dedup_count": 1, "label_rank": 11, "tags": { "waterway": "dam" } }, "geometry": { "type": "Point", "coordinates": [ 66.792909908514773, 29.945086611062159 ] } },
{ "type": "Feature", "properties": { "name": "(unnamed)", "kind": "Dam", "score": 11, "dedup_count": 1, "label_rank": 11, "tags": { "waterway": "dam" } }, "geometry": { "type": "Point", "coordinates": [ 66.86612385, 29.96325935 ] } },
{ "type": "Feature", "properties": { "name": "(unnamed)", "kind": "Dam", "score": 11, "dedup_count": 1, "label_rank": 11, "tags": { "waterway": "dam" } }, "geometry": { "type": "Point", "coordinates": [ 66.920511789925797, 30.072946459234625 ] } },
{ "type": "Feature", "properties": { "name": "(unnamed)", "kind": "Dam", "score": 11, "dedup_count": 1, "label_rank": 11, "tags": { "waterway": "dam" } }, "geometry": { "type": "Point", "coordinates": [ 66.934539335282437, 30.177018236677366 ] } },
{ "type": "Feature", "properties": { "name": "(unnamed)", "kind": "Dam", "score": 11, "dedup_count": 1, "label_rank": 11, "tags": { "waterway": "dam" } }, "geometry": { "type": "Point", "coordinates": [ 66.94442285, 30.1910135 ] } },
{ "type": "Feature", "properties": { "name": "(unnamed)", "kind": "Dam", "score": 11, "dedup_count": 1, "label_rank": 11, "tags": { "waterway": "dam" } }, "geometry": { "type": "Point", "coordinates": [ 66.77623903218624, 30.194297505322258 ] } },
{ "type": "Feature", "properties": { "name": "(unnamed)", "kind": "Dam", "score": 11, "dedup_count": 1, "label_rank": 11, "tags": { "waterway": "dam" } }, "geometry": { "type": "Point", "coordinates": [ 66.813606042579508, 30.275797464175717 ] } },
{ "type": "Feature", "properties": { "name": "(unnamed)", "kind": "Dam", "score": 11, "dedup_count": 1, "label_rank": 11, "tags": { "material": "earth", "waterway": "dam" } }, "geometry": { "type": "Point", "coordinates": [ 67.05821843310413, 30.289465703230082 ] } },
{ "type": "Feature", "properties": { "name": "(unnamed)", "kind": "Dam", "score": 11, "dedup_count": 1, "label_rank": 11, "tags": { "waterway": "dam" } }, "geometry": { "type": "Point", "coordinates": [ 66.840195452520661, 30.30076270141992 ] } },
{ "type": "Feature", "properties": { "name": "(unnamed)", "kind": "Dam", "score": 11, "dedup_count": 1, "label_rank": 11, "tags": { "waterway": "dam" } }, "geometry": { "type": "Point", "coordinates": [ 66.944051642633241, 30.317792569549994 ] } },
{ "type": "Feature", "properties": { "name": "(unnamed)", "kind": "Dam", "score": 11, "dedup_count": 1, "label_rank": 11, "tags": { "waterway": "dam" } }, "geometry": { "type": "Point", "coordinates": [ 66.883943647783269, 30.364214071134406 ] } },
{ "type": "Feature", "properties": { "name": "(unnamed)", "kind": "Dam", "score": 11, "dedup_count": 1, "label_rank": 11, "tags": { "waterway": "dam" } }, "geometry": { "type": "Point", "coordinates": [ 67.046714470374653, 30.391090819402496 ] } },
{ "type": "Feature", "properties": { "name": "(unnamed)", "kind": "Dam", "score": 11, "dedup_count": 1, "label_rank": 11, "tags": { "waterway": "dam" } }, "geometry": { "type": "Point", "coordinates": [ 67.033634272555346, 30.396295787964636 ] } },
{ "type": "Feature", "properties": { "name": "(unnamed)", "kind": "Dam", "score": 11, "dedup_count": 1, "label_rank": 11, "tags": { "waterway": "dam" } }, "geometry": { "type": "Point", "coordinates": [ 66.6528779, 30.404684 ] } },
{ "type": "Feature", "properties": { "name": "(unnamed)", "kind": "Dam", "score": 11, "dedup_count": 1, "label_rank": 11, "tags": { "waterway": "dam" } }, "geometry": { "type": "Point", "coordinates": [ 66.630423286500289, 30.414287452164391 ] } },
{ "type": "Feature", "properties": { "name": "(unnamed)", "kind": "Dam", "score": 11, "dedup_count": 1, "label_rank": 11, "tags": { "waterway": "dam" } }, "geometry": { "type": "Point", "coordinates": [ 66.664092014063769, 30.414322526760746 ] } },
{ "type": "Feature", "properties": { "name": "(unnamed)", "kind": "Dam", "score": 11, "dedup_count": 1, "label_rank": 11, "tags": { "waterway": "dam" } }, "geometry": { "type": "Point", "coordinates": [ 66.898689838045712, 30.418345581895867 ] } },
{ "type": "Feature", "properties": { "name": "(unnamed)", "kind": "Dam", "score": 11, "dedup_count": 1, "label_rank": 11, "tags": { "waterway": "dam" } }, "geometry": { "type": "Point", "coordinates": [ 67.080288700000011, 30.42367425 ] } },
{ "type": "Feature", "properties": { "name": "(unnamed)", "kind": "Dam", "score": 11, "dedup_count": 1, "label_rank": 11, "tags": { "waterway": "dam" } }, "geometry": { "type": "Point", "coordinates": [ 66.92645055, 30.42436595 ] } },
{ "type": "Feature", "properties": { "name": "(unnamed)", "kind": "Dam", "score": 11, "dedup_count": 1, "label_rank": 11, "tags": { "waterway": "dam" } }, "geometry": { "type": "Point", "coordinates": [ 66.675683966603614, 30.434164928221275 ] } },
{ "type": "Feature", "properties": { "name": "(unnamed)", "kind": "Dam", "score": 11, "dedup_count": 1, "label_rank": 11, "tags": { "waterway": "dam" } }, "geometry": { "type": "Point", "coordinates": [ 67.0588707, 30.48591675 ] } },
{ "type": "Feature", "properties": { "name": "(unnamed)", "kind": "Dam", "score": 11, "dedup_count": 1, "label_rank": 11, "tags": { "waterway": "dam" } }, "geometry": { "type": "Point", "coordinates": [ 66.977119127914847, 30.498662757113816 ] } },
{ "type": "Feature", "properties": { "name": "(unnamed)", "kind": "Dam", "score": 11, "dedup_count": 1, "label_rank": 11, "tags": { "waterway": "dam" } }, "geometry": { "type": "Point", "coordinates": [ 66.981152647617819, 30.520267908772112 ] } },
{ "type": "Feature", "properties": { "name": "(unnamed)", "kind": "Dam", "score": 11, "dedup_count": 1, "label_rank": 11, "tags": { "waterway": "dam" } }, "geometry": { "type": "Point", "coordinates": [ 67.025977222647896, 30.55665639493991 ] } },
{ "type": "Feature", "properties": { "name": "(unnamed)", "kind": "Dam", "score": 11, "dedup_count": 1, "label_rank": 11, "tags": { "waterway": "dam" } }, "geometry": { "type": "Point", "coordinates": [ 67.049035613119827, 30.561041875274402 ] } },
{ "type": "Feature", "properties": { "name": "(unnamed)", "kind": "Dam", "score": 11, "dedup_count": 1, "label_rank": 11, "tags": { "waterway": "dam" } }, "geometry": { "type": "Point", "coordinates": [ 66.986095831254175, 30.691069205270814 ] } },
{ "type": "Feature", "properties": { "name": "(unnamed)", "kind": "Dam", "score": 11, "dedup_count": 1, "label_rank": 11, "tags": { "waterway": "dam" } }, "geometry": { "type": "Point", "coordinates": [ 66.744989663526312, 30.739562673833952 ] } },
{ "type": "Feature", "properties": { "name": "(unnamed)", "kind": "Dam", "score": 11, "dedup_count": 1, "label_rank": 11, "tags": { "waterway": "dam" } }, "geometry": { "type": "Point", "coordinates": [ 67.04485927843858, 30.763007393408078 ] } },
{ "type": "Feature", "properties": { "name": "(unnamed)", "kind": "Dam", "score": 11, "dedup_count": 1, "label_rank": 11, "tags": { "waterway": "dam" } }, "geometry": { "type": "Point", "coordinates": [ 66.879180200784006, 30.766422732668492 ] } },
{ "type": "Feature", "properties": { "name": "(unnamed)", "kind": "Dam", "score": 11, "dedup_count": 1, "label_rank": 11, "tags": { "waterway": "dam" } }, "geometry": { "type": "Point", "coordinates": [ 66.852197503277566, 30.768248519260641 ] } },
{ "type": "Feature", "properties": { "name": "(unnamed)", "kind": "Dam", "score": 11, "dedup_count": 1, "label_rank": 11, "tags": { "waterway": "dam" } }, "geometry": { "type": "Point", "coordinates": [ 66.8942996530307, 30.77095961527672 ] } },
{ "type": "Feature", "properties": { "name": "(unnamed)", "kind": "Dam", "score": 11, "dedup_count": 1, "label_rank": 11, "tags": { "waterway": "dam" } }, "geometry": { "type": "Point", "coordinates": [ 66.965755154922363, 30.77450471488255 ] } },
{ "type": "Feature", "properties": { "name": "(unnamed)", "kind": "Dam", "score": 11, "dedup_count": 1, "label_rank": 11, "tags": { "waterway": "dam" } }, "geometry": { "type": "Point", "coordinates": [ 66.741831339736422, 30.775571704748401 ] } },
{ "type": "Feature", "properties": { "name": "(unnamed)", "kind": "Dam", "score": 11, "dedup_count": 1, "label_rank": 11, "tags": { "waterway": "dam" } }, "geometry": { "type": "Point", "coordinates": [ 66.920774687907397, 30.786362345229648 ] } },
{ "type": "Feature", "properties": { "name": "(unnamed)", "kind": "Dam", "score": 11, "dedup_count": 1, "label_rank": 11, "tags": { "waterway": "dam" } }, "geometry": { "type": "Point", "coordinates": [ 66.935673020188744, 30.796546906462531 ] } },
{ "type": "Feature", "properties": { "name": "(unnamed)", "kind": "Dam", "score": 11, "dedup_count": 1, "label_rank": 11, "tags": { "waterway": "dam" } }, "geometry": { "type": "Point", "coordinates": [ 66.750831758245596, 30.800270438537186 ] } },
{ "type": "Feature", "properties": { "name": "(unnamed)", "kind": "Dam", "score": 11, "dedup_count": 1, "label_rank": 11, "tags": { "waterway": "dam" } }, "geometry": { "type": "Point", "coordinates": [ 66.663582, 30.80065035 ] } },
{ "type": "Feature", "properties": { "name": "(unnamed)", "kind": "Dam", "score": 11, "dedup_count": 1, "label_rank": 11, "tags": { "waterway": "dam" } }, "geometry": { "type": "Point", "coordinates": [ 67.04839675286199, 30.810125590334781 ] } },
{ "type": "Feature", "properties": { "name": "(unnamed)", "kind": "Dam", "score": 11, "dedup_count": 1, "label_rank": 11, "tags": { "waterway": "dam" } }, "geometry": { "type": "Point", "coordinates": [ 66.79022908949014, 30.810171628564309 ] } },
{ "type": "Feature", "properties": { "name": "(unnamed)", "kind": "Dam", "score": 11, "dedup_count": 1, "label_rank": 11, "tags": { "waterway": "dam" } }, "geometry": { "type": "Point", "coordinates": [ 66.805440032363904, 30.814837962655226 ] } },
{ "type": "Feature", "properties": { "name": "(unnamed)", "kind": "Dam", "score": 11, "dedup_count": 1, "label_rank": 11, "tags": { "waterway": "dam" } }, "geometry": { "type": "Point", "coordinates": [ 66.997818663223825, 30.81783731469438 ] } },
{ "type": "Feature", "properties": { "name": "(unnamed)", "kind": "Dam", "score": 11, "dedup_count": 1, "label_rank": 11, "tags": { "waterway": "dam" } }, "geometry": { "type": "Point", "coordinates": [ 67.023048870698474, 30.81857501949176 ] } },
{ "type": "Feature", "properties": { "name": "(unnamed)", "kind": "Dam", "score": 11, "dedup_count": 1, "label_rank": 11, "tags": { "waterway": "dam" } }, "geometry": { "type": "Point", "coordinates": [ 66.63723885, 30.81898535 ] } },
{ "type": "Feature", "properties": { "name": "(unnamed)", "kind": "Dam", "score": 11, "dedup_count": 1, "label_rank": 11, "tags": { "waterway": "dam" } }, "geometry": { "type": "Point", "coordinates": [ 66.849619818180301, 30.829505174137001 ] } },
{ "type": "Feature", "properties": { "name": "(unnamed)", "kind": "Dam", "score": 11, "dedup_count": 1, "label_rank": 11, "tags": { "waterway": "dam" } }, "geometry": { "type": "Point", "coordinates": [ 66.794605142182604, 30.836876702737346 ] } },
{ "type": "Feature", "properties": { "name": "(unnamed)", "kind": "Dam", "score": 11, "dedup_count": 1, "label_rank": 11, "tags": { "waterway": "dam" } }, "geometry": { "type": "Point", "coordinates": [ 66.645126014645925, 30.842020986920247 ] } },
{ "type": "Feature", "properties": { "name": "(unnamed)", "kind": "Dam", "score": 11, "dedup_count": 1, "label_rank": 11, "tags": { "waterway": "dam" } }, "geometry": { "type": "Point", "coordinates": [ 66.90213295, 30.84910045 ] } },
{ "type": "Feature", "properties": { "name": "(unnamed)", "kind": "Dam", "score": 11, "dedup_count": 1, "label_rank": 11, "tags": { "waterway": "dam" } }, "geometry": { "type": "Point", "coordinates": [ 66.923242729798034, 30.850106400022803 ] } },
{ "type": "Feature", "properties": { "name": "(unnamed)", "kind": "Dam", "score": 11, "dedup_count": 1, "label_rank": 11, "tags": { "waterway": "dam" } }, "geometry": { "type": "Point", "coordinates": [ 66.801730780916742, 30.866576064005532 ] } },
{ "type": "Feature", "properties": { "name": "(unnamed)", "kind": "Dam", "score": 11, "dedup_count": 1, "label_rank": 11, "tags": { "waterway": "dam" } }, "geometry": { "type": "Point", "coordinates": [ 66.836410628700065, 30.872417781192553 ] } },
{ "type": "Feature", "properties": { "name": "(unnamed)", "kind": "Dam", "score": 11, "dedup_count": 1, "label_rank": 11, "tags": { "waterway": "dam" } }, "geometry": { "type": "Point", "coordinates": [ 66.817260851948561, 30.873448558365624 ] } },
{ "type": "Feature", "properties": { "name": "(unnamed)", "kind": "Dam", "score": 11, "dedup_count": 1, "label_rank": 11, "tags": { "waterway": "dam" } }, "geometry": { "type": "Point", "coordinates": [ 66.830656523137364, 30.884282760218632 ] } },
{ "type": "Feature", "properties": { "name": "(unnamed)", "kind": "Dam", "score": 11, "dedup_count": 1, "label_rank": 11, "tags": { "waterway": "dam" } }, "geometry": { "type": "Point", "coordinates": [ 66.922411498886504, 30.913791563112355 ] } },
{ "type": "Feature", "properties": { "name": "(unnamed)", "kind": "Dam", "score": 11, "dedup_count": 1, "label_rank": 11, "tags": { "waterway": "dam" } }, "geometry": { "type": "Point", "coordinates": [ 66.908564500295057, 30.918922334943147 ] } },
{ "type": "Feature", "properties": { "name": "(unnamed)", "kind": "Dam", "score": 11, "dedup_count": 1, "label_rank": 11, "tags": { "waterway": "dam" } }, "geometry": { "type": "Point", "coordinates": [ 66.868196994287459, 30.933686258468214 ] } },
{ "type": "Feature", "properties": { "name": "(unnamed)", "kind": "Dam", "score": 11, "dedup_count": 1, "label_rank": 11, "tags": { "waterway": "dam" } }, "geometry": { "type": "Point", "coordinates": [ 66.787649400023, 30.975841804918215 ] } },
{ "type": "Feature", "properties": { "name": "(unnamed)", "kind": "Dam", "score": 11, "dedup_count": 1, "label_rank": 11, "tags": { "waterway": "dam" } }, "geometry": { "type": "Point", "coordinates": [ 66.918597362317982, 31.00833959853869 ] } },
{ "type": "Feature", "properties": { "name": "(unnamed)", "kind": "Dam", "score": 11, "dedup_count": 1, "label_rank": 11, "tags": { "waterway": "dam" } }, "geometry": { "type": "Point", "coordinates": [ 66.756409698303884, 31.149481896936315 ] } },
{ "type": "Feature", "properties": { "name": "(unnamed)", "kind": "Dam", "score": 11, "dedup_count": 1, "label_rank": 11, "tags": { "waterway": "dam" } }, "geometry": { "type": "Point", "coordinates": [ 67.06278305, 31.1776498 ] } },
{ "type": "Feature", "properties": { "name": "(unnamed)", "kind": "Dam", "score": 11, "dedup_count": 1, "label_rank": 11, "tags": { "waterway": "dam" } }, "geometry": { "type": "Point", "coordinates": [ 66.890336396084933, 31.275556086321899 ] } },
{ "type": "Feature", "properties": { "name": "(unnamed)", "kind": "Dam", "score": 11, "dedup_count": 1, "label_rank": 11, "tags": { "waterway": "dam" } }, "geometry": { "type": "Point", "coordinates": [ 66.8825685, 31.2916682 ] } },
{ "type": "Feature", "properties": { "name": "(unnamed)", "kind": "Dam", "score": 11, "dedup_count": 1, "label_rank": 11, "tags": { "waterway": "dam" } }, "geometry": { "type": "Point", "coordinates": [ 66.565191985066974, 34.527662283627841 ] } },
{ "type": "Feature", "properties": { "name": "(unnamed)", "kind": "Dam", "score": 11, "dedup_count": 1, "label_rank": 11, "tags": { "waterway": "dam" } }, "geometry": { "type": "Point", "coordinates": [ 66.630675079698293, 37.326901909304489 ] } },
{ "type": "Feature", "properties": { "name": "(unnamed)", "kind": "Dam", "score": 11, "dedup_count": 1, "label_rank": 11, "tags": { "waterway": "dam" } }, "geometry": { "type": "Point", "coordinates": [ 66.999529116267041, 37.718125042887806 ] } },
{ "type": "Feature", "properties": { "name": "(unnamed)", "kind": "Dam", "score": 11, "dedup_count": 1, "label_rank": 11, "tags": { "waterway": "dam" } }, "geometry": { "type": "Point", "coordinates": [ 67.265436825611147, 24.878055216521787 ] } },
{ "type": "Feature", "properties": { "name": "(unnamed)", "kind": "Dam", "score": 11, "dedup_count": 1, "label_rank": 11, "tags": { "area": "yes", "waterway": "dam" } }, "geometry": { "type": "Point", "coordinates": [ 67.484666692881405, 24.884485763093252 ] } },
{ "type": "Feature", "properties": { "name": "(unnamed)", "kind": "Dam", "score": 11, "dedup_count": 1, "label_rank": 11, "tags": { "waterway": "dam" } }, "geometry": { "type": "Point", "coordinates": [ 67.430915193308323, 24.954471604575083 ] } },
{ "type": "Feature", "properties": { "name": "(unnamed)", "kind": "Dam", "score": 11, "dedup_count": 1, "label_rank": 11, "tags": { "area": "yes", "waterway": "dam" } }, "geometry": { "type": "Point", "coordinates": [ 67.382225455669683, 25.036503376385525 ] } },
{ "type": "Feature", "properties": { "name": "(unnamed)", "kind": "Dam", "score": 11, "dedup_count": 1, "label_rank": 11, "tags": { "waterway": "dam" } }, "geometry": { "type": "Point", "coordinates": [ 67.436180597198245, 25.036892056213439 ] } },
{ "type": "Feature", "properties": { "name": "(unnamed)", "kind": "Dam", "score": 11, "dedup_count": 1, "label_rank": 11, "tags": { "waterway": "dam" } }, "geometry": { "type": "Point", "coordinates": [ 67.266686108032019, 25.036928016604406 ] } },
{ "type": "Feature", "properties": { "name": "(unnamed)", "kind": "Dam", "score": 11, "dedup_count": 1, "label_rank": 11, "tags": { "area": "yes", "waterway": "dam" } }, "geometry": { "type": "Point", "coordinates": [ 67.257428182253477, 25.052573868287368 ] } },
{ "type": "Feature", "properties": { "name": "(unnamed)", "kind": "Dam", "score": 11, "dedup_count": 1, "label_rank": 11, "tags": { "waterway": "dam" } }, "geometry": { "type": "Point", "coordinates": [ 67.241371993599898, 25.102022937852226 ] } },
{ "type": "Feature", "properties": { "name": "(unnamed)", "kind": "Dam", "score": 11, "dedup_count": 1, "label_rank": 11, "tags": { "waterway": "dam" } }, "geometry": { "type": "Point", "coordinates": [ 67.100635603643653, 25.135056782042305 ] } },
{ "type": "Feature", "properties": { "name": "(unnamed)", "kind": "Dam", "score": 11, "dedup_count": 1, "label_rank": 11, "tags": { "waterway": "dam" } }, "geometry": { "type": "Point", "coordinates": [ 67.254507143283661, 25.164744296152158 ] } },
{ "type": "Feature", "properties": { "name": "(unnamed)", "kind": "Dam", "score": 11, "dedup_count": 1, "label_rank": 11, "tags": { "waterway": "dam" } }, "geometry": { "type": "Point", "coordinates": [ 67.234535350737147, 25.197568600861359 ] } },
{ "type": "Feature", "properties": { "name": "(unnamed)", "kind": "Dam", "score": 11, "dedup_count": 1, "label_rank": 11, "tags": { "waterway": "dam" } }, "geometry": { "type": "Point", "coordinates": [ 67.263392443991393, 25.257527748727448 ] } },
{ "type": "Feature", "properties": { "name": "(unnamed)", "kind": "Dam", "score": 11, "dedup_count": 1, "label_rank": 11, "tags": { "waterway": "dam" } }, "geometry": { "type": "Point", "coordinates": [ 67.10131855, 25.2695233 ] } },
{ "type": "Feature", "properties": { "name": "(unnamed)", "kind": "Dam", "score": 11, "dedup_count": 1, "label_rank": 11, "tags": { "waterway": "dam" } }, "geometry": { "type": "Point", "coordinates": [ 67.100211526342633, 25.290526035295127 ] } },
{ "type": "Feature", "properties": { "name": "(unnamed)", "kind": "Dam", "score": 11, "dedup_count": 1, "label_rank": 11, "tags": { "waterway": "dam" } }, "geometry": { "type": "Point", "coordinates": [ 67.45480345, 25.4577815 ] } },
{ "type": "Feature", "properties": { "name": "(unnamed)", "kind": "Dam", "score": 11, "dedup_count": 1, "label_rank": 11, "tags": { "waterway": "dam" } }, "geometry": { "type": "Point", "coordinates": [ 67.363558454112351, 25.515955834534505 ] } },
{ "type": "Feature", "properties": { "name": "(unnamed)", "kind": "Dam", "score": 11, "dedup_count": 1, "label_rank": 11, "tags": { "waterway": "dam" } }, "geometry": { "type": "Point", "coordinates": [ 67.223647801367193, 25.540393986400769 ] } },
{ "type": "Feature", "properties": { "name": "(unnamed)", "kind": "Dam", "score": 11, "dedup_count": 1, "label_rank": 11, "tags": { "waterway": "dam" } }, "geometry": { "type": "Point", "coordinates": [ 67.283218813709098, 25.54781229723417 ] } },
{ "type": "Feature", "properties": { "name": "(unnamed)", "kind": "Dam", "score": 11, "dedup_count": 1, "label_rank": 11, "tags": { "waterway": "dam" } }, "geometry": { "type": "Point", "coordinates": [ 67.293512657265353, 25.633319222879091 ] } },
{ "type": "Feature", "properties": { "name": "(unnamed)", "kind": "Dam", "score": 11, "dedup_count": 1, "label_rank": 11, "tags": { "waterway": "dam" } }, "geometry": { "type": "Point", "coordinates": [ 67.11568475, 25.64935135 ] } },
{ "type": "Feature", "properties": { "name": "(unnamed)", "kind": "Dam", "score": 11, "dedup_count": 1, "label_rank": 11, "tags": { "area": "yes", "waterway": "dam" } }, "geometry": { "type": "Point", "coordinates": [ 67.284308722414323, 25.843748067292886 ] } },
{ "type": "Feature", "properties": { "name": "(unnamed)", "kind": "Dam", "score": 11, "dedup_count": 1, "label_rank": 11, "tags": { "waterway": "dam" } }, "geometry": { "type": "Point", "coordinates": [ 67.121902231196273, 25.901059179611092 ] } },
{ "type": "Feature", "properties": { "name": "(unnamed)", "kind": "Dam", "score": 11, "dedup_count": 1, "label_rank": 11, "tags": { "waterway": "dam" } }, "geometry": { "type": "Point", "coordinates": [ 67.37172745, 26.06591755 ] } },
{ "type": "Feature", "properties": { "name": "(unnamed)", "kind": "Dam", "score": 11, "dedup_count": 1, "label_rank": 11, "tags": { "waterway": "dam" } }, "geometry": { "type": "Point", "coordinates": [ 67.362586850000014, 26.14141435 ] } },
{ "type": "Feature", "properties": { "name": "(unnamed)", "kind": "Dam", "score": 11, "dedup_count": 1, "label_rank": 11, "tags": { "material": "concrete", "waterway": "dam" } }, "geometry": { "type": "Point", "coordinates": [ 67.353538536173517, 26.598073416689925 ] } },
{ "type": "Feature", "properties": { "name": "(unnamed)", "kind": "Dam", "score": 11, "dedup_count": 1, "label_rank": 11, "tags": { "waterway": "dam" } }, "geometry": { "type": "Point", "coordinates": [ 67.328917390372993, 26.737027413168875 ] } },
{ "type": "Feature", "properties": { "name": "(unnamed)", "kind": "Dam", "score": 11, "dedup_count": 1, "label_rank": 11, "tags": { "waterway": "dam" } }, "geometry": { "type": "Point", "coordinates": [ 67.369276724306133, 26.766920297781358 ] } },
{ "type": "Feature", "properties": { "name": "(unnamed)", "kind": "Dam", "score": 11, "dedup_count": 1, "label_rank": 11, "tags": { "waterway": "dam" } }, "geometry": { "type": "Point", "coordinates": [ 67.3068536, 26.8630981 ] } },
{ "type": "Feature", "properties": { "name": "(unnamed)", "kind": "Dam", "score": 11, "dedup_count": 1, "label_rank": 11, "tags": { "waterway": "dam" } }, "geometry": { "type": "Point", "coordinates": [ 67.360604351945653, 27.040647254188819 ] } },
{ "type": "Feature", "properties": { "name": "(unnamed)", "kind": "Dam", "score": 11, "dedup_count": 1, "label_rank": 11, "tags": { "waterway": "dam" } }, "geometry": { "type": "Point", "coordinates": [ 67.373441278912978, 27.095910288587476 ] } },
{ "type": "Feature", "properties": { "name": "(unnamed)", "kind": "Dam", "score": 11, "dedup_count": 1, "label_rank": 11, "tags": { "waterway": "dam" } }, "geometry": { "type": "Point", "coordinates": [ 67.373963088400743, 27.150055439780584 ] } },
{ "type": "Feature", "properties": { "name": "(unnamed)", "kind": "Dam", "score": 11, "dedup_count": 1, "label_rank": 11, "tags": { "waterway": "dam" } }, "geometry": { "type": "Point", "coordinates": [ 67.439084973079503, 27.328988983732966 ] } },
{ "type": "Feature", "properties": { "name": "(unnamed)", "kind": "Dam", "score": 11, "dedup_count": 1, "label_rank": 11, "tags": { "waterway": "dam" } }, "geometry": { "type": "Point", "coordinates": [ 67.474995764139251, 27.340245997811046 ] } },
{ "type": "Feature", "properties": { "name": "(unnamed)", "kind": "Dam", "score": 11, "dedup_count": 1, "label_rank": 11, "tags": { "waterway": "dam" } }, "geometry": { "type": "Point", "coordinates": [ 67.116964938415052, 27.662748409847211 ] } },
{ "type": "Feature", "properties": { "name": "(unnamed)", "kind": "Dam", "score": 11, "dedup_count": 1, "label_rank": 11, "tags": { "waterway": "dam" } }, "geometry": { "type": "Point", "coordinates": [ 67.360782695576958, 28.318738141476302 ] } },
{ "type": "Feature", "properties": { "name": "(unnamed)", "kind": "Dam", "score": 11, "dedup_count": 1, "label_rank": 11, "tags": { "embankment": "yes", "waterway": "dam" } }, "geometry": { "type": "Point", "coordinates": [ 67.407270262805355, 29.805937313242087 ] } },
{ "type": "Feature", "properties": { "name": "(unnamed)", "kind": "Dam", "score": 11, "dedup_count": 1, "label_rank": 11, "tags": { "waterway": "dam" } }, "geometry": { "type": "Point", "coordinates": [ 67.139812667153095, 30.221351378089604 ] } },
{ "type": "Feature", "properties": { "name": "(unnamed)", "kind": "Dam", "score": 11, "dedup_count": 1, "label_rank": 11, "tags": { "waterway": "dam" } }, "geometry": { "type": "Point", "coordinates": [ 67.2433804, 30.26243845 ] } },
{ "type": "Feature", "properties": { "name": "(unnamed)", "kind": "Dam", "score": 11, "dedup_count": 1, "label_rank": 11, "tags": { "waterway": "dam" } }, "geometry": { "type": "Point", "coordinates": [ 67.145296990673998, 30.494434715678295 ] } },
{ "type": "Feature", "properties": { "name": "(unnamed)", "kind": "Dam", "score": 11, "dedup_count": 1, "label_rank": 11, "tags": { "waterway": "dam" } }, "geometry": { "type": "Point", "coordinates": [ 67.196271756501119, 30.686698773994284 ] } },
{ "type": "Feature", "properties": { "name": "(unnamed)", "kind": "Dam", "score": 11, "dedup_count": 1, "label_rank": 11, "tags": { "waterway": "dam" } }, "geometry": { "type": "Point", "coordinates": [ 67.169756020109745, 30.704066991320499 ] } },
{ "type": "Feature", "properties": { "name": "(unnamed)", "kind": "Dam", "score": 11, "dedup_count": 1, "label_rank": 11, "tags": { "waterway": "dam" } }, "geometry": { "type": "Point", "coordinates": [ 67.156465024821173, 30.774670938932729 ] } },
{ "type": "Feature", "properties": { "name": "(unnamed)", "kind": "Dam", "score": 11, "dedup_count": 1, "label_rank": 11, "tags": { "waterway": "dam" } }, "geometry": { "type": "Point", "coordinates": [ 67.337100339993356, 31.034173728522237 ] } },
{ "type": "Feature", "properties": { "name": "(unnamed)", "kind": "Dam", "score": 11, "dedup_count": 1, "label_rank": 11, "tags": { "waterway": "dam" } }, "geometry": { "type": "Point", "coordinates": [ 67.141410791091801, 31.093479247587059 ] } },
{ "type": "Feature", "properties": { "name": "(unnamed)", "kind": "Dam", "score": 11, "dedup_count": 1, "label_rank": 11, "tags": { "waterway": "dam" } }, "geometry": { "type": "Point", "coordinates": [ 67.459735479666548, 31.128820575806763 ] } },
{ "type": "Feature", "properties": { "name": "(unnamed)", "kind": "Dam", "score": 11, "dedup_count": 1, "label_rank": 11, "tags": { "waterway": "dam" } }, "geometry": { "type": "Point", "coordinates": [ 67.110258699999989, 31.161199599999989 ] } },
{ "type": "Feature", "properties": { "name": "(unnamed)", "kind": "Dam", "score": 11, "dedup_count": 1, "label_rank": 11, "tags": { "waterway": "dam" } }, "geometry": { "type": "Point", "coordinates": [ 67.436518934268094, 31.246137989229165 ] } },
{ "type": "Feature", "properties": { "name": "(unnamed)", "kind": "Dam", "score": 11, "dedup_count": 1, "label_rank": 11, "tags": { "waterway": "dam" } }, "geometry": { "type": "Point", "coordinates": [ 67.402048686001493, 31.257353739174157 ] } },
{ "type": "Feature", "properties": { "name": "(unnamed)", "kind": "Dam", "score": 11, "dedup_count": 1, "label_rank": 11, "tags": { "waterway": "dam" } }, "geometry": { "type": "Point", "coordinates": [ 67.262372460888116, 31.288827059733972 ] } },
{ "type": "Feature", "properties": { "name": "(unnamed)", "kind": "Dam", "score": 11, "dedup_count": 1, "label_rank": 11, "tags": { "waterway": "dam" } }, "geometry": { "type": "Point", "coordinates": [ 67.367128520052304, 31.312034123318934 ] } },
{ "type": "Feature", "properties": { "name": "(unnamed)", "kind": "Dam", "score": 11, "dedup_count": 1, "label_rank": 11, "tags": { "waterway": "dam" } }, "geometry": { "type": "Point", "coordinates": [ 67.40264740368653, 31.341254916764591 ] } },
{ "type": "Feature", "properties": { "name": "(unnamed)", "kind": "Dam", "score": 11, "dedup_count": 1, "label_rank": 11, "tags": { "waterway": "dam" } }, "geometry": { "type": "Point", "coordinates": [ 67.434235861235152, 31.360616378165282 ] } },
{ "type": "Feature", "properties": { "name": "(unnamed)", "kind": "Dam", "score": 11, "dedup_count": 1, "label_rank": 11, "tags": { "waterway": "dam" } }, "geometry": { "type": "Point", "coordinates": [ 67.317303299463163, 31.378001658532266 ] } },
{ "type": "Feature", "properties": { "name": "(unnamed)", "kind": "Dam", "score": 11, "dedup_count": 1, "label_rank": 11, "tags": { "waterway": "dam" } }, "geometry": { "type": "Point", "coordinates": [ 67.3444775, 31.37905985 ] } },
{ "type": "Feature", "properties": { "name": "(unnamed)", "kind": "Dam", "score": 11, "dedup_count": 1, "label_rank": 11, "tags": { "waterway": "dam" } }, "geometry": { "type": "Point", "coordinates": [ 67.20120465, 31.46050085 ] } },
{ "type": "Feature", "properties": { "name": "(unnamed)", "kind": "Dam", "score": 11, "dedup_count": 1, "label_rank": 11, "tags": { "waterway": "dam" } }, "geometry": { "type": "Point", "coordinates": [ 67.204129907083868, 31.478716192064041 ] } },
{ "type": "Feature", "properties": { "name": "(unnamed)", "kind": "Dam", "score": 11, "dedup_count": 1, "label_rank": 11, "tags": { "waterway": "dam" } }, "geometry": { "type": "Point", "coordinates": [ 67.49398500037168, 31.524708140213775 ] } },
{ "type": "Feature", "properties": { "name": "(unnamed)", "kind": "Dam", "score": 11, "dedup_count": 1, "label_rank": 11, "tags": { "area": "yes", "waterway": "dam" } }, "geometry": { "type": "Point", "coordinates": [ 67.209167131709549, 31.559247326085199 ] } },
{ "type": "Feature", "properties": { "name": "(unnamed)", "kind": "Dam", "score": 11, "dedup_count": 1, "label_rank": 11, "tags": { "waterway": "dam" } }, "geometry": { "type": "Point", "coordinates": [ 67.177388019992563, 31.588137754513617 ] } },
{ "type": "Feature", "properties": { "name": "(unnamed)", "kind": "Dam", "score": 11, "dedup_count": 1, "label_rank": 11, "tags": { "waterway": "dam" } }, "geometry": { "type": "Point", "coordinates": [ 67.44047655, 31.59236925 ] } },
{ "type": "Feature", "properties": { "name": "(unnamed)", "kind": "Dam", "score": 11, "dedup_count": 1, "label_rank": 11, "tags": { "waterway": "dam" } }, "geometry": { "type": "Point", "coordinates": [ 67.153295520071723, 31.59411821279695 ] } },
{ "type": "Feature", "properties": { "name": "(unnamed)", "kind": "Dam", "score": 11, "dedup_count": 1, "label_rank": 11, "tags": { "material": "debris", "waterway": "dam" } }, "geometry": { "type": "Point", "coordinates": [ 67.264565716142556, 31.599657658624587 ] } },
{ "type": "Feature", "properties": { "name": "(unnamed)", "kind": "Dam", "score": 11, "dedup_count": 1, "label_rank": 11, "tags": { "area": "no", "waterway": "dam" } }, "geometry": { "type": "Point", "coordinates": [ 67.188382325751064, 31.649602077817768 ] } },
{ "type": "Feature", "properties": { "name": "(unnamed)", "kind": "Dam", "score": 11, "dedup_count": 1, "label_rank": 11, "tags": { "waterway": "dam" } }, "geometry": { "type": "Point", "coordinates": [ 67.166134764122774, 31.661096096567992 ] } },
{ "type": "Feature", "properties": { "name": "(unnamed)", "kind": "Dam", "score": 11, "dedup_count": 1, "label_rank": 11, "tags": { "waterway": "dam" } }, "geometry": { "type": "Point", "coordinates": [ 67.13912804490829, 31.668529374262288 ] } },
{ "type": "Feature", "properties": { "name": "(unnamed)", "kind": "Dam", "score": 11, "dedup_count": 1, "label_rank": 11, "tags": { "waterway": "dam" } }, "geometry": { "type": "Point", "coordinates": [ 67.196140958100969, 31.714776858879574 ] } },
{ "type": "Feature", "properties": { "name": "(unnamed)", "kind": "Dam", "score": 11, "dedup_count": 1, "label_rank": 11, "tags": { "waterway": "dam" } }, "geometry": { "type": "Point", "coordinates": [ 67.2587308, 32.3526888 ] } },
{ "type": "Feature", "properties": { "name": "(unnamed)", "kind": "Dam", "score": 11, "dedup_count": 1, "label_rank": 11, "tags": { "waterway": "dam" } }, "geometry": { "type": "Point", "coordinates": [ 67.4334666, 33.0733552 ] } },
{ "type": "Feature", "properties": { "name": "(unnamed)", "kind": "Dam", "score": 11, "dedup_count": 1, "label_rank": 11, "tags": { "waterway": "dam" } }, "geometry": { "type": "Point", "coordinates": [ 67.48272905, 34.03540525 ] } },
{ "type": "Feature", "properties": { "name": "(unnamed)", "kind": "Dam", "score": 11, "dedup_count": 1, "label_rank": 11, "tags": { "waterway": "dam" } }, "geometry": { "type": "Point", "coordinates": [ 67.458480472090898, 34.736705334984315 ] } },
{ "type": "Feature", "properties": { "name": "(unnamed)", "kind": "Dam", "score": 11, "dedup_count": 1, "label_rank": 11, "tags": { "material": "soil", "waterway": "dam" } }, "geometry": { "type": "Point", "coordinates": [ 67.19419714999998, 34.9825068 ] } },
{ "type": "Feature", "properties": { "name": "(unnamed)", "kind": "Dam", "score": 11, "dedup_count": 1, "label_rank": 11, "tags": { "waterway": "dam" } }, "geometry": { "type": "Point", "coordinates": [ 67.199664551244737, 35.977043422027684 ] } },
{ "type": "Feature", "properties": { "name": "(unnamed)", "kind": "Dam", "score": 11, "dedup_count": 1, "label_rank": 11, "tags": { "waterway": "dam" } }, "geometry": { "type": "Point", "coordinates": [ 67.21210667211416, 37.344386864145335 ] } },
{ "type": "Feature", "properties": { "name": "(unnamed)", "kind": "Dam", "score": 11, "dedup_count": 1, "label_rank": 11, "tags": { "waterway": "dam" } }, "geometry": { "type": "Point", "coordinates": [ 67.497399525877299, 37.402213015719674 ] } },
{ "type": "Feature", "properties": { "name": "(unnamed)", "kind": "Dam", "score": 11, "dedup_count": 1, "label_rank": 11, "tags": { "waterway": "dam" } }, "geometry": { "type": "Point", "coordinates": [ 67.164488384120176, 37.622502602163344 ] } },
{ "type": "Feature", "properties": { "name": "(unnamed)", "kind": "Dam", "score": 11, "dedup_count": 1, "label_rank": 11, "tags": { "waterway": "dam" } }, "geometry": { "type": "Point", "coordinates": [ 67.75398155, 24.8927985 ] } },
{ "type": "Feature", "properties": { "name": "(unnamed)", "kind": "Dam", "score": 11, "dedup_count": 1, "label_rank": 11, "tags": { "waterway": "dam" } }, "geometry": { "type": "Point", "coordinates": [ 67.698249097587023, 24.917712901237635 ] } },
{ "type": "Feature", "properties": { "name": "(unnamed)", "kind": "Dam", "score": 11, "dedup_count": 1, "label_rank": 11, "tags": { "waterway": "dam" } }, "geometry": { "type": "Point", "coordinates": [ 67.785933651524459, 25.115214404699202 ] } },
{ "type": "Feature", "properties": { "name": "(unnamed)", "kind": "Dam", "score": 11, "dedup_count": 1, "label_rank": 11, "tags": { "waterway": "dam" } }, "geometry": { "type": "Point", "coordinates": [ 67.57129235, 25.2872317 ] } },
{ "type": "Feature", "properties": { "name": "(unnamed)", "kind": "Dam", "score": 11, "dedup_count": 1, "label_rank": 11, "tags": { "area": "yes", "waterway": "dam" } }, "geometry": { "type": "Point", "coordinates": [ 67.65290748761339, 25.410534410563805 ] } },
{ "type": "Feature", "properties": { "name": "(unnamed)", "kind": "Dam", "score": 11, "dedup_count": 1, "label_rank": 11, "tags": { "waterway": "dam" } }, "geometry": { "type": "Point", "coordinates": [ 67.61189074984641, 26.340797071389957 ] } },
{ "type": "Feature", "properties": { "name": "(unnamed)", "kind": "Dam", "score": 11, "dedup_count": 1, "label_rank": 11, "tags": { "waterway": "dam" } }, "geometry": { "type": "Point", "coordinates": [ 67.517344411117264, 26.342519590075938 ] } },
{ "type": "Feature", "properties": { "name": "(unnamed)", "kind": "Dam", "score": 11, "dedup_count": 1, "label_rank": 11, "tags": { "waterway": "dam" } }, "geometry": { "type": "Point", "coordinates": [ 67.884866100000011, 28.2851987 ] } },
{ "type": "Feature", "properties": { "name": "(unnamed)", "kind": "Dam", "score": 11, "dedup_count": 1, "label_rank": 11, "tags": { "waterway": "dam" } }, "geometry": { "type": "Point", "coordinates": [ 67.8309811, 28.3033243 ] } },
{ "type": "Feature", "properties": { "name": "(unnamed)", "kind": "Dam", "score": 11, "dedup_count": 1, "label_rank": 11, "tags": { "waterway": "dam" } }, "geometry": { "type": "Point", "coordinates": [ 67.87784075, 28.3688081 ] } },
{ "type": "Feature", "properties": { "name": "(unnamed)", "kind": "Dam", "score": 11, "dedup_count": 1, "label_rank": 11, "tags": { "waterway": "dam" } }, "geometry": { "type": "Point", "coordinates": [ 67.832269599999989, 29.1362476 ] } },
{ "type": "Feature", "properties": { "name": "(unnamed)", "kind": "Dam", "score": 11, "dedup_count": 1, "label_rank": 11, "tags": { "waterway": "dam" } }, "geometry": { "type": "Point", "coordinates": [ 67.706514, 29.1790678 ] } },
{ "type": "Feature", "properties": { "name": "(unnamed)", "kind": "Dam", "score": 11, "dedup_count": 1, "label_rank": 11, "tags": { "waterway": "dam" } }, "geometry": { "type": "Point", "coordinates": [ 67.8523519, 29.21759625 ] } },
{ "type": "Feature", "properties": { "name": "(unnamed)", "kind": "Dam", "score": 11, "dedup_count": 1, "label_rank": 11, "tags": { "waterway": "dam" } }, "geometry": { "type": "Point", "coordinates": [ 67.8170635, 29.26370125 ] } },
{ "type": "Feature", "properties": { "name": "(unnamed)", "kind": "Dam", "score": 11, "dedup_count": 1, "label_rank": 11, "tags": { "waterway": "dam" } }, "geometry": { "type": "Point", "coordinates": [ 67.7826244, 29.303348899999989 ] } },
{ "type": "Feature", "properties": { "name": "(unnamed)", "kind": "Dam", "score": 11, "dedup_count": 1, "label_rank": 11, "tags": { "waterway": "dam" } }, "geometry": { "type": "Point", "coordinates": [ 67.703068103314706, 29.501854424772581 ] } },
{ "type": "Feature", "properties": { "name": "(unnamed)", "kind": "Dam", "score": 11, "dedup_count": 1, "label_rank": 11, "tags": { "source": "Yahoo", "waterway": "dam" } }, "geometry": { "type": "Point", "coordinates": [ 67.781367063989691, 29.50553250401834 ] } },
{ "type": "Feature", "properties": { "name": "(unnamed)", "kind": "Dam", "score": 11, "dedup_count": 1, "label_rank": 11, "tags": { "waterway": "dam" } }, "geometry": { "type": "Point", "coordinates": [ 67.6656358, 29.52045795 ] } },
{ "type": "Feature", "properties": { "name": "(unnamed)", "kind": "Dam", "score": 11, "dedup_count": 1, "label_rank": 11, "tags": { "waterway": "dam" } }, "geometry": { "type": "Point", "coordinates": [ 67.911937209943019, 30.571651516496452 ] } },
{ "type": "Feature", "properties": { "name": "(unnamed)", "kind": "Dam", "score": 11, "dedup_count": 1, "label_rank": 11, "tags": { "area": "yes", "waterway": "dam" } }, "geometry": { "type": "Point", "coordinates": [ 67.742085958545758, 30.836385315178113 ] } },
{ "type": "Feature", "properties": { "name": "(unnamed)", "kind": "Dam", "score": 11, "dedup_count": 1, "label_rank": 11, "tags": { "waterway": "dam" } }, "geometry": { "type": "Point", "coordinates": [ 67.874789906730015, 30.83945801303096 ] } },
{ "type": "Feature", "properties": { "name": "(unnamed)", "kind": "Dam", "score": 11, "dedup_count": 1, "label_rank": 11, "tags": { "waterway": "dam" } }, "geometry": { "type": "Point", "coordinates": [ 67.534238, 30.94212665 ] } },
{ "type": "Feature", "properties": { "name": "(unnamed)", "kind": "Dam", "score": 11, "dedup_count": 1, "label_rank": 11, "tags": { "waterway": "dam" } }, "geometry": { "type": "Point", "coordinates": [ 67.54879295, 30.9587835 ] } },
{ "type": "Feature", "properties": { "name": "(unnamed)", "kind": "Dam", "score": 11, "dedup_count": 1, "label_rank": 11, "tags": { "waterway": "dam" } }, "geometry": { "type": "Point", "coordinates": [ 67.52450807251283, 30.997457110299234 ] } },
{ "type": "Feature", "properties": { "name": "(unnamed)", "kind": "Dam", "score": 11, "dedup_count": 1, "label_rank": 11, "tags": { "source": "Mapbox", "waterway": "dam" } }, "geometry": { "type": "Point", "coordinates": [ 67.75886485176197, 31.056588635257253 ] } },
{ "type": "Feature", "properties": { "name": "(unnamed)", "kind": "Dam", "score": 11, "dedup_count": 1, "label_rank": 11, "tags": { "waterway": "dam" } }, "geometry": { "type": "Point", "coordinates": [ 67.552048726961374, 31.058109014038191 ] } },
{ "type": "Feature", "properties": { "name": "(unnamed)", "kind": "Dam", "score": 11, "dedup_count": 1, "label_rank": 11, "tags": { "waterway": "dam" } }, "geometry": { "type": "Point", "coordinates": [ 67.545439762440594, 31.195266170457643 ] } },
{ "type": "Feature", "properties": { "name": "(unnamed)", "kind": "Dam", "score": 11, "dedup_count": 1, "label_rank": 11, "tags": { "area": "no", "material": "debris", "waterway": "dam" } }, "geometry": { "type": "Point", "coordinates": [ 67.504881999100576, 31.332580781802097 ] } },
{ "type": "Feature", "properties": { "name": "(unnamed)", "kind": "Dam", "score": 11, "dedup_count": 1, "label_rank": 11, "tags": { "waterway": "dam" } }, "geometry": { "type": "Point", "coordinates": [ 67.551818069607634, 31.350345768275456 ] } },
{ "type": "Feature", "properties": { "name": "(unnamed)", "kind": "Dam", "score": 11, "dedup_count": 1, "label_rank": 11, "tags": { "waterway": "dam" } }, "geometry": { "type": "Point", "coordinates": [ 67.72463413231209, 31.395033992317497 ] } },
{ "type": "Feature", "properties": { "name": "(unnamed)", "kind": "Dam", "score": 11, "dedup_count": 1, "label_rank": 11, "tags": { "waterway": "dam" } }, "geometry": { "type": "Point", "coordinates": [ 67.786059809729693, 31.468349858841194 ] } },
{ "type": "Feature", "properties": { "name": "(unnamed)", "kind": "Dam", "score": 11, "dedup_count": 1, "label_rank": 11, "tags": { "waterway": "dam" } }, "geometry": { "type": "Point", "coordinates": [ 67.806367614505987, 31.477330628894343 ] } },
{ "type": "Feature", "properties": { "name": "(unnamed)", "kind": "Dam", "score": 11, "dedup_count": 1, "label_rank": 11, "tags": { "waterway": "dam" } }, "geometry": { "type": "Point", "coordinates": [ 67.5386249, 31.50560615 ] } },
{ "type": "Feature", "properties": { "name": "(unnamed)", "kind": "Dam", "score": 11, "dedup_count": 1, "label_rank": 11, "tags": { "waterway": "dam" } }, "geometry": { "type": "Point", "coordinates": [ 67.7405522, 31.83000955 ] } },
{ "type": "Feature", "properties": { "name": "(unnamed)", "kind": "Dam", "score": 11, "dedup_count": 1, "label_rank": 11, "tags": { "waterway": "dam" } }, "geometry": { "type": "Point", "coordinates": [ 67.541906902365923, 32.873949945555282 ] } },
{ "type": "Feature", "properties": { "name": "(unnamed)", "kind": "Dam", "score": 11, "dedup_count": 1, "label_rank": 11, "tags": { "waterway": "dam" } }, "geometry": { "type": "Point", "coordinates": [ 67.76740694999998, 33.81507935 ] } },
{ "type": "Feature", "properties": { "name": "(unnamed)", "kind": "Dam", "score": 11, "dedup_count": 1, "label_rank": 11, "tags": { "waterway": "dam" } }, "geometry": { "type": "Point", "coordinates": [ 67.7757314, 34.10211415 ] } },
{ "type": "Feature", "properties": { "name": "(unnamed)", "kind": "Dam", "score": 11, "dedup_count": 1, "label_rank": 11, "tags": { "waterway": "dam" } }, "geometry": { "type": "Point", "coordinates": [ 67.6687733, 34.20806645 ] } },
{ "type": "Feature", "properties": { "name": "(unnamed)", "kind": "Dam", "score": 11, "dedup_count": 1, "label_rank": 11, "tags": { "waterway": "dam" } }, "geometry": { "type": "Point", "coordinates": [ 67.530721072445019, 34.701545796317212 ] } },
{ "type": "Feature", "properties": { "name": "(unnamed)", "kind": "Dam", "score": 11, "dedup_count": 1, "label_rank": 11, "tags": { "waterway": "dam" } }, "geometry": { "type": "Point", "coordinates": [ 68.747547837879651, 23.307408436818946 ] } },
{ "type": "Feature", "properties": { "name": "(unnamed)", "kind": "Dam", "score": 11, "dedup_count": 1, "label_rank": 11, "tags": { "waterway": "dam" } }, "geometry": { "type": "Point", "coordinates": [ 68.765025650000013, 23.57965465 ] } },
{ "type": "Feature", "properties": { "name": "(unnamed)", "kind": "Dam", "score": 11, "dedup_count": 1, "label_rank": 11, "tags": { "waterway": "dam" } }, "geometry": { "type": "Point", "coordinates": [ 68.737795337456333, 23.600417425659565 ] } },
{ "type": "Feature", "properties": { "name": "(unnamed)", "kind": "Dam", "score": 11, "dedup_count": 1, "label_rank": 11, "tags": { "waterway": "dam" } }, "geometry": { "type": "Point", "coordinates": [ 68.792017380600115, 23.627100256722809 ] } },
{ "type": "Feature", "properties": { "name": "(unnamed)", "kind": "Dam", "score": 11, "dedup_count": 1, "label_rank": 11, "tags": { "waterway": "dam" } }, "geometry": { "type": "Point", "coordinates": [ 68.55132186585837, 23.634170302629379 ] } },
{ "type": "Feature", "properties": { "name": "(unnamed)", "kind": "Dam", "score": 11, "dedup_count": 1, "label_rank": 11, "tags": { "waterway": "dam" } }, "geometry": { "type": "Point", "coordinates": [ 68.658575729935194, 23.670656945963547 ] } },
{ "type": "Feature", "properties": { "name": "(unnamed)", "kind": "Dam", "score": 11, "dedup_count": 1, "label_rank": 11, "tags": { "waterway": "dam" } }, "geometry": { "type": "Point", "coordinates": [ 68.66848025, 23.71083645 ] } },
{ "type": "Feature", "properties": { "name": "(unnamed)", "kind": "Dam", "score": 11, "dedup_count": 1, "label_rank": 11, "tags": { "waterway": "dam" } }, "geometry": { "type": "Point", "coordinates": [ 68.818000494609905, 23.813653093906872 ] } },
{ "type": "Feature", "properties": { "name": "(unnamed)", "kind": "Dam", "score": 11, "dedup_count": 1, "label_rank": 11, "tags": { "waterway": "dam" } }, "geometry": { "type": "Point", "coordinates": [ 67.994202018548492, 24.839261106355011 ] } },
{ "type": "Feature", "properties": { "name": "(unnamed)", "kind": "Dam", "score": 11, "dedup_count": 1, "label_rank": 11, "tags": { "waterway": "dam" } }, "geometry": { "type": "Point", "coordinates": [ 68.066452199559393, 24.910357509077919 ] } },
{ "type": "Feature", "properties": { "name": "(unnamed)", "kind": "Dam", "score": 11, "dedup_count": 1, "label_rank": 11, "tags": { "man_made": "dam" } }, "geometry": { "type": "Point", "coordinates": [ 68.268259684674803, 25.239704622409089 ] } },
{ "type": "Feature", "properties": { "name": "(unnamed)", "kind": "Dam", "score": 11, "dedup_count": 1, "label_rank": 11, "tags": { "waterway": "dam" } }, "geometry": { "type": "Point", "coordinates": [ 68.024772292158758, 25.939343293281574 ] } },
{ "type": "Feature", "properties": { "name": "(unnamed)", "kind": "Dam", "score": 11, "dedup_count": 1, "label_rank": 11, "tags": { "waterway": "dam" } }, "geometry": { "type": "Point", "coordinates": [ 68.20668615, 27.56143125 ] } },
{ "type": "Feature", "properties": { "name": "(unnamed)", "kind": "Dam", "score": 11, "dedup_count": 1, "label_rank": 11, "tags": { "waterway": "dam" } }, "geometry": { "type": "Point", "coordinates": [ 68.181361548114509, 28.509726756977578 ] } },
{ "type": "Feature", "properties": { "name": "(unnamed)", "kind": "Dam", "score": 11, "dedup_count": 1, "label_rank": 11, "tags": { "waterway": "dam" } }, "geometry": { "type": "Point", "coordinates": [ 68.192319330293799, 28.586942635308677 ] } },
{ "type": "Feature", "properties": { "name": "(unnamed)", "kind": "Dam", "score": 11, "dedup_count": 1, "label_rank": 11, "tags": { "waterway": "dam" } }, "geometry": { "type": "Point", "coordinates": [ 68.07964755, 29.6518251 ] } },
{ "type": "Feature", "properties": { "name": "(unnamed)", "kind": "Dam", "score": 11, "dedup_count": 1, "label_rank": 11, "tags": { "waterway": "dam" } }, "geometry": { "type": "Point", "coordinates": [ 68.222323483633659, 30.319370352733959 ] } },
{ "type": "Feature", "properties": { "name": "(unnamed)", "kind": "Dam", "score": 11, "dedup_count": 1, "label_rank": 11, "tags": { "waterway": "dam" } }, "geometry": { "type": "Point", "coordinates": [ 68.664643810164861, 30.334876182351671 ] } },
{ "type": "Feature", "properties": { "name": "(unnamed)", "kind": "Dam", "score": 11, "dedup_count": 1, "label_rank": 11, "tags": { "waterway": "dam" } }, "geometry": { "type": "Point", "coordinates": [ 68.681792146880653, 30.390174544822834 ] } },
{ "type": "Feature", "properties": { "name": "(unnamed)", "kind": "Dam", "score": 11, "dedup_count": 1, "label_rank": 11, "tags": { "waterway": "dam" } }, "geometry": { "type": "Point", "coordinates": [ 68.348819850000012, 30.49135895 ] } },
{ "type": "Feature", "properties": { "name": "(unnamed)", "kind": "Dam", "score": 11, "dedup_count": 1, "label_rank": 11, "tags": { "waterway": "dam" } }, "geometry": { "type": "Point", "coordinates": [ 68.478685960394941, 30.505477645039576 ] } },
{ "type": "Feature", "properties": { "name": "(unnamed)", "kind": "Dam", "score": 11, "dedup_count": 1, "label_rank": 11, "tags": { "waterway": "dam" } }, "geometry": { "type": "Point", "coordinates": [ 67.927054961248714, 30.57730602915354 ] } },
{ "type": "Feature", "properties": { "name": "(unnamed)", "kind": "Dam", "score": 11, "dedup_count": 1, "label_rank": 11, "tags": { "waterway": "dam" } }, "geometry": { "type": "Point", "coordinates": [ 68.0702023, 30.6352353 ] } },
{ "type": "Feature", "properties": { "name": "(unnamed)", "kind": "Dam", "score": 11, "dedup_count": 1, "label_rank": 11, "tags": { "waterway": "dam" } }, "geometry": { "type": "Point", "coordinates": [ 68.147090149999983, 30.7739358 ] } },
{ "type": "Feature", "properties": { "name": "(unnamed)", "kind": "Dam", "score": 11, "dedup_count": 1, "label_rank": 11, "tags": { "area": "yes", "waterway": "dam" } }, "geometry": { "type": "Point", "coordinates": [ 68.018569401843962, 31.528252984322439 ] } },
{ "type": "Feature", "properties": { "name": "(unnamed)", "kind": "Dam", "score": 11, "dedup_count": 1, "label_rank": 11, "tags": { "waterway": "dam" } }, "geometry": { "type": "Point", "coordinates": [ 68.357870688615122, 31.544825364642509 ] } },
{ "type": "Feature", "properties": { "name": "(unnamed)", "kind": "Dam", "score": 11, "dedup_count": 1, "label_rank": 11, "tags": { "source": "bing", "waterway": "dam" } }, "geometry": { "type": "Point", "coordinates": [ 68.541359055794828, 31.712686421601497 ] } },
{ "type": "Feature", "properties": { "name": "(unnamed)", "kind": "Dam", "score": 11, "dedup_count": 1, "label_rank": 11, "tags": { "waterway": "dam" } }, "geometry": { "type": "Point", "coordinates": [ 68.48110105, 33.6034834 ] } },
{ "type": "Feature", "properties": { "name": "(unnamed)", "kind": "Dam", "score": 11, "dedup_count": 1, "label_rank": 11, "tags": { "waterway": "dam" } }, "geometry": { "type": "Point", "coordinates": [ 67.9221589, 33.63244965 ] } },
{ "type": "Feature", "properties": { "name": "(unnamed)", "kind": "Dam", "score": 11, "dedup_count": 1, "label_rank": 11, "tags": { "waterway": "dam" } }, "geometry": { "type": "Point", "coordinates": [ 68.596081105403456, 33.666736352866266 ] } },
{ "type": "Feature", "properties": { "name": "(unnamed)", "kind": "Dam", "score": 11, "dedup_count": 1, "label_rank": 11, "tags": { "waterway": "dam" } }, "geometry": { "type": "Point", "coordinates": [ 68.670650749560977, 33.940725301716299 ] } },
{ "type": "Feature", "properties": { "name": "(unnamed)", "kind": "Dam", "score": 11, "dedup_count": 1, "label_rank": 11, "tags": { "waterway": "dam" } }, "geometry": { "type": "Point", "coordinates": [ 68.82535584999998, 34.45161665 ] } },
{ "type": "Feature", "properties": { "name": "(unnamed)", "kind": "Dam", "score": 11, "dedup_count": 1, "label_rank": 11, "tags": { "waterway": "dam" } }, "geometry": { "type": "Point", "coordinates": [ 68.222714833484417, 36.235312405843295 ] } },
{ "type": "Feature", "properties": { "name": "(unnamed)", "kind": "Dam", "score": 11, "dedup_count": 1, "label_rank": 11, "tags": { "area": "yes", "waterway": "dam" } }, "geometry": { "type": "Point", "coordinates": [ 68.550660385161848, 36.936603266400844 ] } },
{ "type": "Feature", "properties": { "name": "(unnamed)", "kind": "Dam", "score": 11, "dedup_count": 1, "label_rank": 11, "tags": { "waterway": "dam" } }, "geometry": { "type": "Point", "coordinates": [ 68.058803326568565, 36.986012902220068 ] } },
{ "type": "Feature", "properties": { "name": "(unnamed)", "kind": "Dam", "score": 11, "dedup_count": 1, "label_rank": 11, "tags": { "waterway": "dam" } }, "geometry": { "type": "Point", "coordinates": [ 68.079704379142498, 37.021485952438667 ] } },
{ "type": "Feature", "properties": { "name": "(unnamed)", "kind": "Dam", "score": 11, "dedup_count": 1, "label_rank": 11, "tags": { "waterway": "dam" } }, "geometry": { "type": "Point", "coordinates": [ 68.0864292956539, 37.032780542724076 ] } },
{ "type": "Feature", "properties": { "name": "(unnamed)", "kind": "Dam", "score": 11, "dedup_count": 1, "label_rank": 11, "tags": { "waterway": "dam" } }, "geometry": { "type": "Point", "coordinates": [ 68.106828374181219, 37.103808577607062 ] } },
{ "type": "Feature", "properties": { "name": "(unnamed)", "kind": "Dam", "score": 11, "dedup_count": 1, "label_rank": 11, "tags": { "waterway": "dam" } }, "geometry": { "type": "Point", "coordinates": [ 68.166661946298063, 37.208733617256129 ] } },
{ "type": "Feature", "properties": { "name": "(unnamed)", "kind": "Dam", "score": 11, "dedup_count": 1, "label_rank": 11, "tags": { "waterway": "dam" } }, "geometry": { "type": "Point", "coordinates": [ 68.149216750017743, 37.252278897729482 ] } },
{ "type": "Feature", "properties": { "name": "(unnamed)", "kind": "Dam", "score": 11, "dedup_count": 1, "label_rank": 11, "tags": { "waterway": "dam" } }, "geometry": { "type": "Point", "coordinates": [ 68.146164065821182, 37.28605592482036 ] } },
{ "type": "Feature", "properties": { "name": "(unnamed)", "kind": "Dam", "score": 11, "dedup_count": 1, "label_rank": 11, "tags": { "waterway": "dam" } }, "geometry": { "type": "Point", "coordinates": [ 68.145385787548193, 37.334516841765456 ] } },
{ "type": "Feature", "properties": { "name": "(unnamed)", "kind": "Dam", "score": 11, "dedup_count": 1, "label_rank": 11, "tags": { "waterway": "dam" } }, "geometry": { "type": "Point", "coordinates": [ 68.150855328432598, 37.357268258139314 ] } },
{ "type": "Feature", "properties": { "name": "(unnamed)", "kind": "Dam", "score": 11, "dedup_count": 1, "label_rank": 11, "tags": { "waterway": "dam" } }, "geometry": { "type": "Point", "coordinates": [ 68.151221907418105, 37.437399347870794 ] } },
{ "type": "Feature", "properties": { "name": "(unnamed)", "kind": "Dam", "score": 11, "dedup_count": 1, "label_rank": 11, "tags": { "waterway": "dam" } }, "geometry": { "type": "Point", "coordinates": [ 68.154255365406371, 37.485285899172034 ] } },
{ "type": "Feature", "properties": { "name": "(unnamed)", "kind": "Dam", "score": 11, "dedup_count": 1, "label_rank": 11, "tags": { "waterway": "dam" } }, "geometry": { "type": "Point", "coordinates": [ 69.146785004975129, 23.001277114755762 ] } },
{ "type": "Feature", "properties": { "name": "(unnamed)", "kind": "Dam", "score": 11, "dedup_count": 1, "label_rank": 11, "tags": { "layer": "1", "waterway": "dam" } }, "geometry": { "type": "Point", "coordinates": [ 69.452922528413552, 23.023708889161217 ] } },
{ "type": "Feature", "properties": { "name": "(unnamed)", "kind": "Dam", "score": 11, "dedup_count": 1, "label_rank": 11, "tags": { "waterway": "dam" } }, "geometry": { "type": "Point", "coordinates": [ 69.345534384763241, 23.029053500571752 ] } },
{ "type": "Feature", "properties": { "name": "(unnamed)", "kind": "Dam", "score": 11, "dedup_count": 1, "label_rank": 11, "tags": { "waterway": "dam" } }, "geometry": { "type": "Point", "coordinates": [ 69.268284878037974, 23.039105556916564 ] } },
{ "type": "Feature", "properties": { "name": "(unnamed)", "kind": "Dam", "score": 11, "dedup_count": 1, "label_rank": 11, "tags": { "layer": "1", "waterway": "dam" } }, "geometry": { "type": "Point", "coordinates": [ 69.354938235716105, 23.05332581715767 ] } },
{ "type": "Feature", "properties": { "name": "(unnamed)", "kind": "Dam", "score": 11, "dedup_count": 1, "label_rank": 11, "tags": { "waterway": "dam" } }, "geometry": { "type": "Point", "coordinates": [ 69.3816898, 23.1331845 ] } },
{ "type": "Feature", "properties": { "name": "(unnamed)", "kind": "Dam", "score": 11, "dedup_count": 1, "label_rank": 11, "tags": { "layer": "1", "waterway": "dam" } }, "geometry": { "type": "Point", "coordinates": [ 69.255870299999984, 23.15408385 ] } },
{ "type": "Feature", "properties": { "name": "(unnamed)", "kind": "Dam", "score": 11, "dedup_count": 1, "label_rank": 11, "tags": { "waterway": "dam" } }, "geometry": { "type": "Point", "coordinates": [ 69.13746724154997, 23.159844314095007 ] } },
{ "type": "Feature", "properties": { "name": "(unnamed)", "kind": "Dam", "score": 11, "dedup_count": 1, "label_rank": 11, "tags": { "waterway": "dam" } }, "geometry": { "type": "Point", "coordinates": [ 69.5001015, 23.23757425 ] } },
{ "type": "Feature", "properties": { "name": "(unnamed)", "kind": "Dam", "score": 11, "dedup_count": 1, "label_rank": 11, "tags": { "waterway": "dam" } }, "geometry": { "type": "Point", "coordinates": [ 69.51309685, 23.26497555 ] } },
{ "type": "Feature", "properties": { "name": "(unnamed)", "kind": "Dam", "score": 11, "dedup_count": 1, "label_rank": 11, "tags": { "layer": "1", "waterway": "dam" } }, "geometry": { "type": "Point", "coordinates": [ 68.829657749999981, 23.33300575 ] } },
{ "type": "Feature", "properties": { "name": "(unnamed)", "kind": "Dam", "score": 11, "dedup_count": 1, "label_rank": 11, "tags": { "waterway": "dam" } }, "geometry": { "type": "Point", "coordinates": [ 69.06133085, 23.34274365 ] } },
{ "type": "Feature", "properties": { "name": "(unnamed)", "kind": "Dam", "score": 11, "dedup_count": 1, "label_rank": 11, "tags": { "waterway": "dam" } }, "geometry": { "type": "Point", "coordinates": [ 69.360653541252617, 23.428704366578977 ] } },
{ "type": "Feature", "properties": { "name": "(unnamed)", "kind": "Dam", "score": 11, "dedup_count": 1, "label_rank": 11, "tags": { "layer": "1", "waterway": "dam" } }, "geometry": { "type": "Point", "coordinates": [ 69.174049218990874, 23.434523208137598 ] } },
{ "type": "Feature", "properties": { "name": "(unnamed)", "kind": "Dam", "score": 11, "dedup_count": 1, "label_rank": 11, "tags": { "layer": "1", "waterway": "dam" } }, "geometry": { "type": "Point", "coordinates": [ 69.483954147316666, 23.44156815990053 ] } },
{ "type": "Feature", "properties": { "name": "(unnamed)", "kind": "Dam", "score": 11, "dedup_count": 1, "label_rank": 11, "tags": { "waterway": "dam" } }, "geometry": { "type": "Point", "coordinates": [ 68.9266303, 23.4417554 ] } },
{ "type": "Feature", "properties": { "name": "(unnamed)", "kind": "Dam", "score": 11, "dedup_count": 1, "label_rank": 11, "tags": { "layer": "1", "waterway": "dam" } }, "geometry": { "type": "Point", "coordinates": [ 68.882143199999987, 23.46189085 ] } },
{ "type": "Feature", "properties": { "name": "(unnamed)", "kind": "Dam", "score": 11, "dedup_count": 1, "label_rank": 11, "tags": { "layer": "1", "waterway": "dam" } }, "geometry": { "type": "Point", "coordinates": [ 69.1238846, 23.58595685 ] } },
{ "type": "Feature", "properties": { "name": "(unnamed)", "kind": "Dam", "score": 11, "dedup_count": 1, "label_rank": 11, "tags": { "waterway": "dam" } }, "geometry": { "type": "Point", "coordinates": [ 69.151566963548504, 23.590810032084693 ] } },
{ "type": "Feature", "properties": { "name": "(unnamed)", "kind": "Dam", "score": 11, "dedup_count": 1, "label_rank": 11, "tags": { "waterway": "dam" } }, "geometry": { "type": "Point", "coordinates": [ 68.867852543073695, 23.682269387845661 ] } },
{ "type": "Feature", "properties": { "name": "(unnamed)", "kind": "Dam", "score": 11, "dedup_count": 1, "label_rank": 11, "tags": { "waterway": "dam" } }, "geometry": { "type": "Point", "coordinates": [ 68.830409633554098, 23.745795911536323 ] } },
{ "type": "Feature", "properties": { "name": "(unnamed)", "kind": "Dam", "score": 11, "dedup_count": 1, "label_rank": 11, "tags": { "waterway": "dam" } }, "geometry": { "type": "Point", "coordinates": [ 69.439287002004889, 24.336664558872179 ] } },
{ "type": "Feature", "properties": { "name": "(unnamed)", "kind": "Dam", "score": 11, "dedup_count": 1, "label_rank": 11, "tags": { "waterway": "dam" } }, "geometry": { "type": "Point", "coordinates": [ 69.007198298526006, 26.069299256517866 ] } },
{ "type": "Feature", "properties": { "name": "(unnamed)", "kind": "Dam", "score": 11, "dedup_count": 1, "label_rank": 11, "tags": { "waterway": "dam" } }, "geometry": { "type": "Point", "coordinates": [ 68.92331495, 26.7032753 ] } },
{ "type": "Feature", "properties": { "name": "(unnamed)", "kind": "Dam", "score": 11, "dedup_count": 1, "label_rank": 11, "tags": { "waterway": "dam" } }, "geometry": { "type": "Point", "coordinates": [ 68.9589743, 26.96265855 ] } },
{ "type": "Feature", "properties": { "name": "(unnamed)", "kind": "Dam", "score": 11, "dedup_count": 1, "label_rank": 11, "tags": { "waterway": "dam" } }, "geometry": { "type": "Point", "coordinates": [ 69.200178404709078, 28.534786750882393 ] } },
{ "type": "Feature", "properties": { "name": "(unnamed)", "kind": "Dam", "score": 11, "dedup_count": 1, "label_rank": 11, "tags": { "waterway": "dam" } }, "geometry": { "type": "Point", "coordinates": [ 69.266158668958951, 28.975267880359766 ] } },
{ "type": "Feature", "properties": { "name": "(unnamed)", "kind": "Dam", "score": 11, "dedup_count": 1, "label_rank": 11, "tags": { "waterway": "dam" } }, "geometry": { "type": "Point", "coordinates": [ 69.471990302464107, 29.471587479117073 ] } },
{ "type": "Feature", "properties": { "name": "(unnamed)", "kind": "Dam", "score": 11, "dedup_count": 1, "label_rank": 11, "tags": { "waterway": "dam" } }, "geometry": { "type": "Point", "coordinates": [ 69.494981046003829, 29.493954819944619 ] } },
{ "type": "Feature", "properties": { "name": "(unnamed)", "kind": "Dam", "score": 11, "dedup_count": 1, "label_rank": 11, "tags": { "waterway": "dam" } }, "geometry": { "type": "Point", "coordinates": [ 69.49216215, 29.5228388 ] } },
{ "type": "Feature", "properties": { "name": "(unnamed)", "kind": "Dam", "score": 11, "dedup_count": 1, "label_rank": 11, "tags": { "waterway": "dam" } }, "geometry": { "type": "Point", "coordinates": [ 69.373034797739777, 29.779771252896936 ] } },
{ "type": "Feature", "properties": { "name": "(unnamed)", "kind": "Dam", "score": 11, "dedup_count": 1, "label_rank": 11, "tags": { "waterway": "dam" } }, "geometry": { "type": "Point", "coordinates": [ 69.492877121039683, 29.781767614258619 ] } },
{ "type": "Feature", "properties": { "name": "(unnamed)", "kind": "Dam", "score": 11, "dedup_count": 1, "label_rank": 11, "tags": { "waterway": "dam" } }, "geometry": { "type": "Point", "coordinates": [ 69.428300585633295, 29.836201377258337 ] } },
{ "type": "Feature", "properties": { "name": "(unnamed)", "kind": "Dam", "score": 11, "dedup_count": 1, "label_rank": 11, "tags": { "waterway": "dam" } }, "geometry": { "type": "Point", "coordinates": [ 69.260162156257209, 29.932924382423412 ] } },
{ "type": "Feature", "properties": { "name": "(unnamed)", "kind": "Dam", "score": 11, "dedup_count": 1, "label_rank": 11, "tags": { "waterway": "dam" } }, "geometry": { "type": "Point", "coordinates": [ 68.94147815, 30.54640895 ] } },
{ "type": "Feature", "properties": { "name": "(unnamed)", "kind": "Dam", "score": 11, "dedup_count": 1, "label_rank": 11, "tags": { "waterway": "dam" } }, "geometry": { "type": "Point", "coordinates": [ 69.070321788184771, 30.594828801286823 ] } },
{ "type": "Feature", "properties": { "name": "(unnamed)", "kind": "Dam", "score": 11, "dedup_count": 1, "label_rank": 11, "tags": { "waterway": "dam" } }, "geometry": { "type": "Point", "coordinates": [ 69.139143386877763, 30.662570254496305 ] } },
{ "type": "Feature", "properties": { "name": "(unnamed)", "kind": "Dam", "score": 11, "dedup_count": 1, "label_rank": 11, "tags": { "waterway": "dam" } }, "geometry": { "type": "Point", "coordinates": [ 68.85282305065688, 30.716718483105147 ] } },
{ "type": "Feature", "properties": { "name": "(unnamed)", "kind": "Dam", "score": 11, "dedup_count": 1, "label_rank": 11, "tags": { "waterway": "dam" } }, "geometry": { "type": "Point", "coordinates": [ 69.258943426403107, 30.732720940638096 ] } },
{ "type": "Feature", "properties": { "name": "(unnamed)", "kind": "Dam", "score": 11, "dedup_count": 1, "label_rank": 11, "tags": { "waterway": "dam" } }, "geometry": { "type": "Point", "coordinates": [ 69.421918394402724, 31.128556966924901 ] } },
{ "type": "Feature", "properties": { "name": "(unnamed)", "kind": "Dam", "score": 11, "dedup_count": 1, "label_rank": 11, "tags": { "waterway": "dam" } }, "geometry": { "type": "Point", "coordinates": [ 69.37745070296468, 31.147278918332823 ] } },
{ "type": "Feature", "properties": { "name": "(unnamed)", "kind": "Dam", "score": 11, "dedup_count": 1, "label_rank": 11, "tags": { "waterway": "dam" } }, "geometry": { "type": "Point", "coordinates": [ 69.4106376662195, 31.183308295182893 ] } },
{ "type": "Feature", "properties": { "name": "(unnamed)", "kind": "Dam", "score": 11, "dedup_count": 1, "label_rank": 11, "tags": { "waterway": "dam" } }, "geometry": { "type": "Point", "coordinates": [ 69.372550734411817, 31.19235119026429 ] } },
{ "type": "Feature", "properties": { "name": "(unnamed)", "kind": "Dam", "score": 11, "dedup_count": 1, "label_rank": 11, "tags": { "waterway": "dam" } }, "geometry": { "type": "Point", "coordinates": [ 69.344179231659425, 31.454218281735088 ] } },
{ "type": "Feature", "properties": { "name": "(unnamed)", "kind": "Dam", "score": 11, "dedup_count": 1, "label_rank": 11, "tags": { "waterway": "dam" } }, "geometry": { "type": "Point", "coordinates": [ 69.060776749999988, 32.97495815 ] } },
{ "type": "Feature", "properties": { "name": "(unnamed)", "kind": "Dam", "score": 11, "dedup_count": 1, "label_rank": 11, "tags": { "waterway": "dam" } }, "geometry": { "type": "Point", "coordinates": [ 69.2267908, 33.99016995 ] } },
{ "type": "Feature", "properties": { "name": "(unnamed)", "kind": "Dam", "score": 11, "dedup_count": 1, "label_rank": 11, "tags": { "waterway": "dam" } }, "geometry": { "type": "Point", "coordinates": [ 69.107589899999979, 34.8963423 ] } },
{ "type": "Feature", "properties": { "name": "(unnamed)", "kind": "Dam", "score": 11, "dedup_count": 1, "label_rank": 11, "tags": { "source": "bing", "waterway": "dam" } }, "geometry": { "type": "Point", "coordinates": [ 69.425093170523283, 35.638638860731596 ] } },
{ "type": "Feature", "properties": { "name": "(unnamed)", "kind": "Dam", "score": 11, "dedup_count": 1, "label_rank": 11, "tags": { "waterway": "dam" } }, "geometry": { "type": "Point", "coordinates": [ 69.55525890770727, 36.730806245195218 ] } },
{ "type": "Feature", "properties": { "name": "(unnamed)", "kind": "Dam", "score": 11, "dedup_count": 1, "label_rank": 11, "tags": { "waterway": "dam" } }, "geometry": { "type": "Point", "coordinates": [ 69.614238304682743, 23.011531720899661 ] } },
{ "type": "Feature", "properties": { "name": "(unnamed)", "kind": "Dam", "score": 11, "dedup_count": 1, "label_rank": 11, "tags": { "bridge": "aqueduct", "layer": "1", "waterway": "dam" } }, "geometry": { "type": "Point", "coordinates": [ 69.723012714247773, 23.022488550038336 ] } },
{ "type": "Feature", "properties": { "name": "(unnamed)", "kind": "Dam", "score": 11, "dedup_count": 1, "label_rank": 11, "tags": { "waterway": "dam" } }, "geometry": { "type": "Point", "coordinates": [ 69.84698845, 23.03761105 ] } },
{ "type": "Feature", "properties": { "name": "(unnamed)", "kind": "Dam", "score": 11, "dedup_count": 1, "label_rank": 11, "tags": { "layer": "1", "waterway": "dam" } }, "geometry": { "type": "Point", "coordinates": [ 69.606792049999981, 23.10253715 ] } },
{ "type": "Feature", "properties": { "name": "(unnamed)", "kind": "Dam", "score": 11, "dedup_count": 1, "label_rank": 11, "tags": { "waterway": "dam" } }, "geometry": { "type": "Point", "coordinates": [ 69.599281465171075, 23.140935417957614 ] } },
{ "type": "Feature", "properties": { "name": "(unnamed)", "kind": "Dam", "score": 11, "dedup_count": 1, "label_rank": 11, "tags": { "waterway": "dam" } }, "geometry": { "type": "Point", "coordinates": [ 69.60279655, 23.16017945 ] } },
{ "type": "Feature", "properties": { "name": "(unnamed)", "kind": "Dam", "score": 11, "dedup_count": 1, "label_rank": 11, "tags": { "waterway": "dam" } }, "geometry": { "type": "Point", "coordinates": [ 70.127979781759066, 23.246983640237058 ] } },
{ "type": "Feature", "properties": { "name": "(unnamed)", "kind": "Dam", "score": 11, "dedup_count": 1, "label_rank": 11, "tags": { "waterway": "dam" } }, "geometry": { "type": "Point", "coordinates": [ 69.718387257646313, 23.374043182605252 ] } },
{ "type": "Feature", "properties": { "name": "(unnamed)", "kind": "Dam", "score": 11, "dedup_count": 1, "label_rank": 11, "tags": { "waterway": "dam" } }, "geometry": { "type": "Point", "coordinates": [ 69.898244617854914, 23.381576267688121 ] } },
{ "type": "Feature", "properties": { "name": "(unnamed)", "kind": "Dam", "score": 11, "dedup_count": 1, "label_rank": 11, "tags": { "waterway": "dam" } }, "geometry": { "type": "Point", "coordinates": [ 70.72866544999998, 23.4127035 ] } },
{ "type": "Feature", "properties": { "name": "(unnamed)", "kind": "Dam", "score": 11, "dedup_count": 1, "label_rank": 11, "tags": { "waterway": "dam" } }, "geometry": { "type": "Point", "coordinates": [ 70.6397231, 23.41372185 ] } },
{ "type": "Feature", "properties": { "name": "(unnamed)", "kind": "Dam", "score": 11, "dedup_count": 1, "label_rank": 11, "tags": { "waterway": "dam" } }, "geometry": { "type": "Point", "coordinates": [ 70.427796788574341, 23.46652942775173 ] } },
{ "type": "Feature", "properties": { "name": "(unnamed)", "kind": "Dam", "score": 11, "dedup_count": 1, "label_rank": 11, "tags": { "waterway": "dam" } }, "geometry": { "type": "Point", "coordinates": [ 70.49822005, 23.6093012 ] } },
{ "type": "Feature", "properties": { "name": "(unnamed)", "kind": "Dam", "score": 11, "dedup_count": 1, "label_rank": 11, "tags": { "waterway": "dam" } }, "geometry": { "type": "Point", "coordinates": [ 69.9051371, 23.7474142 ] } },
{ "type": "Feature", "properties": { "name": "(unnamed)", "kind": "Dam", "score": 11, "dedup_count": 1, "label_rank": 11, "tags": { "waterway": "dam" } }, "geometry": { "type": "Point", "coordinates": [ 69.740779879274626, 23.839903028961068 ] } },
{ "type": "Feature", "properties": { "name": "(unnamed)", "kind": "Dam", "score": 11, "dedup_count": 1, "label_rank": 11, "tags": { "layer": "1", "waterway": "dam" } }, "geometry": { "type": "Point", "coordinates": [ 69.759966932310505, 23.864336416404022 ] } },
{ "type": "Feature", "properties": { "name": "(unnamed)", "kind": "Dam", "score": 11, "dedup_count": 1, "label_rank": 11, "tags": { "waterway": "dam" } }, "geometry": { "type": "Point", "coordinates": [ 70.782698561286765, 24.237926383954377 ] } },
{ "type": "Feature", "properties": { "name": "(unnamed)", "kind": "Dam", "score": 11, "dedup_count": 1, "label_rank": 11, "tags": { "waterway": "dam" } }, "geometry": { "type": "Point", "coordinates": [ 70.723212749278304, 24.268852143604608 ] } },
{ "type": "Feature", "properties": { "name": "(unnamed)", "kind": "Dam", "score": 11, "dedup_count": 1, "label_rank": 11, "tags": { "waterway": "dam" } }, "geometry": { "type": "Point", "coordinates": [ 70.69014936594769, 24.27225477022662 ] } },
{ "type": "Feature", "properties": { "name": "(unnamed)", "kind": "Dam", "score": 11, "dedup_count": 1, "label_rank": 11, "tags": { "waterway": "dam" } }, "geometry": { "type": "Point", "coordinates": [ 70.607611898550488, 24.283587239159178 ] } },
{ "type": "Feature", "properties": { "name": "(unnamed)", "kind": "Dam", "score": 11, "dedup_count": 1, "label_rank": 11, "tags": { "waterway": "dam" } }, "geometry": { "type": "Point", "coordinates": [ 70.655434049412392, 24.303302567026044 ] } },
{ "type": "Feature", "properties": { "name": "(unnamed)", "kind": "Dam", "score": 11, "dedup_count": 1, "label_rank": 11, "tags": { "waterway": "dam" } }, "geometry": { "type": "Point", "coordinates": [ 70.627898887978304, 24.326676605137596 ] } },
{ "type": "Feature", "properties": { "name": "(unnamed)", "kind": "Dam", "score": 11, "dedup_count": 1, "label_rank": 11, "tags": { "waterway": "dam" } }, "geometry": { "type": "Point", "coordinates": [ 70.787373173755455, 24.328218053605998 ] } },
{ "type": "Feature", "properties": { "name": "(unnamed)", "kind": "Dam", "score": 11, "dedup_count": 1, "label_rank": 11, "tags": { "waterway": "dam" } }, "geometry": { "type": "Point", "coordinates": [ 70.636864648869746, 24.361963191075347 ] } },
{ "type": "Feature", "properties": { "name": "(unnamed)", "kind": "Dam", "score": 11, "dedup_count": 1, "label_rank": 11, "tags": { "waterway": "dam" } }, "geometry": { "type": "Point", "coordinates": [ 70.678394943604246, 24.365612568291017 ] } },
{ "type": "Feature", "properties": { "name": "(unnamed)", "kind": "Dam", "score": 11, "dedup_count": 1, "label_rank": 11, "tags": { "waterway": "dam" } }, "geometry": { "type": "Point", "coordinates": [ 70.687524861724071, 24.376830742815017 ] } },
{ "type": "Feature", "properties": { "name": "(unnamed)", "kind": "Dam", "score": 11, "dedup_count": 1, "label_rank": 11, "tags": { "waterway": "dam" } }, "geometry": { "type": "Point", "coordinates": [ 70.790708295019073, 24.39586414221321 ] } },
{ "type": "Feature", "properties": { "name": "(unnamed)", "kind": "Dam", "score": 11, "dedup_count": 1, "label_rank": 11, "tags": { "waterway": "dam" } }, "geometry": { "type": "Point", "coordinates": [ 70.645684412583691, 24.407496069734652 ] } },
{ "type": "Feature", "properties": { "name": "(unnamed)", "kind": "Dam", "score": 11, "dedup_count": 1, "label_rank": 11, "tags": { "waterway": "dam" } }, "geometry": { "type": "Point", "coordinates": [ 70.689346209225434, 24.411536701174537 ] } },
{ "type": "Feature", "properties": { "name": "(unnamed)", "kind": "Dam", "score": 11, "dedup_count": 1, "label_rank": 11, "tags": { "waterway": "dam" } }, "geometry": { "type": "Point", "coordinates": [ 70.789779025388455, 24.514365317854388 ] } },
{ "type": "Feature", "properties": { "name": "(unnamed)", "kind": "Dam", "score": 11, "dedup_count": 1, "label_rank": 11, "tags": { "area": "yes", "waterway": "dam" } }, "geometry": { "type": "Point", "coordinates": [ 70.18527615769743, 28.024070570599594 ] } },
{ "type": "Feature", "properties": { "name": "(unnamed)", "kind": "Dam", "score": 11, "dedup_count": 1, "label_rank": 11, "tags": { "waterway": "dam" } }, "geometry": { "type": "Point", "coordinates": [ 70.22253928822613, 29.494115308307631 ] } },
{ "type": "Feature", "properties": { "name": "(unnamed)", "kind": "Dam", "score": 11, "dedup_count": 1, "label_rank": 11, "tags": { "waterway": "dam" } }, "geometry": { "type": "Point", "coordinates": [ 69.658671668610125, 29.980235100351265 ] } },
{ "type": "Feature", "properties": { "name": "(unnamed)", "kind": "Dam", "score": 11, "dedup_count": 1, "label_rank": 11, "tags": { "waterway": "dam" } }, "geometry": { "type": "Point", "coordinates": [ 69.704015711442779, 30.02075505200537 ] } },
{ "type": "Feature", "properties": { "name": "(unnamed)", "kind": "Dam", "score": 11, "dedup_count": 1, "label_rank": 11, "tags": { "source": "bing", "waterway": "dam" } }, "geometry": { "type": "Point", "coordinates": [ 69.646354365837468, 30.097149150002348 ] } },
{ "type": "Feature", "properties": { "name": "(unnamed)", "kind": "Dam", "score": 11, "dedup_count": 1, "label_rank": 11, "tags": { "waterway": "dam" } }, "geometry": { "type": "Point", "coordinates": [ 69.7885841, 30.5624699 ] } },
{ "type": "Feature", "properties": { "name": "(unnamed)", "kind": "Dam", "score": 11, "dedup_count": 1, "label_rank": 11, "tags": { "waterway": "dam" } }, "geometry": { "type": "Point", "coordinates": [ 69.79033095, 30.84158755 ] } },
{ "type": "Feature", "properties": { "name": "(unnamed)", "kind": "Dam", "score": 11, "dedup_count": 1, "label_rank": 11, "tags": { "waterway": "dam" } }, "geometry": { "type": "Point", "coordinates": [ 69.595201494885202, 31.288291853383708 ] } },
{ "type": "Feature", "properties": { "name": "(unnamed)", "kind": "Dam", "score": 11, "dedup_count": 1, "label_rank": 11, "tags": { "waterway": "dam" } }, "geometry": { "type": "Point", "coordinates": [ 70.439475757989158, 32.243466161019711 ] } },
{ "type": "Feature", "properties": { "name": "(unnamed)", "kind": "Dam", "score": 11, "dedup_count": 1, "label_rank": 11, "tags": { "waterway": "dam" } }, "geometry": { "type": "Point", "coordinates": [ 70.745302706948536, 32.333783332361953 ] } },
{ "type": "Feature", "properties": { "name": "(unnamed)", "kind": "Dam", "score": 11, "dedup_count": 1, "label_rank": 11, "tags": { "waterway": "dam" } }, "geometry": { "type": "Point", "coordinates": [ 70.059553881700694, 32.869532926673486 ] } },
{ "type": "Feature", "properties": { "name": "(unnamed)", "kind": "Dam", "score": 11, "dedup_count": 1, "label_rank": 11, "tags": { "waterway": "dam" } }, "geometry": { "type": "Point", "coordinates": [ 70.436702346844868, 32.948042100856483 ] } },
{ "type": "Feature", "properties": { "name": "(unnamed)", "kind": "Dam", "score": 11, "dedup_count": 1, "label_rank": 11, "tags": { "area": "yes", "source": "DigitalGlobe-Premium", "waterway": "dam" } }, "geometry": { "type": "Point", "coordinates": [ 70.368842149940676, 33.001664499756792 ] } },
{ "type": "Feature", "properties": { "name": "(unnamed)", "kind": "Dam", "score": 11, "dedup_count": 1, "label_rank": 11, "tags": { "waterway": "dam" } }, "geometry": { "type": "Point", "coordinates": [ 70.170951248865549, 33.048481966514586 ] } },
{ "type": "Feature", "properties": { "name": "(unnamed)", "kind": "Dam", "score": 11, "dedup_count": 1, "label_rank": 11, "tags": { "material": "earth", "waterway": "dam" } }, "geometry": { "type": "Point", "coordinates": [ 70.625546295255475, 33.060234794540435 ] } },
{ "type": "Feature", "properties": { "name": "(unnamed)", "kind": "Dam", "score": 11, "dedup_count": 1, "label_rank": 11, "tags": { "source": "DigitalGlobe-Premium", "waterway": "dam" } }, "geometry": { "type": "Point", "coordinates": [ 70.007228474293854, 33.062999755192841 ] } },
{ "type": "Feature", "properties": { "name": "(unnamed)", "kind": "Dam", "score": 11, "dedup_count": 1, "label_rank": 11, "tags": { "waterway": "dam" } }, "geometry": { "type": "Point", "coordinates": [ 70.372744599469328, 33.093361906858888 ] } },
{ "type": "Feature", "properties": { "name": "(unnamed)", "kind": "Dam", "score": 11, "dedup_count": 1, "label_rank": 11, "tags": { "area": "yes", "waterway": "dam" } }, "geometry": { "type": "Point", "coordinates": [ 69.746570364755499, 33.155733833763648 ] } },
{ "type": "Feature", "properties": { "name": "(unnamed)", "kind": "Dam", "score": 11, "dedup_count": 1, "label_rank": 11, "tags": { "waterway": "dam" } }, "geometry": { "type": "Point", "coordinates": [ 69.85856295, 33.3462964 ] } },
{ "type": "Feature", "properties": { "name": "(unnamed)", "kind": "Dam", "score": 11, "dedup_count": 1, "label_rank": 11, "tags": { "area": "yes", "waterway": "dam" } }, "geometry": { "type": "Point", "coordinates": [ 69.794519834179169, 33.373005463124557 ] } },
{ "type": "Feature", "properties": { "name": "(unnamed)", "kind": "Dam", "score": 11, "dedup_count": 1, "label_rank": 11, "tags": { "waterway": "dam" } }, "geometry": { "type": "Point", "coordinates": [ 69.894077599999989, 33.39190695 ] } },
{ "type": "Feature", "properties": { "name": "(unnamed)", "kind": "Dam", "score": 11, "dedup_count": 1, "label_rank": 11, "tags": { "waterway": "dam" } }, "geometry": { "type": "Point", "coordinates": [ 69.927729099999979, 33.4517582 ] } },
{ "type": "Feature", "properties": { "name": "(unnamed)", "kind": "Dam", "score": 11, "dedup_count": 1, "label_rank": 11, "tags": { "source": "DigitalGlobe-Standard", "waterway": "dam" } }, "geometry": { "type": "Point", "coordinates": [ 70.80407134746271, 33.487841840163135 ] } },
{ "type": "Feature", "properties": { "name": "(unnamed)", "kind": "Dam", "score": 11, "dedup_count": 1, "label_rank": 11, "tags": { "waterway": "dam" } }, "geometry": { "type": "Point", "coordinates": [ 70.302711762686144, 33.547593629415069 ] } },
{ "type": "Feature", "properties": { "name": "(unnamed)", "kind": "Dam", "score": 11, "dedup_count": 1, "label_rank": 11, "tags": { "waterway": "dam" } }, "geometry": { "type": "Point", "coordinates": [ 70.130763965092854, 33.746673486161633 ] } },
{ "type": "Feature", "properties": { "name": "(unnamed)", "kind": "Dam", "score": 11, "dedup_count": 1, "label_rank": 11, "tags": { "waterway": "dam" } }, "geometry": { "type": "Point", "coordinates": [ 69.775926799999979, 34.5866494 ] } },
{ "type": "Feature", "properties": { "name": "(unnamed)", "kind": "Dam", "score": 11, "dedup_count": 1, "label_rank": 11, "tags": { "waterway": "dam" } }, "geometry": { "type": "Point", "coordinates": [ 70.789332645780959, 37.020755078118114 ] } },
{ "type": "Feature", "properties": { "name": "(unnamed)", "kind": "Dam", "score": 11, "dedup_count": 1, "label_rank": 11, "tags": { "waterway": "dam" } }, "geometry": { "type": "Point", "coordinates": [ 71.261569487630013, 23.025047861385158 ] } },
{ "type": "Feature", "properties": { "name": "(unnamed)", "kind": "Dam", "score": 11, "dedup_count": 1, "label_rank": 11, "tags": { "waterway": "dam" } }, "geometry": { "type": "Point", "coordinates": [ 71.349093153294916, 23.02732878312521 ] } },
{ "type": "Feature", "properties": { "name": "(unnamed)", "kind": "Dam", "score": 11, "dedup_count": 1, "label_rank": 11, "tags": { "waterway": "dam" } }, "geometry": { "type": "Point", "coordinates": [ 71.40556899014733, 23.033857967287656 ] } },
{ "type": "Feature", "properties": { "name": "(unnamed)", "kind": "Dam", "score": 11, "dedup_count": 1, "label_rank": 11, "tags": { "waterway": "dam" } }, "geometry": { "type": "Point", "coordinates": [ 71.345042583908409, 23.056383336464993 ] } },
{ "type": "Feature", "properties": { "name": "(unnamed)", "kind": "Dam", "score": 11, "dedup_count": 1, "label_rank": 11, "tags": { "waterway": "dam" } }, "geometry": { "type": "Point", "coordinates": [ 71.421864699999986, 23.06210625 ] } },
{ "type": "Feature", "properties": { "name": "(unnamed)", "kind": "Dam", "score": 11, "dedup_count": 1, "label_rank": 11, "tags": { "waterway": "dam" } }, "geometry": { "type": "Point", "coordinates": [ 71.443121681128531, 23.06369829111312 ] } },
{ "type": "Feature", "properties": { "name": "(unnamed)", "kind": "Dam", "score": 11, "dedup_count": 1, "label_rank": 11, "tags": { "waterway": "dam" } }, "geometry": { "type": "Point", "coordinates": [ 71.46942053338941, 23.069946984793695 ] } },
{ "type": "Feature", "properties": { "name": "(unnamed)", "kind": "Dam", "score": 11, "dedup_count": 1, "label_rank": 11, "tags": { "waterway": "dam" } }, "geometry": { "type": "Point", "coordinates": [ 71.581506047960673, 23.098618004619837 ] } },
{ "type": "Feature", "properties": { "name": "(unnamed)", "kind": "Dam", "score": 11, "dedup_count": 1, "label_rank": 11, "tags": { "waterway": "dam" } }, "geometry": { "type": "Point", "coordinates": [ 70.999685253805154, 23.138010273692981 ] } },
{ "type": "Feature", "properties": { "name": "(unnamed)", "kind": "Dam", "score": 11, "dedup_count": 1, "label_rank": 11, "tags": { "waterway": "dam" } }, "geometry": { "type": "Point", "coordinates": [ 71.33227159426248, 23.160975201214537 ] } },
{ "type": "Feature", "properties": { "name": "(unnamed)", "kind": "Dam", "score": 11, "dedup_count": 1, "label_rank": 11, "tags": { "waterway": "dam" } }, "geometry": { "type": "Point", "coordinates": [ 71.72769550000001, 23.19960965 ] } },
{ "type": "Feature", "properties": { "name": "(unnamed)", "kind": "Dam", "score": 11, "dedup_count": 1, "label_rank": 11, "tags": { "waterway": "dam" } }, "geometry": { "type": "Point", "coordinates": [ 72.384456624562489, 23.916850401343559 ] } },
{ "type": "Feature", "properties": { "name": "(unnamed)", "kind": "Dam", "score": 11, "dedup_count": 1, "label_rank": 11, "tags": { "source": "Bing", "waterway": "dam" } }, "geometry": { "type": "Point", "coordinates": [ 70.8238149, 24.2998965 ] } },
{ "type": "Feature", "properties": { "name": "(unnamed)", "kind": "Dam", "score": 11, "dedup_count": 1, "label_rank": 11, "tags": { "source": "Bing", "surface": "dirt", "waterway": "dam" } }, "geometry": { "type": "Point", "coordinates": [ 70.870541256311924, 24.355520876138922 ] } },
{ "type": "Feature", "properties": { "name": "(unnamed)", "kind": "Dam", "score": 11, "dedup_count": 1, "label_rank": 11, "tags": { "waterway": "dam" } }, "geometry": { "type": "Point", "coordinates": [ 70.813268284710617, 24.35836901886621 ] } },
{ "type": "Feature", "properties": { "name": "(unnamed)", "kind": "Dam", "score": 11, "dedup_count": 1, "label_rank": 11, "tags": { "waterway": "dam" } }, "geometry": { "type": "Point", "coordinates": [ 70.832579908816456, 24.35973747907958 ] } },
{ "type": "Feature", "properties": { "name": "(unnamed)", "kind": "Dam", "score": 11, "dedup_count": 1, "label_rank": 11, "tags": { "waterway": "dam" } }, "geometry": { "type": "Point", "coordinates": [ 71.014313267122176, 24.382912628043393 ] } },
{ "type": "Feature", "properties": { "name": "(unnamed)", "kind": "Dam", "score": 11, "dedup_count": 1, "label_rank": 11, "tags": { "waterway": "dam" } }, "geometry": { "type": "Point", "coordinates": [ 72.304276096205484, 24.405179160127169 ] } },
{ "type": "Feature", "properties": { "name": "(unnamed)", "kind": "Dam", "score": 11, "dedup_count": 1, "label_rank": 11, "tags": { "waterway": "dam" } }, "geometry": { "type": "Point", "coordinates": [ 72.426342977681884, 24.418295314407494 ] } },
{ "type": "Feature", "properties": { "name": "(unnamed)", "kind": "Dam", "score": 11, "dedup_count": 1, "label_rank": 11, "tags": { "waterway": "dam" } }, "geometry": { "type": "Point", "coordinates": [ 70.845607126317034, 24.458710292176885 ] } },
{ "type": "Feature", "properties": { "name": "(unnamed)", "kind": "Dam", "score": 11, "dedup_count": 1, "label_rank": 11, "tags": { "waterway": "dam" } }, "geometry": { "type": "Point", "coordinates": [ 70.8819186, 24.47427385 ] } },
{ "type": "Feature", "properties": { "name": "(unnamed)", "kind": "Dam", "score": 11, "dedup_count": 1, "label_rank": 11, "tags": { "waterway": "dam" } }, "geometry": { "type": "Point", "coordinates": [ 70.84559015, 24.48787125 ] } },
{ "type": "Feature", "properties": { "name": "(unnamed)", "kind": "Dam", "score": 11, "dedup_count": 1, "label_rank": 11, "tags": { "waterway": "dam" } }, "geometry": { "type": "Point", "coordinates": [ 72.534598160464924, 24.53283788938074 ] } },
{ "type": "Feature", "properties": { "name": "(unnamed)", "kind": "Dam", "score": 11, "dedup_count": 1, "label_rank": 11, "tags": { "waterway": "dam" } }, "geometry": { "type": "Point", "coordinates": [ 70.837219891274344, 24.539645297610875 ] } },
{ "type": "Feature", "properties": { "name": "(unnamed)", "kind": "Dam", "score": 11, "dedup_count": 1, "label_rank": 11, "tags": { "waterway": "dam" } }, "geometry": { "type": "Point", "coordinates": [ 70.842255034251892, 24.579481959521058 ] } },
{ "type": "Feature", "properties": { "name": "(unnamed)", "kind": "Dam", "score": 11, "dedup_count": 1, "label_rank": 11, "tags": { "waterway": "dam" } }, "geometry": { "type": "Point", "coordinates": [ 72.470005439971445, 24.671594272282718 ] } },
{ "type": "Feature", "properties": { "name": "(unnamed)", "kind": "Dam", "score": 11, "dedup_count": 1, "label_rank": 11, "tags": { "waterway": "dam" } }, "geometry": { "type": "Point", "coordinates": [ 72.501045620979966, 24.692348106967117 ] } },
{ "type": "Feature", "properties": { "name": "(unnamed)", "kind": "Dam", "score": 11, "dedup_count": 1, "label_rank": 11, "tags": { "waterway": "dam" } }, "geometry": { "type": "Point", "coordinates": [ 72.330351133193304, 24.853127317010124 ] } },
{ "type": "Feature", "properties": { "name": "(unnamed)", "kind": "Dam", "score": 11, "dedup_count": 1, "label_rank": 11, "tags": { "waterway": "dam" } }, "geometry": { "type": "Point", "coordinates": [ 72.398579812714786, 24.867815126899899 ] } },
{ "type": "Feature", "properties": { "name": "(unnamed)", "kind": "Dam", "score": 11, "dedup_count": 1, "label_rank": 11, "tags": { "waterway": "dam" } }, "geometry": { "type": "Point", "coordinates": [ 72.551601533926259, 24.885544872935164 ] } },
{ "type": "Feature", "properties": { "name": "(unnamed)", "kind": "Dam", "score": 11, "dedup_count": 1, "label_rank": 11, "tags": { "waterway": "dam" } }, "geometry": { "type": "Point", "coordinates": [ 72.545086444670602, 24.946840937579342 ] } },
{ "type": "Feature", "properties": { "name": "(unnamed)", "kind": "Dam", "score": 11, "dedup_count": 1, "label_rank": 11, "tags": { "waterway": "dam" } }, "geometry": { "type": "Point", "coordinates": [ 71.633536091966334, 24.95345894941212 ] } },
{ "type": "Feature", "properties": { "name": "(unnamed)", "kind": "Dam", "score": 11, "dedup_count": 1, "label_rank": 11, "tags": { "waterway": "dam" } }, "geometry": { "type": "Point", "coordinates": [ 72.432075816703446, 24.960337308381682 ] } },
{ "type": "Feature", "properties": { "name": "(unnamed)", "kind": "Dam", "score": 11, "dedup_count": 1, "label_rank": 11, "tags": { "source": "yahoo", "waterway": "dam" } }, "geometry": { "type": "Point", "coordinates": [ 71.3114805, 30.0000837 ] } },
{ "type": "Feature", "properties": { "name": "(unnamed)", "kind": "Dam", "score": 11, "dedup_count": 1, "label_rank": 11, "tags": { "waterway": "dam" } }, "geometry": { "type": "Point", "coordinates": [ 72.355206088348922, 32.798305031891381 ] } },
{ "type": "Feature", "properties": { "name": "(unnamed)", "kind": "Dam", "score": 11, "dedup_count": 1, "label_rank": 11, "tags": { "waterway": "dam" } }, "geometry": { "type": "Point", "coordinates": [ 72.092588869859483, 32.807885426490365 ] } },
{ "type": "Feature", "properties": { "name": "(unnamed)", "kind": "Dam", "score": 11, "dedup_count": 1, "label_rank": 11, "tags": { "waterway": "dam" } }, "geometry": { "type": "Point", "coordinates": [ 72.233134000000931, 32.815767950000939 ] } },
{ "type": "Feature", "properties": { "name": "(unnamed)", "kind": "Dam", "score": 11, "dedup_count": 1, "label_rank": 11, "tags": { "waterway": "dam" } }, "geometry": { "type": "Point", "coordinates": [ 72.274201092609928, 32.837612015220891 ] } },
{ "type": "Feature", "properties": { "name": "(unnamed)", "kind": "Dam", "score": 11, "dedup_count": 1, "label_rank": 11, "tags": { "waterway": "dam" } }, "geometry": { "type": "Point", "coordinates": [ 72.124332597770021, 32.843230046712186 ] } },
{ "type": "Feature", "properties": { "name": "(unnamed)", "kind": "Dam", "score": 11, "dedup_count": 1, "label_rank": 11, "tags": { "waterway": "dam" } }, "geometry": { "type": "Point", "coordinates": [ 71.7877806, 32.86887745 ] } },
{ "type": "Feature", "properties": { "name": "(unnamed)", "kind": "Dam", "score": 11, "dedup_count": 1, "label_rank": 11, "tags": { "waterway": "dam" } }, "geometry": { "type": "Point", "coordinates": [ 71.80205545, 32.8914336 ] } },
{ "type": "Feature", "properties": { "name": "(unnamed)", "kind": "Dam", "score": 11, "dedup_count": 1, "label_rank": 11, "tags": { "material": "earth", "waterway": "dam" } }, "geometry": { "type": "Point", "coordinates": [ 71.64819005, 32.92729075 ] } },
{ "type": "Feature", "properties": { "name": "(unnamed)", "kind": "Dam", "score": 11, "dedup_count": 1, "label_rank": 11, "tags": { "material": "soil", "waterway": "dam" } }, "geometry": { "type": "Point", "coordinates": [ 71.762058465600177, 32.965013455471841 ] } },
{ "type": "Feature", "properties": { "name": "(unnamed)", "kind": "Dam", "score": 11, "dedup_count": 1, "label_rank": 11, "tags": { "material": "soil", "waterway": "dam" } }, "geometry": { "type": "Point", "coordinates": [ 71.7780473, 32.9852777 ] } },
{ "type": "Feature", "properties": { "name": "(unnamed)", "kind": "Dam", "score": 11, "dedup_count": 1, "label_rank": 11, "tags": { "waterway": "dam" } }, "geometry": { "type": "Point", "coordinates": [ 71.192859910079761, 33.042007680845316 ] } },
{ "type": "Feature", "properties": { "name": "(unnamed)", "kind": "Dam", "score": 11, "dedup_count": 1, "label_rank": 11, "tags": { "waterway": "dam" } }, "geometry": { "type": "Point", "coordinates": [ 70.82842316231023, 33.121461291487236 ] } },
{ "type": "Feature", "properties": { "name": "(unnamed)", "kind": "Dam", "score": 11, "dedup_count": 1, "label_rank": 11, "tags": { "waterway": "dam" } }, "geometry": { "type": "Point", "coordinates": [ 71.28026895, 33.1770055 ] } },
{ "type": "Feature", "properties": { "name": "(unnamed)", "kind": "Dam", "score": 11, "dedup_count": 1, "label_rank": 11, "tags": { "material": "wood", "waterway": "dam" } }, "geometry": { "type": "Point", "coordinates": [ 71.05888095, 33.21068875 ] } },
{ "type": "Feature", "properties": { "name": "(unnamed)", "kind": "Dam", "score": 11, "dedup_count": 1, "label_rank": 11, "tags": { "waterway": "dam" } }, "geometry": { "type": "Point", "coordinates": [ 72.156112912924442, 33.261209713677822 ] } },
{ "type": "Feature", "properties": { "name": "(unnamed)", "kind": "Dam", "score": 11, "dedup_count": 1, "label_rank": 11, "tags": { "area": "yes", "waterway": "dam" } }, "geometry": { "type": "Point", "coordinates": [ 72.264482258109396, 33.28685656355637 ] } },
{ "type": "Feature", "properties": { "name": "(unnamed)", "kind": "Dam", "score": 11, "dedup_count": 1, "label_rank": 11, "tags": { "waterway": "dam" } }, "geometry": { "type": "Point", "coordinates": [ 72.490374743766679, 33.306453358576711 ] } },
{ "type": "Feature", "properties": { "name": "(unnamed)", "kind": "Dam", "score": 11, "dedup_count": 1, "label_rank": 11, "tags": { "waterway": "dam" } }, "geometry": { "type": "Point", "coordinates": [ 72.504900243679458, 33.356307076699828 ] } },
{ "type": "Feature", "properties": { "name": "(unnamed)", "kind": "Dam", "score": 11, "dedup_count": 1, "label_rank": 11, "tags": { "waterway": "dam" } }, "geometry": { "type": "Point", "coordinates": [ 72.547483313279798, 33.357823562769703 ] } },
{ "type": "Feature", "properties": { "name": "(unnamed)", "kind": "Dam", "score": 11, "dedup_count": 1, "label_rank": 11, "tags": { "waterway": "dam" } }, "geometry": { "type": "Point", "coordinates": [ 72.461925595770552, 33.37027985813409 ] } },
{ "type": "Feature", "properties": { "name": "(unnamed)", "kind": "Dam", "score": 11, "dedup_count": 1, "label_rank": 11, "tags": { "material": "gravel", "waterway": "dam" } }, "geometry": { "type": "Point", "coordinates": [ 72.01994745, 33.3957346 ] } },
{ "type": "Feature", "properties": { "name": "(unnamed)", "kind": "Dam", "score": 11, "dedup_count": 1, "label_rank": 11, "tags": { "waterway": "dam" } }, "geometry": { "type": "Point", "coordinates": [ 72.5379203, 33.40962275 ] } },
{ "type": "Feature", "properties": { "name": "(unnamed)", "kind": "Dam", "score": 11, "dedup_count": 1, "label_rank": 11, "tags": { "waterway": "dam" } }, "geometry": { "type": "Point", "coordinates": [ 72.244132209116756, 33.419217725338015 ] } },
{ "type": "Feature", "properties": { "name": "(unnamed)", "kind": "Dam", "score": 11, "dedup_count": 1, "label_rank": 11, "tags": { "waterway": "dam" } }, "geometry": { "type": "Point", "coordinates": [ 72.5211558, 33.5188864 ] } },
{ "type": "Feature", "properties": { "name": "(unnamed)", "kind": "Dam", "score": 11, "dedup_count": 1, "label_rank": 11, "tags": { "waterway": "dam" } }, "geometry": { "type": "Point", "coordinates": [ 72.002664449999983, 33.5531213 ] } },
{ "type": "Feature", "properties": { "name": "(unnamed)", "kind": "Dam", "score": 11, "dedup_count": 1, "label_rank": 11, "tags": { "area": "yes", "waterway": "dam" } }, "geometry": { "type": "Point", "coordinates": [ 72.345369461565028, 33.558965366567712 ] } },
{ "type": "Feature", "properties": { "name": "(unnamed)", "kind": "Dam", "score": 11, "dedup_count": 1, "label_rank": 11, "tags": { "waterway": "dam" } }, "geometry": { "type": "Point", "coordinates": [ 71.8470843, 33.5611059 ] } },
{ "type": "Feature", "properties": { "name": "(unnamed)", "kind": "Dam", "score": 11, "dedup_count": 1, "label_rank": 11, "tags": { "source": "DigitalGlobe-Premium", "waterway": "dam" } }, "geometry": { "type": "Point", "coordinates": [ 71.397408425051154, 33.569772699359497 ] } },
{ "type": "Feature", "properties": { "name": "(unnamed)", "kind": "Dam", "score": 11, "dedup_count": 1, "label_rank": 11, "tags": { "waterway": "dam" } }, "geometry": { "type": "Point", "coordinates": [ 71.866895188618585, 33.652497922322894 ] } },
{ "type": "Feature", "properties": { "name": "(unnamed)", "kind": "Dam", "score": 11, "dedup_count": 1, "label_rank": 11, "tags": { "waterway": "dam" } }, "geometry": { "type": "Point", "coordinates": [ 71.464058354551554, 33.829744606905656 ] } },
{ "type": "Feature", "properties": { "name": "(unnamed)", "kind": "Dam", "score": 11, "dedup_count": 1, "label_rank": 11, "tags": { "waterway": "dam" } }, "geometry": { "type": "Point", "coordinates": [ 71.610468903141651, 34.306076606755809 ] } },
{ "type": "Feature", "properties": { "name": "(unnamed)", "kind": "Dam", "score": 11, "dedup_count": 1, "label_rank": 11, "tags": { "area": "yes", "waterway": "dam" } }, "geometry": { "type": "Point", "coordinates": [ 71.569657926036882, 34.332909421701018 ] } },
{ "type": "Feature", "properties": { "name": "(unnamed)", "kind": "Dam", "score": 11, "dedup_count": 1, "label_rank": 11, "tags": { "waterway": "dam" } }, "geometry": { "type": "Point", "coordinates": [ 71.680938609256131, 34.431927322116238 ] } },
{ "type": "Feature", "properties": { "name": "(unnamed)", "kind": "Dam", "score": 11, "dedup_count": 1, "label_rank": 11, "tags": { "waterway": "dam" } }, "geometry": { "type": "Point", "coordinates": [ 71.483695100837224, 34.691088879564596 ] } },
{ "type": "Feature", "properties": { "name": "(unnamed)", "kind": "Dam", "score": 11, "dedup_count": 1, "label_rank": 11, "tags": { "waterway": "dam" } }, "geometry": { "type": "Point", "coordinates": [ 71.761469440037246, 37.614905619975126 ] } },
{ "type": "Feature", "properties": { "name": "(unnamed)", "kind": "Dam", "score": 11, "dedup_count": 1, "label_rank": 11, "tags": { "waterway": "dam" } }, "geometry": { "type": "Point", "coordinates": [ 72.851044449999975, 23.4020587 ] } },
{ "type": "Feature", "properties": { "name": "(unnamed)", "kind": "Dam", "score": 11, "dedup_count": 1, "label_rank": 11, "tags": { "waterway": "dam" } }, "geometry": { "type": "Point", "coordinates": [ 72.810175218229304, 23.447299533477128 ] } },
{ "type": "Feature", "properties": { "name": "(unnamed)", "kind": "Dam", "score": 11, "dedup_count": 1, "label_rank": 11, "tags": { "waterway": "dam" } }, "geometry": { "type": "Point", "coordinates": [ 73.031578837034402, 23.68790116429717 ] } },
{ "type": "Feature", "properties": { "name": "(unnamed)", "kind": "Dam", "score": 11, "dedup_count": 1, "label_rank": 11, "tags": { "waterway": "dam" } }, "geometry": { "type": "Point", "coordinates": [ 73.052569748816552, 23.703597114131497 ] } },
{ "type": "Feature", "properties": { "name": "(unnamed)", "kind": "Dam", "score": 11, "dedup_count": 1, "label_rank": 11, "tags": { "waterway": "dam" } }, "geometry": { "type": "Point", "coordinates": [ 72.844839701355681, 24.009362000946243 ] } },
{ "type": "Feature", "properties": { "name": "(unnamed)", "kind": "Dam", "score": 11, "dedup_count": 1, "label_rank": 11, "tags": { "waterway": "dam" } }, "geometry": { "type": "Point", "coordinates": [ 72.627186748850377, 24.03702448082619 ] } },
{ "type": "Feature", "properties": { "name": "(unnamed)", "kind": "Dam", "score": 11, "dedup_count": 1, "label_rank": 11, "tags": { "waterway": "dam" } }, "geometry": { "type": "Point", "coordinates": [ 73.102622009500763, 24.090692260665122 ] } },
{ "type": "Feature", "properties": { "name": "(unnamed)", "kind": "Dam", "score": 11, "dedup_count": 1, "label_rank": 11, "tags": { "waterway": "dam" } }, "geometry": { "type": "Point", "coordinates": [ 72.782019045339666, 24.101455296469116 ] } },
{ "type": "Feature", "properties": { "name": "(unnamed)", "kind": "Dam", "score": 11, "dedup_count": 1, "label_rank": 11, "tags": { "waterway": "dam" } }, "geometry": { "type": "Point", "coordinates": [ 72.636799196546107, 24.23028716593425 ] } },
{ "type": "Feature", "properties": { "name": "(unnamed)", "kind": "Dam", "score": 11, "dedup_count": 1, "label_rank": 11, "tags": { "waterway": "dam" } }, "geometry": { "type": "Point", "coordinates": [ 72.616639741249045, 24.285806605903758 ] } },
{ "type": "Feature", "properties": { "name": "(unnamed)", "kind": "Dam", "score": 11, "dedup_count": 1, "label_rank": 11, "tags": { "waterway": "dam" } }, "geometry": { "type": "Point", "coordinates": [ 72.783843187957416, 24.294720245542006 ] } },
{ "type": "Feature", "properties": { "name": "(unnamed)", "kind": "Dam", "score": 11, "dedup_count": 1, "label_rank": 11, "tags": { "waterway": "dam" } }, "geometry": { "type": "Point", "coordinates": [ 72.727129308307411, 24.402502802483347 ] } },
{ "type": "Feature", "properties": { "name": "(unnamed)", "kind": "Dam", "score": 11, "dedup_count": 1, "label_rank": 11, "tags": { "waterway": "dam" } }, "geometry": { "type": "Point", "coordinates": [ 72.592698191398725, 24.513773653712331 ] } },
{ "type": "Feature", "properties": { "name": "(unnamed)", "kind": "Dam", "score": 11, "dedup_count": 1, "label_rank": 11, "tags": { "waterway": "dam" } }, "geometry": { "type": "Point", "coordinates": [ 72.593920940090214, 24.558865235753707 ] } },
{ "type": "Feature", "properties": { "name": "(unnamed)", "kind": "Dam", "score": 11, "dedup_count": 1, "label_rank": 11, "tags": { "waterway": "dam" } }, "geometry": { "type": "Point", "coordinates": [ 72.721044174869377, 24.576421540115525 ] } },
{ "type": "Feature", "properties": { "name": "(unnamed)", "kind": "Dam", "score": 11, "dedup_count": 1, "label_rank": 11, "tags": { "waterway": "dam" } }, "geometry": { "type": "Point", "coordinates": [ 72.964888343365104, 24.645354551994036 ] } },
{ "type": "Feature", "properties": { "name": "(unnamed)", "kind": "Dam", "score": 11, "dedup_count": 1, "label_rank": 11, "tags": { "waterway": "dam" } }, "geometry": { "type": "Point", "coordinates": [ 72.613492311583443, 24.649682807456539 ] } },
{ "type": "Feature", "properties": { "name": "(unnamed)", "kind": "Dam", "score": 11, "dedup_count": 1, "label_rank": 11, "tags": { "waterway": "dam" } }, "geometry": { "type": "Point", "coordinates": [ 72.871377894274502, 24.660093841258899 ] } },
{ "type": "Feature", "properties": { "name": "(unnamed)", "kind": "Dam", "score": 11, "dedup_count": 1, "label_rank": 11, "tags": { "waterway": "dam" } }, "geometry": { "type": "Point", "coordinates": [ 72.709157072728757, 24.691723312880285 ] } },
{ "type": "Feature", "properties": { "name": "(unnamed)", "kind": "Dam", "score": 11, "dedup_count": 1, "label_rank": 11, "tags": { "waterway": "dam" } }, "geometry": { "type": "Point", "coordinates": [ 72.934875232293749, 24.69259957689556 ] } },
{ "type": "Feature", "properties": { "name": "(unnamed)", "kind": "Dam", "score": 11, "dedup_count": 1, "label_rank": 11, "tags": { "waterway": "dam" } }, "geometry": { "type": "Point", "coordinates": [ 72.73887233502515, 24.704087106645154 ] } },
{ "type": "Feature", "properties": { "name": "(unnamed)", "kind": "Dam", "score": 11, "dedup_count": 1, "label_rank": 11, "tags": { "waterway": "dam" } }, "geometry": { "type": "Point", "coordinates": [ 72.866651522770113, 24.729802270337569 ] } },
{ "type": "Feature", "properties": { "name": "(unnamed)", "kind": "Dam", "score": 11, "dedup_count": 1, "label_rank": 11, "tags": { "waterway": "dam" } }, "geometry": { "type": "Point", "coordinates": [ 72.589407279664087, 24.815384154100698 ] } },
{ "type": "Feature", "properties": { "name": "(unnamed)", "kind": "Dam", "score": 11, "dedup_count": 1, "label_rank": 11, "tags": { "waterway": "dam" } }, "geometry": { "type": "Point", "coordinates": [ 72.654504253864999, 24.845055114479699 ] } },
{ "type": "Feature", "properties": { "name": "(unnamed)", "kind": "Dam", "score": 11, "dedup_count": 1, "label_rank": 11, "tags": { "waterway": "dam" } }, "geometry": { "type": "Point", "coordinates": [ 72.678044956164044, 24.851712794919425 ] } },
{ "type": "Feature", "properties": { "name": "(unnamed)", "kind": "Dam", "score": 11, "dedup_count": 1, "label_rank": 11, "tags": { "waterway": "dam" } }, "geometry": { "type": "Point", "coordinates": [ 73.090756661411959, 24.881252439990906 ] } },
{ "type": "Feature", "properties": { "name": "(unnamed)", "kind": "Dam", "score": 11, "dedup_count": 1, "label_rank": 11, "tags": { "waterway": "dam" } }, "geometry": { "type": "Point", "coordinates": [ 72.714622572215049, 24.881791223274899 ] } },
{ "type": "Feature", "properties": { "name": "(unnamed)", "kind": "Dam", "score": 11, "dedup_count": 1, "label_rank": 11, "tags": { "waterway": "dam" } }, "geometry": { "type": "Point", "coordinates": [ 72.658260249817801, 24.88317051737021 ] } },
{ "type": "Feature", "properties": { "name": "(unnamed)", "kind": "Dam", "score": 11, "dedup_count": 1, "label_rank": 11, "tags": { "waterway": "dam" } }, "geometry": { "type": "Point", "coordinates": [ 73.048418798242722, 24.909678661298368 ] } },
{ "type": "Feature", "properties": { "name": "(unnamed)", "kind": "Dam", "score": 11, "dedup_count": 1, "label_rank": 11, "tags": { "waterway": "dam" } }, "geometry": { "type": "Point", "coordinates": [ 72.803912941683535, 24.92393144978881 ] } },
{ "type": "Feature", "properties": { "name": "(unnamed)", "kind": "Dam", "score": 11, "dedup_count": 1, "label_rank": 11, "tags": { "waterway": "dam" } }, "geometry": { "type": "Point", "coordinates": [ 72.653441397145656, 24.928148259823452 ] } },
{ "type": "Feature", "properties": { "name": "(unnamed)", "kind": "Dam", "score": 11, "dedup_count": 1, "label_rank": 11, "tags": { "waterway": "dam" } }, "geometry": { "type": "Point", "coordinates": [ 72.700062381307092, 24.948073828143801 ] } },
{ "type": "Feature", "properties": { "name": "(unnamed)", "kind": "Dam", "score": 11, "dedup_count": 1, "label_rank": 11, "tags": { "waterway": "dam" } }, "geometry": { "type": "Point", "coordinates": [ 72.667022509298249, 24.950495851372331 ] } },
{ "type": "Feature", "properties": { "name": "(unnamed)", "kind": "Dam", "score": 11, "dedup_count": 1, "label_rank": 11, "tags": { "waterway": "dam" } }, "geometry": { "type": "Point", "coordinates": [ 72.662372525069586, 24.968788158375393 ] } },
{ "type": "Feature", "properties": { "name": "(unnamed)", "kind": "Dam", "score": 11, "dedup_count": 1, "label_rank": 11, "tags": { "waterway": "dam" } }, "geometry": { "type": "Point", "coordinates": [ 72.664641227196526, 25.00780823586561 ] } },
{ "type": "Feature", "properties": { "name": "(unnamed)", "kind": "Dam", "score": 11, "dedup_count": 1, "label_rank": 11, "tags": { "waterway": "dam" } }, "geometry": { "type": "Point", "coordinates": [ 72.80882615, 25.02508475 ] } },
{ "type": "Feature", "properties": { "name": "(unnamed)", "kind": "Dam", "score": 11, "dedup_count": 1, "label_rank": 11, "tags": { "waterway": "dam" } }, "geometry": { "type": "Point", "coordinates": [ 73.11106093871669, 25.576019431428549 ] } },
{ "type": "Feature", "properties": { "name": "(unnamed)", "kind": "Dam", "score": 11, "dedup_count": 1, "label_rank": 11, "tags": { "waterway": "dam" } }, "geometry": { "type": "Point", "coordinates": [ 72.891784067166768, 25.706679651276133 ] } },
{ "type": "Feature", "properties": { "name": "(unnamed)", "kind": "Dam", "score": 11, "dedup_count": 1, "label_rank": 11, "tags": { "waterway": "dam" } }, "geometry": { "type": "Point", "coordinates": [ 72.996954326718324, 25.88637122621547 ] } },
{ "type": "Feature", "properties": { "name": "(unnamed)", "kind": "Dam", "score": 11, "dedup_count": 1, "label_rank": 11, "tags": { "waterway": "dam" } }, "geometry": { "type": "Point", "coordinates": [ 72.97137375, 26.3001575 ] } },
{ "type": "Feature", "properties": { "name": "(unnamed)", "kind": "Dam", "score": 11, "dedup_count": 1, "label_rank": 11, "tags": { "area": "yes", "source": "GPS", "waterway": "dam" } }, "geometry": { "type": "Point", "coordinates": [ 73.022385042028716, 26.334038303964395 ] } },
{ "type": "Feature", "properties": { "name": "(unnamed)", "kind": "Dam", "score": 11, "dedup_count": 1, "label_rank": 11, "tags": { "waterway": "dam" } }, "geometry": { "type": "Point", "coordinates": [ 72.9709573, 28.0817123 ] } },
{ "type": "Feature", "properties": { "name": "(unnamed)", "kind": "Dam", "score": 11, "dedup_count": 1, "label_rank": 11, "tags": { "waterway": "dam" } }, "geometry": { "type": "Point", "coordinates": [ 72.9777825, 28.0972295 ] } },
{ "type": "Feature", "properties": { "name": "(unnamed)", "kind": "Dam", "score": 11, "dedup_count": 1, "label_rank": 11, "tags": { "waterway": "dam" } }, "geometry": { "type": "Point", "coordinates": [ 73.0366799, 28.5790878 ] } },
{ "type": "Feature", "properties": { "name": "(unnamed)", "kind": "Dam", "score": 11, "dedup_count": 1, "label_rank": 11, "tags": { "waterway": "dam" } }, "geometry": { "type": "Point", "coordinates": [ 72.674840293705216, 32.775265899518558 ] } },
{ "type": "Feature", "properties": { "name": "(unnamed)", "kind": "Dam", "score": 11, "dedup_count": 1, "label_rank": 11, "tags": { "waterway": "dam" } }, "geometry": { "type": "Point", "coordinates": [ 72.6882817, 32.798006 ] } },
{ "type": "Feature", "properties": { "name": "(unnamed)", "kind": "Dam", "score": 11, "dedup_count": 1, "label_rank": 11, "tags": { "waterway": "dam" } }, "geometry": { "type": "Point", "coordinates": [ 73.03851673478546, 32.815664254889839 ] } },
{ "type": "Feature", "properties": { "name": "(unnamed)", "kind": "Dam", "score": 11, "dedup_count": 1, "label_rank": 11, "tags": { "waterway": "dam" } }, "geometry": { "type": "Point", "coordinates": [ 72.613374099999987, 32.8364757 ] } },
{ "type": "Feature", "properties": { "name": "(unnamed)", "kind": "Dam", "score": 11, "dedup_count": 1, "label_rank": 11, "tags": { "waterway": "dam" } }, "geometry": { "type": "Point", "coordinates": [ 73.054161775397844, 32.924558514751304 ] } },
{ "type": "Feature", "properties": { "name": "(unnamed)", "kind": "Dam", "score": 11, "dedup_count": 1, "label_rank": 11, "tags": { "waterway": "dam" } }, "geometry": { "type": "Point", "coordinates": [ 72.68665535, 32.976632 ] } },
{ "type": "Feature", "properties": { "name": "(unnamed)", "kind": "Dam", "score": 11, "dedup_count": 1, "label_rank": 11, "tags": { "waterway": "dam" } }, "geometry": { "type": "Point", "coordinates": [ 72.833944736073164, 33.170806526902346 ] } },
{ "type": "Feature", "properties": { "name": "(unnamed)", "kind": "Dam", "score": 11, "dedup_count": 1, "label_rank": 11, "tags": { "waterway": "dam" } }, "geometry": { "type": "Point", "coordinates": [ 72.646019706492567, 33.442883824635388 ] } },
{ "type": "Feature", "properties": { "name": "(unnamed)", "kind": "Dam", "score": 11, "dedup_count": 1, "label_rank": 11, "tags": { "waterway": "dam" } }, "geometry": { "type": "Point", "coordinates": [ 72.970841827697939, 33.446176449445318 ] } },
{ "type": "Feature", "properties": { "name": "(unnamed)", "kind": "Dam", "score": 11, "dedup_count": 1, "label_rank": 11, "tags": { "waterway": "dam" } }, "geometry": { "type": "Point", "coordinates": [ 72.683075672358058, 33.456132124495547 ] } },
{ "type": "Feature", "properties": { "name": "(unnamed)", "kind": "Dam", "score": 11, "dedup_count": 1, "label_rank": 11, "tags": { "waterway": "dam" } }, "geometry": { "type": "Point", "coordinates": [ 72.8380549, 33.45766975 ] } },
{ "type": "Feature", "properties": { "name": "(unnamed)", "kind": "Dam", "score": 11, "dedup_count": 1, "label_rank": 11, "tags": { "waterway": "dam" } }, "geometry": { "type": "Point", "coordinates": [ 72.880921853413838, 33.459313699477185 ] } },
{ "type": "Feature", "properties": { "name": "(unnamed)", "kind": "Dam", "score": 11, "dedup_count": 1, "label_rank": 11, "tags": { "waterway": "dam" } }, "geometry": { "type": "Point", "coordinates": [ 72.734952542063851, 33.460536089315809 ] } },
{ "type": "Feature", "properties": { "name": "(unnamed)", "kind": "Dam", "score": 11, "dedup_count": 1, "label_rank": 11, "tags": { "waterway": "dam" } }, "geometry": { "type": "Point", "coordinates": [ 72.856085137657445, 33.557033766242768 ] } },
{ "type": "Feature", "properties": { "name": "(unnamed)", "kind": "Dam", "score": 11, "dedup_count": 1, "label_rank": 11, "tags": { "waterway": "dam" } }, "geometry": { "type": "Point", "coordinates": [ 72.883966794832872, 33.568332817382739 ] } },
{ "type": "Feature", "properties": { "name": "(unnamed)", "kind": "Dam", "score": 11, "dedup_count": 1, "label_rank": 11, "tags": { "waterway": "dam" } }, "geometry": { "type": "Point", "coordinates": [ 72.639962482138799, 33.611879760628639 ] } },
{ "type": "Feature", "properties": { "name": "(unnamed)", "kind": "Dam", "score": 11, "dedup_count": 1, "label_rank": 11, "tags": { "material": "concrete", "waterway": "dam" } }, "geometry": { "type": "Point", "coordinates": [ 72.67475788495976, 33.619220629580852 ] } },
{ "type": "Feature", "properties": { "name": "(unnamed)", "kind": "Dam", "score": 11, "dedup_count": 1, "label_rank": 11, "tags": { "waterway": "dam" } }, "geometry": { "type": "Point", "coordinates": [ 72.992411196994624, 33.63951479740593 ] } },
{ "type": "Feature", "properties": { "name": "(unnamed)", "kind": "Dam", "score": 11, "dedup_count": 1, "label_rank": 11, "tags": { "waterway": "dam" } }, "geometry": { "type": "Point", "coordinates": [ 72.861626174881039, 33.659460760658085 ] } },
{ "type": "Feature", "properties": { "name": "(unnamed)", "kind": "Dam", "score": 11, "dedup_count": 1, "label_rank": 11, "tags": { "waterway": "dam" } }, "geometry": { "type": "Point", "coordinates": [ 72.68305885, 33.98982165 ] } },
{ "type": "Feature", "properties": { "name": "(unnamed)", "kind": "Dam", "score": 11, "dedup_count": 1, "label_rank": 11, "tags": { "waterway": "dam" } }, "geometry": { "type": "Point", "coordinates": [ 72.585339728117646, 34.194631078620247 ] } },
{ "type": "Feature", "properties": { "name": "(unnamed)", "kind": "Dam", "score": 11, "dedup_count": 1, "label_rank": 11, "tags": { "waterway": "dam" } }, "geometry": { "type": "Point", "coordinates": [ 73.7167007, 23.05425465 ] } },
{ "type": "Feature", "properties": { "name": "(unnamed)", "kind": "Dam", "score": 11, "dedup_count": 1, "label_rank": 11, "tags": { "waterway": "dam" } }, "geometry": { "type": "Point", "coordinates": [ 73.80872725, 23.3084044 ] } },
{ "type": "Feature", "properties": { "name": "(unnamed)", "kind": "Dam", "score": 11, "dedup_count": 1, "label_rank": 11, "tags": { "waterway": "dam" } }, "geometry": { "type": "Point", "coordinates": [ 73.809550287751918, 23.481091931669717 ] } },
{ "type": "Feature", "properties": { "name": "(unnamed)", "kind": "Dam", "score": 11, "dedup_count": 1, "label_rank": 11, "tags": { "waterway": "dam" } }, "geometry": { "type": "Point", "coordinates": [ 73.593324642109877, 23.575626790612905 ] } },
{ "type": "Feature", "properties": { "name": "(unnamed)", "kind": "Dam", "score": 11, "dedup_count": 1, "label_rank": 11, "tags": { "waterway": "dam" } }, "geometry": { "type": "Point", "coordinates": [ 73.740740461601789, 23.649211844329312 ] } },
{ "type": "Feature", "properties": { "name": "(unnamed)", "kind": "Dam", "score": 11, "dedup_count": 1, "label_rank": 11, "tags": { "waterway": "dam" } }, "geometry": { "type": "Point", "coordinates": [ 73.390662597249673, 23.660072872642232 ] } },
{ "type": "Feature", "properties": { "name": "(unnamed)", "kind": "Dam", "score": 11, "dedup_count": 1, "label_rank": 11, "tags": { "waterway": "dam" } }, "geometry": { "type": "Point", "coordinates": [ 73.7386183, 23.67499905 ] } },
{ "type": "Feature", "properties": { "name": "(unnamed)", "kind": "Dam", "score": 11, "dedup_count": 1, "label_rank": 11, "tags": { "waterway": "dam" } }, "geometry": { "type": "Point", "coordinates": [ 73.390471138552343, 23.682919507761476 ] } },
{ "type": "Feature", "properties": { "name": "(unnamed)", "kind": "Dam", "score": 11, "dedup_count": 1, "label_rank": 11, "tags": { "waterway": "dam" } }, "geometry": { "type": "Point", "coordinates": [ 73.185982831098499, 23.699757105474436 ] } },
{ "type": "Feature", "properties": { "name": "(unnamed)", "kind": "Dam", "score": 11, "dedup_count": 1, "label_rank": 11, "tags": { "waterway": "dam" } }, "geometry": { "type": "Point", "coordinates": [ 73.54738475, 23.71056365 ] } },
{ "type": "Feature", "properties": { "name": "(unnamed)", "kind": "Dam", "score": 11, "dedup_count": 1, "label_rank": 11, "tags": { "waterway": "dam" } }, "geometry": { "type": "Point", "coordinates": [ 73.564903927000358, 23.981985179608046 ] } },
{ "type": "Feature", "properties": { "name": "(unnamed)", "kind": "Dam", "score": 11, "dedup_count": 1, "label_rank": 11, "tags": { "waterway": "dam" } }, "geometry": { "type": "Point", "coordinates": [ 73.774838622027133, 24.018868212477425 ] } },
{ "type": "Feature", "properties": { "name": "(unnamed)", "kind": "Dam", "score": 11, "dedup_count": 1, "label_rank": 11, "tags": { "waterway": "dam" } }, "geometry": { "type": "Point", "coordinates": [ 73.172455447456173, 24.031571949390674 ] } },
{ "type": "Feature", "properties": { "name": "(unnamed)", "kind": "Dam", "score": 11, "dedup_count": 1, "label_rank": 11, "tags": { "waterway": "dam" } }, "geometry": { "type": "Point", "coordinates": [ 73.823352779148919, 24.039289761554095 ] } },
{ "type": "Feature", "properties": { "name": "(unnamed)", "kind": "Dam", "score": 11, "dedup_count": 1, "label_rank": 11, "tags": { "waterway": "dam" } }, "geometry": { "type": "Point", "coordinates": [ 73.774203519617316, 24.091270625970854 ] } },
{ "type": "Feature", "properties": { "name": "(unnamed)", "kind": "Dam", "score": 11, "dedup_count": 1, "label_rank": 11, "tags": { "waterway": "dam" } }, "geometry": { "type": "Point", "coordinates": [ 73.645052807220893, 24.110828127151088 ] } },
{ "type": "Feature", "properties": { "name": "(unnamed)", "kind": "Dam", "score": 11, "dedup_count": 1, "label_rank": 11, "tags": { "waterway": "dam" } }, "geometry": { "type": "Point", "coordinates": [ 73.71653541750473, 24.123494719974111 ] } },
{ "type": "Feature", "properties": { "name": "(unnamed)", "kind": "Dam", "score": 11, "dedup_count": 1, "label_rank": 11, "tags": { "waterway": "dam" } }, "geometry": { "type": "Point", "coordinates": [ 73.622634938645717, 24.148751354782792 ] } },
{ "type": "Feature", "properties": { "name": "(unnamed)", "kind": "Dam", "score": 11, "dedup_count": 1, "label_rank": 11, "tags": { "waterway": "dam" } }, "geometry": { "type": "Point", "coordinates": [ 73.680495119152312, 24.187198000586594 ] } },
{ "type": "Feature", "properties": { "name": "(unnamed)", "kind": "Dam", "score": 11, "dedup_count": 1, "label_rank": 11, "tags": { "waterway": "dam" } }, "geometry": { "type": "Point", "coordinates": [ 73.62773375, 24.22567415 ] } },
{ "type": "Feature", "properties": { "name": "(unnamed)", "kind": "Dam", "score": 11, "dedup_count": 1, "label_rank": 11, "tags": { "waterway": "dam" } }, "geometry": { "type": "Point", "coordinates": [ 73.799161234226389, 24.246119184302053 ] } },
{ "type": "Feature", "properties": { "name": "(unnamed)", "kind": "Dam", "score": 11, "dedup_count": 1, "label_rank": 11, "tags": { "waterway": "dam" } }, "geometry": { "type": "Point", "coordinates": [ 73.147804149999985, 24.2518703 ] } },
{ "type": "Feature", "properties": { "name": "(unnamed)", "kind": "Dam", "score": 11, "dedup_count": 1, "label_rank": 11, "tags": { "waterway": "dam" } }, "geometry": { "type": "Point", "coordinates": [ 73.66648897450024, 24.284807151606824 ] } },
{ "type": "Feature", "properties": { "name": "(unnamed)", "kind": "Dam", "score": 11, "dedup_count": 1, "label_rank": 11, "tags": { "waterway": "dam" } }, "geometry": { "type": "Point", "coordinates": [ 73.667089100145361, 24.328213398132569 ] } },
{ "type": "Feature", "properties": { "name": "(unnamed)", "kind": "Dam", "score": 11, "dedup_count": 1, "label_rank": 11, "tags": { "waterway": "dam" } }, "geometry": { "type": "Point", "coordinates": [ 73.8104385, 24.3319059 ] } },
{ "type": "Feature", "properties": { "name": "(unnamed)", "kind": "Dam", "score": 11, "dedup_count": 1, "label_rank": 11, "tags": { "waterway": "dam" } }, "geometry": { "type": "Point", "coordinates": [ 73.691638560711993, 24.370235459907537 ] } },
{ "type": "Feature", "properties": { "name": "(unnamed)", "kind": "Dam", "score": 11, "dedup_count": 1, "label_rank": 11, "tags": { "waterway": "dam" } }, "geometry": { "type": "Point", "coordinates": [ 73.629204451502787, 24.379722449332039 ] } },
{ "type": "Feature", "properties": { "name": "(unnamed)", "kind": "Dam", "score": 11, "dedup_count": 1, "label_rank": 11, "tags": { "waterway": "dam" } }, "geometry": { "type": "Point", "coordinates": [ 73.560791455373234, 24.467385098360001 ] } },
{ "type": "Feature", "properties": { "name": "(unnamed)", "kind": "Dam", "score": 11, "dedup_count": 1, "label_rank": 11, "tags": { "waterway": "dam" } }, "geometry": { "type": "Point", "coordinates": [ 73.608537504639798, 24.473500091758876 ] } },
{ "type": "Feature", "properties": { "name": "(unnamed)", "kind": "Dam", "score": 11, "dedup_count": 1, "label_rank": 11, "tags": { "waterway": "dam" } }, "geometry": { "type": "Point", "coordinates": [ 73.623525232439391, 24.537448180595753 ] } },
{ "type": "Feature", "properties": { "name": "(unnamed)", "kind": "Dam", "score": 11, "dedup_count": 1, "label_rank": 11, "tags": { "waterway": "dam" } }, "geometry": { "type": "Point", "coordinates": [ 73.5033095, 24.5481089 ] } },
{ "type": "Feature", "properties": { "name": "(unnamed)", "kind": "Dam", "score": 11, "dedup_count": 1, "label_rank": 11, "tags": { "waterway": "dam" } }, "geometry": { "type": "Point", "coordinates": [ 73.19436195, 24.54949465 ] } },
{ "type": "Feature", "properties": { "name": "(unnamed)", "kind": "Dam", "score": 11, "dedup_count": 1, "label_rank": 11, "tags": { "waterway": "dam" } }, "geometry": { "type": "Point", "coordinates": [ 73.523876653830186, 24.563000336594961 ] } },
{ "type": "Feature", "properties": { "name": "(unnamed)", "kind": "Dam", "score": 11, "dedup_count": 1, "label_rank": 11, "tags": { "waterway": "dam" } }, "geometry": { "type": "Point", "coordinates": [ 73.488663253067116, 24.565938822087425 ] } },
{ "type": "Feature", "properties": { "name": "(unnamed)", "kind": "Dam", "score": 11, "dedup_count": 1, "label_rank": 11, "tags": { "waterway": "dam" } }, "geometry": { "type": "Point", "coordinates": [ 73.59897865, 24.5821927 ] } },
{ "type": "Feature", "properties": { "name": "(unnamed)", "kind": "Dam", "score": 11, "dedup_count": 1, "label_rank": 11, "tags": { "waterway": "dam" } }, "geometry": { "type": "Point", "coordinates": [ 73.685203450597044, 24.591963290222097 ] } },
{ "type": "Feature", "properties": { "name": "(unnamed)", "kind": "Dam", "score": 11, "dedup_count": 1, "label_rank": 11, "tags": { "waterway": "dam" } }, "geometry": { "type": "Point", "coordinates": [ 73.625537211933903, 24.618448458780815 ] } },
{ "type": "Feature", "properties": { "name": "(unnamed)", "kind": "Dam", "score": 11, "dedup_count": 1, "label_rank": 11, "tags": { "waterway": "dam" } }, "geometry": { "type": "Point", "coordinates": [ 73.606847839484701, 24.680609689026905 ] } },
{ "type": "Feature", "properties": { "name": "(unnamed)", "kind": "Dam", "score": 11, "dedup_count": 1, "label_rank": 11, "tags": { "waterway": "dam" } }, "geometry": { "type": "Point", "coordinates": [ 73.2242739, 24.69918835 ] } },
{ "type": "Feature", "properties": { "name": "(unnamed)", "kind": "Dam", "score": 11, "dedup_count": 1, "label_rank": 11, "tags": { "waterway": "dam" } }, "geometry": { "type": "Point", "coordinates": [ 73.581021494787819, 24.711426415813008 ] } },
{ "type": "Feature", "properties": { "name": "(unnamed)", "kind": "Dam", "score": 11, "dedup_count": 1, "label_rank": 11, "tags": { "waterway": "dam" } }, "geometry": { "type": "Point", "coordinates": [ 73.196385342819326, 24.720868817447187 ] } },
{ "type": "Feature", "properties": { "name": "(unnamed)", "kind": "Dam", "score": 11, "dedup_count": 1, "label_rank": 11, "tags": { "waterway": "dam" } }, "geometry": { "type": "Point", "coordinates": [ 73.781341974946756, 24.923944036646432 ] } },
{ "type": "Feature", "properties": { "name": "(unnamed)", "kind": "Dam", "score": 11, "dedup_count": 1, "label_rank": 11, "tags": { "waterway": "dam" } }, "geometry": { "type": "Point", "coordinates": [ 73.542055295045316, 24.934624101474139 ] } },
{ "type": "Feature", "properties": { "name": "(unnamed)", "kind": "Dam", "score": 11, "dedup_count": 1, "label_rank": 11, "tags": { "waterway": "dam" } }, "geometry": { "type": "Point", "coordinates": [ 73.539521327670386, 24.969192324746306 ] } },
{ "type": "Feature", "properties": { "name": "(unnamed)", "kind": "Dam", "score": 11, "dedup_count": 1, "label_rank": 11, "tags": { "waterway": "dam" } }, "geometry": { "type": "Point", "coordinates": [ 73.207279346405315, 24.976372751405478 ] } },
{ "type": "Feature", "properties": { "name": "(unnamed)", "kind": "Dam", "score": 11, "dedup_count": 1, "label_rank": 11, "tags": { "waterway": "dam" } }, "geometry": { "type": "Point", "coordinates": [ 73.435348354095453, 24.995359908404094 ] } },
{ "type": "Feature", "properties": { "name": "(unnamed)", "kind": "Dam", "score": 11, "dedup_count": 1, "label_rank": 11, "tags": { "waterway": "dam" } }, "geometry": { "type": "Point", "coordinates": [ 73.564350298661793, 24.999832146020754 ] } },
{ "type": "Feature", "properties": { "name": "(unnamed)", "kind": "Dam", "score": 11, "dedup_count": 1, "label_rank": 11, "tags": { "waterway": "dam" } }, "geometry": { "type": "Point", "coordinates": [ 73.643606752021455, 25.012161494245664 ] } },
{ "type": "Feature", "properties": { "name": "(unnamed)", "kind": "Dam", "score": 11, "dedup_count": 1, "label_rank": 11, "tags": { "waterway": "dam" } }, "geometry": { "type": "Point", "coordinates": [ 73.7246322, 25.0280317 ] } },
{ "type": "Feature", "properties": { "name": "(unnamed)", "kind": "Dam", "score": 11, "dedup_count": 1, "label_rank": 11, "tags": { "waterway": "dam" } }, "geometry": { "type": "Point", "coordinates": [ 73.130013100308076, 25.047727199553137 ] } },
{ "type": "Feature", "properties": { "name": "(unnamed)", "kind": "Dam", "score": 11, "dedup_count": 1, "label_rank": 11, "tags": { "waterway": "dam" } }, "geometry": { "type": "Point", "coordinates": [ 73.147683678077613, 25.074306058332045 ] } },
{ "type": "Feature", "properties": { "name": "(unnamed)", "kind": "Dam", "score": 11, "dedup_count": 1, "label_rank": 11, "tags": { "waterway": "dam" } }, "geometry": { "type": "Point", "coordinates": [ 73.144818849443851, 25.092605453772524 ] } },
{ "type": "Feature", "properties": { "name": "(unnamed)", "kind": "Dam", "score": 11, "dedup_count": 1, "label_rank": 11, "tags": { "waterway": "dam" } }, "geometry": { "type": "Point", "coordinates": [ 73.39479265, 25.1139105 ] } },
{ "type": "Feature", "properties": { "name": "(unnamed)", "kind": "Dam", "score": 11, "dedup_count": 1, "label_rank": 11, "tags": { "area": "yes", "material": "concrete", "waterway": "dam" } }, "geometry": { "type": "Point", "coordinates": [ 73.59387573816322, 25.120588333558221 ] } },
{ "type": "Feature", "properties": { "name": "(unnamed)", "kind": "Dam", "score": 11, "dedup_count": 1, "label_rank": 11, "tags": { "waterway": "dam" } }, "geometry": { "type": "Point", "coordinates": [ 73.58456565, 25.1535797 ] } },
{ "type": "Feature", "properties": { "name": "(unnamed)", "kind": "Dam", "score": 11, "dedup_count": 1, "label_rank": 11, "tags": { "waterway": "dam" } }, "geometry": { "type": "Point", "coordinates": [ 73.477049403959938, 25.155204147888259 ] } },
{ "type": "Feature", "properties": { "name": "(unnamed)", "kind": "Dam", "score": 11, "dedup_count": 1, "label_rank": 11, "tags": { "waterway": "dam" } }, "geometry": { "type": "Point", "coordinates": [ 73.51665965199922, 25.182432750993552 ] } },
{ "type": "Feature", "properties": { "name": "(unnamed)", "kind": "Dam", "score": 11, "dedup_count": 1, "label_rank": 11, "tags": { "waterway": "dam" } }, "geometry": { "type": "Point", "coordinates": [ 73.466365347820528, 25.189743287275068 ] } },
{ "type": "Feature", "properties": { "name": "(unnamed)", "kind": "Dam", "score": 11, "dedup_count": 1, "label_rank": 11, "tags": { "waterway": "dam" } }, "geometry": { "type": "Point", "coordinates": [ 73.5762001, 25.19841335 ] } },
{ "type": "Feature", "properties": { "name": "(unnamed)", "kind": "Dam", "score": 11, "dedup_count": 1, "label_rank": 11, "tags": { "waterway": "dam" } }, "geometry": { "type": "Point", "coordinates": [ 73.51251225, 25.1988188 ] } },
{ "type": "Feature", "properties": { "name": "(unnamed)", "kind": "Dam", "score": 11, "dedup_count": 1, "label_rank": 11, "tags": { "waterway": "dam" } }, "geometry": { "type": "Point", "coordinates": [ 73.53393635, 25.2187911 ] } },
{ "type": "Feature", "properties": { "name": "(unnamed)", "kind": "Dam", "score": 11, "dedup_count": 1, "label_rank": 11, "tags": { "waterway": "dam" } }, "geometry": { "type": "Point", "coordinates": [ 73.213149903955497, 25.228976368289704 ] } },
{ "type": "Feature", "properties": { "name": "(unnamed)", "kind": "Dam", "score": 11, "dedup_count": 1, "label_rank": 11, "tags": { "waterway": "dam" } }, "geometry": { "type": "Point", "coordinates": [ 73.481957742513387, 25.230181254966254 ] } },
{ "type": "Feature", "properties": { "name": "(unnamed)", "kind": "Dam", "score": 11, "dedup_count": 1, "label_rank": 11, "tags": { "waterway": "dam" } }, "geometry": { "type": "Point", "coordinates": [ 73.506814545249412, 25.243363012588407 ] } },
{ "type": "Feature", "properties": { "name": "(unnamed)", "kind": "Dam", "score": 11, "dedup_count": 1, "label_rank": 11, "tags": { "waterway": "dam" } }, "geometry": { "type": "Point", "coordinates": [ 73.5153473, 25.25917395 ] } },
{ "type": "Feature", "properties": { "name": "(unnamed)", "kind": "Dam", "score": 11, "dedup_count": 1, "label_rank": 11, "tags": { "waterway": "dam" } }, "geometry": { "type": "Point", "coordinates": [ 73.372799405795391, 25.297602591744219 ] } },
{ "type": "Feature", "properties": { "name": "(unnamed)", "kind": "Dam", "score": 11, "dedup_count": 1, "label_rank": 11, "tags": { "waterway": "dam" } }, "geometry": { "type": "Point", "coordinates": [ 73.55659695, 25.328145 ] } },
{ "type": "Feature", "properties": { "name": "(unnamed)", "kind": "Dam", "score": 11, "dedup_count": 1, "label_rank": 11, "tags": { "waterway": "dam" } }, "geometry": { "type": "Point", "coordinates": [ 73.548080213735417, 25.375271701160305 ] } },
{ "type": "Feature", "properties": { "name": "(unnamed)", "kind": "Dam", "score": 11, "dedup_count": 1, "label_rank": 11, "tags": { "waterway": "dam" } }, "geometry": { "type": "Point", "coordinates": [ 73.434031400190861, 25.482203400562714 ] } },
{ "type": "Feature", "properties": { "name": "(unnamed)", "kind": "Dam", "score": 11, "dedup_count": 1, "label_rank": 11, "tags": { "waterway": "dam" } }, "geometry": { "type": "Point", "coordinates": [ 73.691010760401738, 25.525024565140189 ] } },
{ "type": "Feature", "properties": { "name": "(unnamed)", "kind": "Dam", "score": 11, "dedup_count": 1, "label_rank": 11, "tags": { "waterway": "dam" } }, "geometry": { "type": "Point", "coordinates": [ 73.748633112371792, 25.571463497274511 ] } },
{ "type": "Feature", "properties": { "name": "(unnamed)", "kind": "Dam", "score": 11, "dedup_count": 1, "label_rank": 11, "tags": { "waterway": "dam" } }, "geometry": { "type": "Point", "coordinates": [ 73.744746459855577, 25.587779339919603 ] } },
{ "type": "Feature", "properties": { "name": "(unnamed)", "kind": "Dam", "score": 11, "dedup_count": 1, "label_rank": 11, "tags": { "waterway": "dam" } }, "geometry": { "type": "Point", "coordinates": [ 73.819889490951113, 25.610665411521914 ] } },
{ "type": "Feature", "properties": { "name": "(unnamed)", "kind": "Dam", "score": 11, "dedup_count": 1, "label_rank": 11, "tags": { "waterway": "dam" } }, "geometry": { "type": "Point", "coordinates": [ 73.736288000045732, 25.621499715206124 ] } },
{ "type": "Feature", "properties": { "name": "(unnamed)", "kind": "Dam", "score": 11, "dedup_count": 1, "label_rank": 11, "tags": { "waterway": "dam" } }, "geometry": { "type": "Point", "coordinates": [ 73.337500373760363, 25.722419219546541 ] } },
{ "type": "Feature", "properties": { "name": "(unnamed)", "kind": "Dam", "score": 11, "dedup_count": 1, "label_rank": 11, "tags": { "waterway": "dam" } }, "geometry": { "type": "Point", "coordinates": [ 73.372644751855006, 25.751481578258634 ] } },
{ "type": "Feature", "properties": { "name": "(unnamed)", "kind": "Dam", "score": 11, "dedup_count": 1, "label_rank": 11, "tags": { "waterway": "dam" } }, "geometry": { "type": "Point", "coordinates": [ 73.432832959372206, 25.765664852159244 ] } },
{ "type": "Feature", "properties": { "name": "(unnamed)", "kind": "Dam", "score": 11, "dedup_count": 1, "label_rank": 11, "tags": { "waterway": "dam" } }, "geometry": { "type": "Point", "coordinates": [ 73.373355899219263, 25.774801252995932 ] } },
{ "type": "Feature", "properties": { "name": "(unnamed)", "kind": "Dam", "score": 11, "dedup_count": 1, "label_rank": 11, "tags": { "waterway": "dam" } }, "geometry": { "type": "Point", "coordinates": [ 73.511237335606921, 25.775788627474515 ] } },
{ "type": "Feature", "properties": { "name": "(unnamed)", "kind": "Dam", "score": 11, "dedup_count": 1, "label_rank": 11, "tags": { "waterway": "dam" } }, "geometry": { "type": "Point", "coordinates": [ 73.643045241837086, 25.811863736374423 ] } },
{ "type": "Feature", "properties": { "name": "(unnamed)", "kind": "Dam", "score": 11, "dedup_count": 1, "label_rank": 11, "tags": { "waterway": "dam" } }, "geometry": { "type": "Point", "coordinates": [ 73.498251891185134, 25.914735146221801 ] } },
{ "type": "Feature", "properties": { "name": "(unnamed)", "kind": "Dam", "score": 11, "dedup_count": 1, "label_rank": 11, "tags": { "waterway": "dam" } }, "geometry": { "type": "Point", "coordinates": [ 73.4494747514197, 26.111270699888522 ] } },
{ "type": "Feature", "properties": { "name": "(unnamed)", "kind": "Dam", "score": 11, "dedup_count": 1, "label_rank": 11, "tags": { "waterway": "dam" } }, "geometry": { "type": "Point", "coordinates": [ 73.706021192200566, 26.21505239100658 ] } },
{ "type": "Feature", "properties": { "name": "(unnamed)", "kind": "Dam", "score": 11, "dedup_count": 1, "label_rank": 11, "tags": { "waterway": "dam" } }, "geometry": { "type": "Point", "coordinates": [ 73.4540946, 32.74444815 ] } },
{ "type": "Feature", "properties": { "name": "(unnamed)", "kind": "Dam", "score": 11, "dedup_count": 1, "label_rank": 11, "tags": { "waterway": "dam" } }, "geometry": { "type": "Point", "coordinates": [ 73.407780918181018, 32.878266797223411 ] } },
{ "type": "Feature", "properties": { "name": "(unnamed)", "kind": "Dam", "score": 11, "dedup_count": 1, "label_rank": 11, "tags": { "waterway": "dam" } }, "geometry": { "type": "Point", "coordinates": [ 73.238834946383633, 32.969851991901066 ] } },
{ "type": "Feature", "properties": { "name": "(unnamed)", "kind": "Dam", "score": 11, "dedup_count": 1, "label_rank": 11, "tags": { "waterway": "dam" } }, "geometry": { "type": "Point", "coordinates": [ 73.515942679212316, 33.018863329870236 ] } },
{ "type": "Feature", "properties": { "name": "(unnamed)", "kind": "Dam", "score": 11, "dedup_count": 1, "label_rank": 11, "tags": { "waterway": "dam" } }, "geometry": { "type": "Point", "coordinates": [ 73.533351029891335, 33.068621215458847 ] } },
{ "type": "Feature", "properties": { "name": "(unnamed)", "kind": "Dam", "score": 11, "dedup_count": 1, "label_rank": 11, "tags": { "waterway": "dam" } }, "geometry": { "type": "Point", "coordinates": [ 73.239336156302244, 33.232702585380721 ] } },
{ "type": "Feature", "properties": { "name": "(unnamed)", "kind": "Dam", "score": 11, "dedup_count": 1, "label_rank": 11, "tags": { "waterway": "dam" } }, "geometry": { "type": "Point", "coordinates": [ 73.304021535149019, 33.29267620681054 ] } },
{ "type": "Feature", "properties": { "name": "(unnamed)", "kind": "Dam", "score": 11, "dedup_count": 1, "label_rank": 11, "tags": { "waterway": "dam" } }, "geometry": { "type": "Point", "coordinates": [ 73.137045095849601, 33.338088824402575 ] } },
{ "type": "Feature", "properties": { "name": "(unnamed)", "kind": "Dam", "score": 11, "dedup_count": 1, "label_rank": 11, "tags": { "waterway": "dam" } }, "geometry": { "type": "Point", "coordinates": [ 73.23371929670914, 33.584589388777026 ] } },
{ "type": "Feature", "properties": { "name": "(unnamed)", "kind": "Dam", "score": 11, "dedup_count": 1, "label_rank": 11, "tags": { "waterway": "dam" } }, "geometry": { "type": "Point", "coordinates": [ 73.603995150543113, 33.597676397764097 ] } },
{ "type": "Feature", "properties": { "name": "(unnamed)", "kind": "Dam", "score": 11, "dedup_count": 1, "label_rank": 11, "tags": { "waterway": "dam" } }, "geometry": { "type": "Point", "coordinates": [ 73.385345099999981, 33.60638855 ] } },
{ "type": "Feature", "properties": { "name": "(unnamed)", "kind": "Dam", "score": 11, "dedup_count": 1, "label_rank": 11, "tags": { "waterway": "dam" } }, "geometry": { "type": "Point", "coordinates": [ 73.1772905, 33.608579400000011 ] } },
{ "type": "Feature", "properties": { "name": "(unnamed)", "kind": "Dam", "score": 11, "dedup_count": 1, "label_rank": 11, "tags": { "waterway": "dam" } }, "geometry": { "type": "Point", "coordinates": [ 73.199933661718191, 33.634648802358249 ] } },
{ "type": "Feature", "properties": { "name": "(unnamed)", "kind": "Dam", "score": 11, "dedup_count": 1, "label_rank": 11, "tags": { "waterway": "dam" } }, "geometry": { "type": "Point", "coordinates": [ 74.61957205, 23.026616 ] } },
{ "type": "Feature", "properties": { "name": "(unnamed)", "kind": "Dam", "score": 11, "dedup_count": 1, "label_rank": 11, "tags": { "waterway": "dam" } }, "geometry": { "type": "Point", "coordinates": [ 74.623574, 23.0409471 ] } },
{ "type": "Feature", "properties": { "name": "(unnamed)", "kind": "Dam", "score": 11, "dedup_count": 1, "label_rank": 11, "tags": { "waterway": "dam" } }, "geometry": { "type": "Point", "coordinates": [ 74.57413195, 23.0555524 ] } },
{ "type": "Feature", "properties": { "name": "(unnamed)", "kind": "Dam", "score": 11, "dedup_count": 1, "label_rank": 11, "tags": { "waterway": "dam" } }, "geometry": { "type": "Point", "coordinates": [ 74.177838352341411, 23.058926315280885 ] } },
{ "type": "Feature", "properties": { "name": "(unnamed)", "kind": "Dam", "score": 11, "dedup_count": 1, "label_rank": 11, "tags": { "waterway": "dam" } }, "geometry": { "type": "Point", "coordinates": [ 74.52543464999998, 23.0629171 ] } },
{ "type": "Feature", "properties": { "name": "(unnamed)", "kind": "Dam", "score": 11, "dedup_count": 1, "label_rank": 11, "tags": { "waterway": "dam" } }, "geometry": { "type": "Point", "coordinates": [ 74.651937049999987, 23.0701737 ] } },
{ "type": "Feature", "properties": { "name": "(unnamed)", "kind": "Dam", "score": 11, "dedup_count": 1, "label_rank": 11, "tags": { "waterway": "dam" } }, "geometry": { "type": "Point", "coordinates": [ 74.570320459801081, 23.070586581240434 ] } },
{ "type": "Feature", "properties": { "name": "(unnamed)", "kind": "Dam", "score": 11, "dedup_count": 1, "label_rank": 11, "tags": { "waterway": "dam" } }, "geometry": { "type": "Point", "coordinates": [ 74.6133937, 23.1168272 ] } },
{ "type": "Feature", "properties": { "name": "(unnamed)", "kind": "Dam", "score": 11, "dedup_count": 1, "label_rank": 11, "tags": { "waterway": "dam" } }, "geometry": { "type": "Point", "coordinates": [ 74.359298757271574, 23.12001732979401 ] } },
{ "type": "Feature", "properties": { "name": "(unnamed)", "kind": "Dam", "score": 11, "dedup_count": 1, "label_rank": 11, "tags": { "waterway": "dam" } }, "geometry": { "type": "Point", "coordinates": [ 74.347936563361685, 23.130861169316169 ] } },
{ "type": "Feature", "properties": { "name": "(unnamed)", "kind": "Dam", "score": 11, "dedup_count": 1, "label_rank": 11, "tags": { "waterway": "dam" } }, "geometry": { "type": "Point", "coordinates": [ 74.617668387465756, 23.133490214494845 ] } },
{ "type": "Feature", "properties": { "name": "(unnamed)", "kind": "Dam", "score": 11, "dedup_count": 1, "label_rank": 11, "tags": { "waterway": "dam" } }, "geometry": { "type": "Point", "coordinates": [ 74.62790525, 23.14717755 ] } },
{ "type": "Feature", "properties": { "name": "(unnamed)", "kind": "Dam", "score": 11, "dedup_count": 1, "label_rank": 11, "tags": { "waterway": "dam" } }, "geometry": { "type": "Point", "coordinates": [ 74.686797, 23.1578708 ] } },
{ "type": "Feature", "properties": { "name": "(unnamed)", "kind": "Dam", "score": 11, "dedup_count": 1, "label_rank": 11, "tags": { "waterway": "dam" } }, "geometry": { "type": "Point", "coordinates": [ 74.272360649500484, 23.180209289711744 ] } },
{ "type": "Feature", "properties": { "name": "(unnamed)", "kind": "Dam", "score": 11, "dedup_count": 1, "label_rank": 11, "tags": { "waterway": "dam" } }, "geometry": { "type": "Point", "coordinates": [ 74.75336819807967, 23.449901316995845 ] } },
{ "type": "Feature", "properties": { "name": "(unnamed)", "kind": "Dam", "score": 11, "dedup_count": 1, "label_rank": 11, "tags": { "waterway": "dam" } }, "geometry": { "type": "Point", "coordinates": [ 74.73114379296176, 23.5368114215579 ] } },
{ "type": "Feature", "properties": { "name": "(unnamed)", "kind": "Dam", "score": 11, "dedup_count": 1, "label_rank": 11, "tags": { "waterway": "dam" } }, "geometry": { "type": "Point", "coordinates": [ 74.674637985474135, 23.56230789393215 ] } },
{ "type": "Feature", "properties": { "name": "(unnamed)", "kind": "Dam", "score": 11, "dedup_count": 1, "label_rank": 11, "tags": { "waterway": "dam" } }, "geometry": { "type": "Point", "coordinates": [ 74.539776857519172, 23.622285908130134 ] } },
{ "type": "Feature", "properties": { "name": "(unnamed)", "kind": "Dam", "score": 11, "dedup_count": 1, "label_rank": 11, "tags": { "waterway": "dam" } }, "geometry": { "type": "Point", "coordinates": [ 74.76021849714796, 23.812571342467482 ] } },
{ "type": "Feature", "properties": { "name": "(unnamed)", "kind": "Dam", "score": 11, "dedup_count": 1, "label_rank": 11, "tags": { "waterway": "dam" } }, "geometry": { "type": "Point", "coordinates": [ 74.08951130061746, 23.835633048722258 ] } },
{ "type": "Feature", "properties": { "name": "(unnamed)", "kind": "Dam", "score": 11, "dedup_count": 1, "label_rank": 11, "tags": { "waterway": "dam" } }, "geometry": { "type": "Point", "coordinates": [ 74.758756244568261, 23.972913648508623 ] } },
{ "type": "Feature", "properties": { "name": "(unnamed)", "kind": "Dam", "score": 11, "dedup_count": 1, "label_rank": 11, "tags": { "waterway": "dam" } }, "geometry": { "type": "Point", "coordinates": [ 74.029370465910745, 23.984263961743491 ] } },
{ "type": "Feature", "properties": { "name": "(unnamed)", "kind": "Dam", "score": 11, "dedup_count": 1, "label_rank": 11, "tags": { "waterway": "dam" } }, "geometry": { "type": "Point", "coordinates": [ 74.015108802618627, 24.003527035670924 ] } },
{ "type": "Feature", "properties": { "name": "(unnamed)", "kind": "Dam", "score": 11, "dedup_count": 1, "label_rank": 11, "tags": { "waterway": "dam" } }, "geometry": { "type": "Point", "coordinates": [ 74.147662653698958, 24.032308205988684 ] } },
{ "type": "Feature", "properties": { "name": "(unnamed)", "kind": "Dam", "score": 11, "dedup_count": 1, "label_rank": 11, "tags": { "waterway": "dam" } }, "geometry": { "type": "Point", "coordinates": [ 74.301432272840444, 24.034115752009228 ] } },
{ "type": "Feature", "properties": { "name": "(unnamed)", "kind": "Dam", "score": 11, "dedup_count": 1, "label_rank": 11, "tags": { "waterway": "dam" } }, "geometry": { "type": "Point", "coordinates": [ 73.84987875544148, 24.050217303844992 ] } },
{ "type": "Feature", "properties": { "name": "(unnamed)", "kind": "Dam", "score": 11, "dedup_count": 1, "label_rank": 11, "tags": { "waterway": "dam" } }, "geometry": { "type": "Point", "coordinates": [ 74.188757093275683, 24.064902219883518 ] } },
{ "type": "Feature", "properties": { "name": "(unnamed)", "kind": "Dam", "score": 11, "dedup_count": 1, "label_rank": 11, "tags": { "waterway": "dam" } }, "geometry": { "type": "Point", "coordinates": [ 74.180531954553274, 24.083322212422431 ] } },
{ "type": "Feature", "properties": { "name": "(unnamed)", "kind": "Dam", "score": 11, "dedup_count": 1, "label_rank": 11, "tags": { "waterway": "dam" } }, "geometry": { "type": "Point", "coordinates": [ 74.301292993940081, 24.134434436647147 ] } },
{ "type": "Feature", "properties": { "name": "(unnamed)", "kind": "Dam", "score": 11, "dedup_count": 1, "label_rank": 11, "tags": { "waterway": "dam" } }, "geometry": { "type": "Point", "coordinates": [ 73.837305417688569, 24.177083034434826 ] } },
{ "type": "Feature", "properties": { "name": "(unnamed)", "kind": "Dam", "score": 11, "dedup_count": 1, "label_rank": 11, "tags": { "waterway": "dam" } }, "geometry": { "type": "Point", "coordinates": [ 73.9534217, 24.2413469 ] } },
{ "type": "Feature", "properties": { "name": "(unnamed)", "kind": "Dam", "score": 11, "dedup_count": 1, "label_rank": 11, "tags": { "waterway": "dam" } }, "geometry": { "type": "Point", "coordinates": [ 74.292447900006835, 24.276396049965811 ] } },
{ "type": "Feature", "properties": { "name": "(unnamed)", "kind": "Dam", "score": 11, "dedup_count": 1, "label_rank": 11, "tags": { "waterway": "dam" } }, "geometry": { "type": "Point", "coordinates": [ 74.71331412443493, 24.299466792668937 ] } },
{ "type": "Feature", "properties": { "name": "(unnamed)", "kind": "Dam", "score": 11, "dedup_count": 1, "label_rank": 11, "tags": { "intermittent": "yes", "natural": "water", "waterway": "dam" } }, "geometry": { "type": "Point", "coordinates": [ 73.83388801093561, 24.348037905270655 ] } },
{ "type": "Feature", "properties": { "name": "(unnamed)", "kind": "Dam", "score": 11, "dedup_count": 1, "label_rank": 11, "tags": { "waterway": "dam" } }, "geometry": { "type": "Point", "coordinates": [ 73.82918985, 24.3725913 ] } },
{ "type": "Feature", "properties": { "name": "(unnamed)", "kind": "Dam", "score": 11, "dedup_count": 1, "label_rank": 11, "tags": { "waterway": "dam" } }, "geometry": { "type": "Point", "coordinates": [ 74.767176653768217, 24.376377409300584 ] } },
{ "type": "Feature", "properties": { "name": "(unnamed)", "kind": "Dam", "score": 11, "dedup_count": 1, "label_rank": 11, "tags": { "waterway": "dam" } }, "geometry": { "type": "Point", "coordinates": [ 74.597270455940901, 24.560493854843774 ] } },
{ "type": "Feature", "properties": { "name": "(unnamed)", "kind": "Dam", "score": 11, "dedup_count": 1, "label_rank": 11, "tags": { "waterway": "dam" } }, "geometry": { "type": "Point", "coordinates": [ 73.987694050476136, 24.649088026411071 ] } },
{ "type": "Feature", "properties": { "name": "(unnamed)", "kind": "Dam", "score": 11, "dedup_count": 1, "label_rank": 11, "tags": { "waterway": "dam" } }, "geometry": { "type": "Point", "coordinates": [ 74.391150488693128, 24.65526290316301 ] } },
{ "type": "Feature", "properties": { "name": "(unnamed)", "kind": "Dam", "score": 11, "dedup_count": 1, "label_rank": 11, "tags": { "waterway": "dam" } }, "geometry": { "type": "Point", "coordinates": [ 74.098049730838071, 24.803642280209196 ] } },
{ "type": "Feature", "properties": { "name": "(unnamed)", "kind": "Dam", "score": 11, "dedup_count": 1, "label_rank": 11, "tags": { "waterway": "dam" } }, "geometry": { "type": "Point", "coordinates": [ 73.950240554018521, 24.81436965757975 ] } },
{ "type": "Feature", "properties": { "name": "(unnamed)", "kind": "Dam", "score": 11, "dedup_count": 1, "label_rank": 11, "tags": { "waterway": "dam" } }, "geometry": { "type": "Point", "coordinates": [ 74.750388689944955, 24.814728808633038 ] } },
{ "type": "Feature", "properties": { "name": "(unnamed)", "kind": "Dam", "score": 11, "dedup_count": 1, "label_rank": 11, "tags": { "waterway": "dam" } }, "geometry": { "type": "Point", "coordinates": [ 74.246031825471121, 24.884251564097681 ] } },
{ "type": "Feature", "properties": { "name": "(unnamed)", "kind": "Dam", "score": 11, "dedup_count": 1, "label_rank": 11, "tags": { "waterway": "dam" } }, "geometry": { "type": "Point", "coordinates": [ 74.314788378687624, 25.033675467075408 ] } },
{ "type": "Feature", "properties": { "name": "(unnamed)", "kind": "Dam", "score": 11, "dedup_count": 1, "label_rank": 11, "tags": { "waterway": "dam" } }, "geometry": { "type": "Point", "coordinates": [ 74.211019256642516, 25.089425633292851 ] } },
{ "type": "Feature", "properties": { "name": "(unnamed)", "kind": "Dam", "score": 11, "dedup_count": 1, "label_rank": 11, "tags": { "waterway": "dam" } }, "geometry": { "type": "Point", "coordinates": [ 74.071660368905825, 25.175379342728746 ] } },
{ "type": "Feature", "properties": { "name": "(unnamed)", "kind": "Dam", "score": 11, "dedup_count": 1, "label_rank": 11, "tags": { "waterway": "dam" } }, "geometry": { "type": "Point", "coordinates": [ 74.395045197307354, 25.194914619978469 ] } },
{ "type": "Feature", "properties": { "name": "(unnamed)", "kind": "Dam", "score": 11, "dedup_count": 1, "label_rank": 11, "tags": { "waterway": "dam" } }, "geometry": { "type": "Point", "coordinates": [ 74.355666836835454, 25.211567502992786 ] } },
{ "type": "Feature", "properties": { "name": "(unnamed)", "kind": "Dam", "score": 11, "dedup_count": 1, "label_rank": 11, "tags": { "waterway": "dam" } }, "geometry": { "type": "Point", "coordinates": [ 74.624119353372507, 25.253450141821471 ] } },
{ "type": "Feature", "properties": { "name": "(unnamed)", "kind": "Dam", "score": 11, "dedup_count": 1, "label_rank": 11, "tags": { "waterway": "dam" } }, "geometry": { "type": "Point", "coordinates": [ 74.078671761116226, 25.412060877865009 ] } },
{ "type": "Feature", "properties": { "name": "(unnamed)", "kind": "Dam", "score": 11, "dedup_count": 1, "label_rank": 11, "tags": { "waterway": "dam" } }, "geometry": { "type": "Point", "coordinates": [ 74.023742441460712, 25.502000681971776 ] } },
{ "type": "Feature", "properties": { "name": "(unnamed)", "kind": "Dam", "score": 11, "dedup_count": 1, "label_rank": 11, "tags": { "waterway": "dam" } }, "geometry": { "type": "Point", "coordinates": [ 74.044438611600455, 25.515753783213238 ] } },
{ "type": "Feature", "properties": { "name": "(unnamed)", "kind": "Dam", "score": 11, "dedup_count": 1, "label_rank": 11, "tags": { "waterway": "dam" } }, "geometry": { "type": "Point", "coordinates": [ 74.102584928121161, 25.719688068564938 ] } },
{ "type": "Feature", "properties": { "name": "(unnamed)", "kind": "Dam", "score": 11, "dedup_count": 1, "label_rank": 11, "tags": { "waterway": "dam" } }, "geometry": { "type": "Point", "coordinates": [ 74.135562522343136, 25.72572286561207 ] } },
{ "type": "Feature", "properties": { "name": "(unnamed)", "kind": "Dam", "score": 11, "dedup_count": 1, "label_rank": 11, "tags": { "waterway": "dam" } }, "geometry": { "type": "Point", "coordinates": [ 74.115967772612123, 25.765318934919396 ] } },
{ "type": "Feature", "properties": { "name": "(unnamed)", "kind": "Dam", "score": 11, "dedup_count": 1, "label_rank": 11, "tags": { "waterway": "dam" } }, "geometry": { "type": "Point", "coordinates": [ 73.953142749999984, 25.881077 ] } },
{ "type": "Feature", "properties": { "name": "(unnamed)", "kind": "Dam", "score": 11, "dedup_count": 1, "label_rank": 11, "tags": { "waterway": "dam" } }, "geometry": { "type": "Point", "coordinates": [ 74.063483688716147, 26.022162720137111 ] } },
{ "type": "Feature", "properties": { "name": "(unnamed)", "kind": "Dam", "score": 11, "dedup_count": 1, "label_rank": 11, "tags": { "waterway": "dam" } }, "geometry": { "type": "Point", "coordinates": [ 74.150617374842653, 26.116036327615394 ] } },
{ "type": "Feature", "properties": { "name": "(unnamed)", "kind": "Dam", "score": 11, "dedup_count": 1, "label_rank": 11, "tags": { "waterway": "dam" } }, "geometry": { "type": "Point", "coordinates": [ 74.250881015625893, 26.284475306754807 ] } },
{ "type": "Feature", "properties": { "name": "(unnamed)", "kind": "Dam", "score": 11, "dedup_count": 1, "label_rank": 11, "tags": { "waterway": "dam" } }, "geometry": { "type": "Point", "coordinates": [ 74.277068175624152, 26.385155451817148 ] } },
{ "type": "Feature", "properties": { "name": "(unnamed)", "kind": "Dam", "score": 11, "dedup_count": 1, "label_rank": 11, "tags": { "waterway": "dam" } }, "geometry": { "type": "Point", "coordinates": [ 74.276655954787444, 26.402294991343492 ] } },
{ "type": "Feature", "properties": { "name": "(unnamed)", "kind": "Dam", "score": 11, "dedup_count": 1, "label_rank": 11, "tags": { "waterway": "dam" } }, "geometry": { "type": "Point", "coordinates": [ 74.308469067926794, 26.4076991478506 ] } },
{ "type": "Feature", "properties": { "name": "(unnamed)", "kind": "Dam", "score": 11, "dedup_count": 1, "label_rank": 11, "tags": { "waterway": "dam" } }, "geometry": { "type": "Point", "coordinates": [ 74.252270977071532, 26.438997864553308 ] } },
{ "type": "Feature", "properties": { "name": "(unnamed)", "kind": "Dam", "score": 11, "dedup_count": 1, "label_rank": 11, "tags": { "waterway": "dam" } }, "geometry": { "type": "Point", "coordinates": [ 74.212203967989709, 26.463680866533188 ] } },
{ "type": "Feature", "properties": { "name": "(unnamed)", "kind": "Dam", "score": 11, "dedup_count": 1, "label_rank": 11, "tags": { "waterway": "dam" } }, "geometry": { "type": "Point", "coordinates": [ 74.292389008560008, 26.469989681601504 ] } },
{ "type": "Feature", "properties": { "name": "(unnamed)", "kind": "Dam", "score": 11, "dedup_count": 1, "label_rank": 11, "tags": { "area": "yes", "waterway": "dam" } }, "geometry": { "type": "Point", "coordinates": [ 73.838740133132134, 29.20806651202664 ] } },
{ "type": "Feature", "properties": { "name": "(unnamed)", "kind": "Dam", "score": 11, "dedup_count": 1, "label_rank": 11, "tags": { "area": "yes", "waterway": "dam" } }, "geometry": { "type": "Point", "coordinates": [ 73.916185246160538, 29.249057457210117 ] } },
{ "type": "Feature", "properties": { "name": "(unnamed)", "kind": "Dam", "score": 11, "dedup_count": 1, "label_rank": 11, "tags": { "waterway": "dam" } }, "geometry": { "type": "Point", "coordinates": [ 74.291768063684103, 29.281742728484907 ] } },
{ "type": "Feature", "properties": { "name": "(unnamed)", "kind": "Dam", "score": 11, "dedup_count": 1, "label_rank": 11, "tags": { "waterway": "dam" } }, "geometry": { "type": "Point", "coordinates": [ 73.976822339004713, 29.339983872059346 ] } },
{ "type": "Feature", "properties": { "name": "(unnamed)", "kind": "Dam", "score": 11, "dedup_count": 1, "label_rank": 11, "tags": { "waterway": "dam" } }, "geometry": { "type": "Point", "coordinates": [ 74.5229867, 31.0382909 ] } },
{ "type": "Feature", "properties": { "name": "(unnamed)", "kind": "Dam", "score": 11, "dedup_count": 1, "label_rank": 11, "tags": { "waterway": "dam" } }, "geometry": { "type": "Point", "coordinates": [ 74.017055, 31.0916991 ] } },
{ "type": "Feature", "properties": { "name": "(unnamed)", "kind": "Dam", "score": 11, "dedup_count": 1, "label_rank": 11, "tags": { "waterway": "dam" } }, "geometry": { "type": "Point", "coordinates": [ 74.5029036, 31.577959 ] } },
{ "type": "Feature", "properties": { "name": "(unnamed)", "kind": "Dam", "score": 11, "dedup_count": 1, "label_rank": 11, "tags": { "waterway": "dam" } }, "geometry": { "type": "Point", "coordinates": [ 74.268281228229483, 32.245508571720862 ] } },
{ "type": "Feature", "properties": { "name": "(unnamed)", "kind": "Dam", "score": 11, "dedup_count": 1, "label_rank": 11, "tags": { "waterway": "dam" } }, "geometry": { "type": "Point", "coordinates": [ 74.475648132490051, 32.661472506037384 ] } },
{ "type": "Feature", "properties": { "name": "(unnamed)", "kind": "Dam", "score": 11, "dedup_count": 1, "label_rank": 11, "tags": { "waterway": "dam" } }, "geometry": { "type": "Point", "coordinates": [ 74.462158998614299, 32.814672941041664 ] } },
{ "type": "Feature", "properties": { "name": "(unnamed)", "kind": "Dam", "score": 11, "dedup_count": 1, "label_rank": 11, "tags": { "waterway": "dam" } }, "geometry": { "type": "Point", "coordinates": [ 73.855026838176016, 33.029603984907865 ] } },
{ "type": "Feature", "properties": { "name": "(unnamed)", "kind": "Dam", "score": 11, "dedup_count": 1, "label_rank": 11, "tags": { "waterway": "dam" } }, "geometry": { "type": "Point", "coordinates": [ 74.67063315, 33.82422085 ] } },
{ "type": "Feature", "properties": { "name": "(unnamed)", "kind": "Dam", "score": 11, "dedup_count": 1, "label_rank": 11, "tags": { "waterway": "dam" } }, "geometry": { "type": "Point", "coordinates": [ 74.022418759579196, 34.097565813554986 ] } },
{ "type": "Feature", "properties": { "name": "(unnamed)", "kind": "Dam", "score": 11, "dedup_count": 1, "label_rank": 11, "tags": { "waterway": "dam" } }, "geometry": { "type": "Point", "coordinates": [ 74.27215940957943, 34.182802520845229 ] } },
{ "type": "Feature", "properties": { "name": "(unnamed)", "kind": "Dam", "score": 11, "dedup_count": 1, "label_rank": 11, "tags": { "waterway": "dam" } }, "geometry": { "type": "Point", "coordinates": [ 75.114059250708024, 23.040820520418581 ] } },
{ "type": "Feature", "properties": { "name": "(unnamed)", "kind": "Dam", "score": 11, "dedup_count": 1, "label_rank": 11, "tags": { "waterway": "dam" } }, "geometry": { "type": "Point", "coordinates": [ 75.173707637967382, 23.089467257799363 ] } },
{ "type": "Feature", "properties": { "name": "(unnamed)", "kind": "Dam", "score": 11, "dedup_count": 1, "label_rank": 11, "tags": { "waterway": "dam" } }, "geometry": { "type": "Point", "coordinates": [ 75.08428881706277, 23.107247031091337 ] } },
{ "type": "Feature", "properties": { "name": "(unnamed)", "kind": "Dam", "score": 11, "dedup_count": 1, "label_rank": 11, "tags": { "waterway": "dam" } }, "geometry": { "type": "Point", "coordinates": [ 75.135507620744079, 23.109862794419556 ] } },
{ "type": "Feature", "properties": { "name": "(unnamed)", "kind": "Dam", "score": 11, "dedup_count": 1, "label_rank": 11, "tags": { "waterway": "dam" } }, "geometry": { "type": "Point", "coordinates": [ 75.11297015, 23.1440238 ] } },
{ "type": "Feature", "properties": { "name": "(unnamed)", "kind": "Dam", "score": 11, "dedup_count": 1, "label_rank": 11, "tags": { "waterway": "dam" } }, "geometry": { "type": "Point", "coordinates": [ 75.136025633336189, 23.153313776301204 ] } },
{ "type": "Feature", "properties": { "name": "(unnamed)", "kind": "Dam", "score": 11, "dedup_count": 1, "label_rank": 11, "tags": { "waterway": "dam" } }, "geometry": { "type": "Point", "coordinates": [ 75.635917736486491, 23.209256196923402 ] } },
{ "type": "Feature", "properties": { "name": "(unnamed)", "kind": "Dam", "score": 11, "dedup_count": 1, "label_rank": 11, "tags": { "waterway": "dam" } }, "geometry": { "type": "Point", "coordinates": [ 75.101577736975216, 23.215961788265311 ] } },
{ "type": "Feature", "properties": { "name": "(unnamed)", "kind": "Dam", "score": 11, "dedup_count": 1, "label_rank": 11, "tags": { "waterway": "dam" } }, "geometry": { "type": "Point", "coordinates": [ 75.124059471940697, 23.253174502168161 ] } },
{ "type": "Feature", "properties": { "name": "(unnamed)", "kind": "Dam", "score": 11, "dedup_count": 1, "label_rank": 11, "tags": { "waterway": "dam" } }, "geometry": { "type": "Point", "coordinates": [ 74.936130951689805, 23.326262736290069 ] } },
{ "type": "Feature", "properties": { "name": "(unnamed)", "kind": "Dam", "score": 11, "dedup_count": 1, "label_rank": 11, "tags": { "waterway": "dam" } }, "geometry": { "type": "Point", "coordinates": [ 74.86670089491885, 23.39209641885888 ] } },
{ "type": "Feature", "properties": { "name": "(unnamed)", "kind": "Dam", "score": 11, "dedup_count": 1, "label_rank": 11, "tags": { "waterway": "dam" } }, "geometry": { "type": "Point", "coordinates": [ 74.8944828, 23.39967315 ] } },
{ "type": "Feature", "properties": { "name": "(unnamed)", "kind": "Dam", "score": 11, "dedup_count": 1, "label_rank": 11, "tags": { "waterway": "dam" } }, "geometry": { "type": "Point", "coordinates": [ 75.441888848556516, 23.45817966821603 ] } },
{ "type": "Feature", "properties": { "name": "(unnamed)", "kind": "Dam", "score": 11, "dedup_count": 1, "label_rank": 11, "tags": { "waterway": "dam" } }, "geometry": { "type": "Point", "coordinates": [ 75.395834204588013, 23.459233014011527 ] } },
{ "type": "Feature", "properties": { "name": "(unnamed)", "kind": "Dam", "score": 11, "dedup_count": 1, "label_rank": 11, "tags": { "waterway": "dam" } }, "geometry": { "type": "Point", "coordinates": [ 74.87036870856042, 23.538537108136278 ] } },
{ "type": "Feature", "properties": { "name": "(unnamed)", "kind": "Dam", "score": 11, "dedup_count": 1, "label_rank": 11, "tags": { "waterway": "dam" } }, "geometry": { "type": "Point", "coordinates": [ 74.833046107205789, 23.541040321582862 ] } },
{ "type": "Feature", "properties": { "name": "(unnamed)", "kind": "Dam", "score": 11, "dedup_count": 1, "label_rank": 11, "tags": { "waterway": "dam" } }, "geometry": { "type": "Point", "coordinates": [ 74.886533926178174, 23.880833540977417 ] } },
{ "type": "Feature", "properties": { "name": "(unnamed)", "kind": "Dam", "score": 11, "dedup_count": 1, "label_rank": 11, "tags": { "waterway": "dam" } }, "geometry": { "type": "Point", "coordinates": [ 74.835955116132723, 23.919911818219781 ] } },
{ "type": "Feature", "properties": { "name": "(unnamed)", "kind": "Dam", "score": 11, "dedup_count": 1, "label_rank": 11, "tags": { "waterway": "dam" } }, "geometry": { "type": "Point", "coordinates": [ 74.873836402822818, 23.980571715680668 ] } },
{ "type": "Feature", "properties": { "name": "(unnamed)", "kind": "Dam", "score": 11, "dedup_count": 1, "label_rank": 11, "tags": { "waterway": "dam" } }, "geometry": { "type": "Point", "coordinates": [ 75.64187683874826, 24.245410232382397 ] } },
{ "type": "Feature", "properties": { "name": "(unnamed)", "kind": "Dam", "score": 11, "dedup_count": 1, "label_rank": 11, "tags": { "waterway": "dam" } }, "geometry": { "type": "Point", "coordinates": [ 74.908779344952052, 24.347277900962169 ] } },
{ "type": "Feature", "properties": { "name": "(unnamed)", "kind": "Dam", "score": 11, "dedup_count": 1, "label_rank": 11, "tags": { "waterway": "dam" } }, "geometry": { "type": "Point", "coordinates": [ 75.081967651084312, 24.35161987035238 ] } },
{ "type": "Feature", "properties": { "name": "(unnamed)", "kind": "Dam", "score": 11, "dedup_count": 1, "label_rank": 11, "tags": { "waterway": "dam" } }, "geometry": { "type": "Point", "coordinates": [ 75.021258516249091, 24.398393452132016 ] } },
{ "type": "Feature", "properties": { "name": "(unnamed)", "kind": "Dam", "score": 11, "dedup_count": 1, "label_rank": 11, "tags": { "waterway": "dam" } }, "geometry": { "type": "Point", "coordinates": [ 75.002178840360301, 24.629984689400992 ] } },
{ "type": "Feature", "properties": { "name": "(unnamed)", "kind": "Dam", "score": 11, "dedup_count": 1, "label_rank": 11, "tags": { "waterway": "dam" } }, "geometry": { "type": "Point", "coordinates": [ 75.172241952560128, 24.653203349513166 ] } },
{ "type": "Feature", "properties": { "name": "(unnamed)", "kind": "Dam", "score": 11, "dedup_count": 1, "label_rank": 11, "tags": { "waterway": "dam" } }, "geometry": { "type": "Point", "coordinates": [ 75.0746441, 24.66633195 ] } },
{ "type": "Feature", "properties": { "name": "(unnamed)", "kind": "Dam", "score": 11, "dedup_count": 1, "label_rank": 11, "tags": { "waterway": "dam" } }, "geometry": { "type": "Point", "coordinates": [ 74.843550787535165, 24.672654671082107 ] } },
{ "type": "Feature", "properties": { "name": "(unnamed)", "kind": "Dam", "score": 11, "dedup_count": 1, "label_rank": 11, "tags": { "waterway": "dam" } }, "geometry": { "type": "Point", "coordinates": [ 75.0183499, 24.677389 ] } },
{ "type": "Feature", "properties": { "name": "(unnamed)", "kind": "Dam", "score": 11, "dedup_count": 1, "label_rank": 11, "tags": { "waterway": "dam" } }, "geometry": { "type": "Point", "coordinates": [ 75.552932947950779, 24.700258067464105 ] } },
{ "type": "Feature", "properties": { "name": "(unnamed)", "kind": "Dam", "score": 11, "dedup_count": 1, "label_rank": 11, "tags": { "waterway": "dam" } }, "geometry": { "type": "Point", "coordinates": [ 75.00583102981507, 24.712368185024793 ] } },
{ "type": "Feature", "properties": { "name": "(unnamed)", "kind": "Dam", "score": 11, "dedup_count": 1, "label_rank": 11, "tags": { "waterway": "dam" } }, "geometry": { "type": "Point", "coordinates": [ 74.82413486878454, 24.718534945805676 ] } },
{ "type": "Feature", "properties": { "name": "(unnamed)", "kind": "Dam", "score": 11, "dedup_count": 1, "label_rank": 11, "tags": { "waterway": "dam" } }, "geometry": { "type": "Point", "coordinates": [ 74.800433654187614, 24.727833772625925 ] } },
{ "type": "Feature", "properties": { "name": "(unnamed)", "kind": "Dam", "score": 11, "dedup_count": 1, "label_rank": 11, "tags": { "waterway": "dam" } }, "geometry": { "type": "Point", "coordinates": [ 74.91620065, 24.8670233 ] } },
{ "type": "Feature", "properties": { "name": "(unnamed)", "kind": "Dam", "score": 11, "dedup_count": 1, "label_rank": 11, "tags": { "waterway": "dam" } }, "geometry": { "type": "Point", "coordinates": [ 74.897424744607235, 24.870528170899735 ] } },
{ "type": "Feature", "properties": { "name": "(unnamed)", "kind": "Dam", "score": 11, "dedup_count": 1, "label_rank": 11, "tags": { "waterway": "dam" } }, "geometry": { "type": "Point", "coordinates": [ 75.126405393544189, 24.936335128364661 ] } },
{ "type": "Feature", "properties": { "name": "(unnamed)", "kind": "Dam", "score": 11, "dedup_count": 1, "label_rank": 11, "tags": { "waterway": "dam" } }, "geometry": { "type": "Point", "coordinates": [ 75.076513565469256, 24.944336685408 ] } },
{ "type": "Feature", "properties": { "name": "(unnamed)", "kind": "Dam", "score": 11, "dedup_count": 1, "label_rank": 11, "tags": { "waterway": "dam" } }, "geometry": { "type": "Point", "coordinates": [ 74.82300520009629, 25.032106533425601 ] } },
{ "type": "Feature", "properties": { "name": "(unnamed)", "kind": "Dam", "score": 11, "dedup_count": 1, "label_rank": 11, "tags": { "waterway": "dam" } }, "geometry": { "type": "Point", "coordinates": [ 74.950196557348534, 25.059682861075661 ] } },
{ "type": "Feature", "properties": { "name": "(unnamed)", "kind": "Dam", "score": 11, "dedup_count": 1, "label_rank": 11, "tags": { "waterway": "dam" } }, "geometry": { "type": "Point", "coordinates": [ 75.12179789955313, 25.245628845554513 ] } },
{ "type": "Feature", "properties": { "name": "(unnamed)", "kind": "Dam", "score": 11, "dedup_count": 1, "label_rank": 11, "tags": { "waterway": "dam" } }, "geometry": { "type": "Point", "coordinates": [ 75.52017365341429, 25.283014853592366 ] } },
{ "type": "Feature", "properties": { "name": "(unnamed)", "kind": "Dam", "score": 11, "dedup_count": 1, "label_rank": 11, "tags": { "waterway": "dam" } }, "geometry": { "type": "Point", "coordinates": [ 75.50358255, 25.28515425 ] } },
{ "type": "Feature", "properties": { "name": "(unnamed)", "kind": "Dam", "score": 11, "dedup_count": 1, "label_rank": 11, "tags": { "waterway": "dam" } }, "geometry": { "type": "Point", "coordinates": [ 75.402337082670414, 25.297423525073469 ] } },
{ "type": "Feature", "properties": { "name": "(unnamed)", "kind": "Dam", "score": 11, "dedup_count": 1, "label_rank": 11, "tags": { "waterway": "dam" } }, "geometry": { "type": "Point", "coordinates": [ 74.993945808777809, 25.313701745453599 ] } },
{ "type": "Feature", "properties": { "name": "(unnamed)", "kind": "Dam", "score": 11, "dedup_count": 1, "label_rank": 11, "tags": { "waterway": "dam" } }, "geometry": { "type": "Point", "coordinates": [ 75.621654980785863, 25.315600373095112 ] } },
{ "type": "Feature", "properties": { "name": "(unnamed)", "kind": "Dam", "score": 11, "dedup_count": 1, "label_rank": 11, "tags": { "waterway": "dam" } }, "geometry": { "type": "Point", "coordinates": [ 75.245610759863126, 25.442807092514695 ] } },
{ "type": "Feature", "properties": { "name": "(unnamed)", "kind": "Dam", "score": 11, "dedup_count": 1, "label_rank": 11, "tags": { "waterway": "dam" } }, "geometry": { "type": "Point", "coordinates": [ 75.258396006158236, 25.54342465442916 ] } },
{ "type": "Feature", "properties": { "name": "(unnamed)", "kind": "Dam", "score": 11, "dedup_count": 1, "label_rank": 11, "tags": { "waterway": "dam" } }, "geometry": { "type": "Point", "coordinates": [ 75.456054612642163, 25.92409262226737 ] } },
{ "type": "Feature", "properties": { "name": "(unnamed)", "kind": "Dam", "score": 11, "dedup_count": 1, "label_rank": 11, "tags": { "waterway": "dam" } }, "geometry": { "type": "Point", "coordinates": [ 75.756506361424542, 26.409770132630435 ] } },
{ "type": "Feature", "properties": { "name": "(unnamed)", "kind": "Dam", "score": 11, "dedup_count": 1, "label_rank": 11, "tags": { "waterway": "dam" } }, "geometry": { "type": "Point", "coordinates": [ 75.112316610906447, 26.537994832170163 ] } },
{ "type": "Feature", "properties": { "name": "(unnamed)", "kind": "Dam", "score": 11, "dedup_count": 1, "label_rank": 11, "tags": { "waterway": "dam" } }, "geometry": { "type": "Point", "coordinates": [ 75.154010488254045, 26.579187549616194 ] } },
{ "type": "Feature", "properties": { "name": "(unnamed)", "kind": "Dam", "score": 11, "dedup_count": 1, "label_rank": 11, "tags": { "waterway": "dam" } }, "geometry": { "type": "Point", "coordinates": [ 75.0152119738773, 26.597544524652612 ] } },
{ "type": "Feature", "properties": { "name": "(unnamed)", "kind": "Dam", "score": 11, "dedup_count": 1, "label_rank": 11, "tags": { "waterway": "dam" } }, "geometry": { "type": "Point", "coordinates": [ 75.023994522772128, 26.61230684439187 ] } },
{ "type": "Feature", "properties": { "name": "(unnamed)", "kind": "Dam", "score": 11, "dedup_count": 1, "label_rank": 11, "tags": { "waterway": "dam" } }, "geometry": { "type": "Point", "coordinates": [ 75.255766869104818, 26.621402001145295 ] } },
{ "type": "Feature", "properties": { "name": "(unnamed)", "kind": "Dam", "score": 11, "dedup_count": 1, "label_rank": 11, "tags": { "waterway": "dam" } }, "geometry": { "type": "Point", "coordinates": [ 75.191459886083706, 26.738489252770748 ] } },
{ "type": "Feature", "properties": { "name": "(unnamed)", "kind": "Dam", "score": 11, "dedup_count": 1, "label_rank": 11, "tags": { "waterway": "dam" } }, "geometry": { "type": "Point", "coordinates": [ 75.17488718093179, 26.774538124200738 ] } },
{ "type": "Feature", "properties": { "name": "(unnamed)", "kind": "Dam", "score": 11, "dedup_count": 1, "label_rank": 11, "tags": { "waterway": "dam" } }, "geometry": { "type": "Point", "coordinates": [ 75.233304525233805, 26.816331723529519 ] } },
{ "type": "Feature", "properties": { "name": "(unnamed)", "kind": "Dam", "score": 11, "dedup_count": 1, "label_rank": 11, "tags": { "waterway": "dam" } }, "geometry": { "type": "Point", "coordinates": [ 74.89311328698615, 29.488267586001442 ] } },
{ "type": "Feature", "properties": { "name": "(unnamed)", "kind": "Dam", "score": 11, "dedup_count": 1, "label_rank": 11, "tags": { "waterway": "dam" } }, "geometry": { "type": "Point", "coordinates": [ 75.110897891131259, 31.835067031938966 ] } },
{ "type": "Feature", "properties": { "name": "(unnamed)", "kind": "Dam", "score": 11, "dedup_count": 1, "label_rank": 11, "tags": { "waterway": "dam" } }, "geometry": { "type": "Point", "coordinates": [ 75.67789639999998, 32.3884625 ] } },
{ "type": "Feature", "properties": { "name": "(unnamed)", "kind": "Dam", "score": 11, "dedup_count": 1, "label_rank": 11, "tags": { "waterway": "dam" } }, "geometry": { "type": "Point", "coordinates": [ 75.821463954445491, 32.676510355435994 ] } },
{ "type": "Feature", "properties": { "name": "(unnamed)", "kind": "Dam", "score": 11, "dedup_count": 1, "label_rank": 11, "tags": { "waterway": "dam" } }, "geometry": { "type": "Point", "coordinates": [ 74.804954793886068, 33.144575779579 ] } },
{ "type": "Feature", "properties": { "name": "(unnamed)", "kind": "Dam", "score": 11, "dedup_count": 1, "label_rank": 11, "tags": { "area": "yes", "waterway": "dam" } }, "geometry": { "type": "Point", "coordinates": [ 76.637846280160829, 23.04508094821152 ] } },
{ "type": "Feature", "properties": { "name": "(unnamed)", "kind": "Dam", "score": 11, "dedup_count": 1, "label_rank": 11, "tags": { "area": "yes", "waterway": "dam" } }, "geometry": { "type": "Point", "coordinates": [ 76.64965173026691, 23.083729624283354 ] } },
{ "type": "Feature", "properties": { "name": "(unnamed)", "kind": "Dam", "score": 11, "dedup_count": 1, "label_rank": 11, "tags": { "waterway": "dam" } }, "geometry": { "type": "Point", "coordinates": [ 76.588961921200593, 23.857497271541721 ] } },
{ "type": "Feature", "properties": { "name": "(unnamed)", "kind": "Dam", "score": 11, "dedup_count": 1, "label_rank": 11, "tags": { "waterway": "dam" } }, "geometry": { "type": "Point", "coordinates": [ 76.7130929, 23.91449925 ] } },
{ "type": "Feature", "properties": { "name": "(unnamed)", "kind": "Dam", "score": 11, "dedup_count": 1, "label_rank": 11, "tags": { "waterway": "dam" } }, "geometry": { "type": "Point", "coordinates": [ 76.3472771, 23.9301319 ] } },
{ "type": "Feature", "properties": { "name": "(unnamed)", "kind": "Dam", "score": 11, "dedup_count": 1, "label_rank": 11, "tags": { "waterway": "dam" } }, "geometry": { "type": "Point", "coordinates": [ 76.8120825, 23.9528125 ] } },
{ "type": "Feature", "properties": { "name": "(unnamed)", "kind": "Dam", "score": 11, "dedup_count": 1, "label_rank": 11, "tags": { "waterway": "dam" } }, "geometry": { "type": "Point", "coordinates": [ 76.832917900000012, 23.98949715 ] } },
{ "type": "Feature", "properties": { "name": "(unnamed)", "kind": "Dam", "score": 11, "dedup_count": 1, "label_rank": 11, "tags": { "waterway": "dam" } }, "geometry": { "type": "Point", "coordinates": [ 75.83062718003977, 24.000618852448994 ] } },
{ "type": "Feature", "properties": { "name": "(unnamed)", "kind": "Dam", "score": 11, "dedup_count": 1, "label_rank": 11, "tags": { "waterway": "dam" } }, "geometry": { "type": "Point", "coordinates": [ 76.7319638, 24.01664195 ] } },
{ "type": "Feature", "properties": { "name": "(unnamed)", "kind": "Dam", "score": 11, "dedup_count": 1, "label_rank": 11, "tags": { "waterway": "dam" } }, "geometry": { "type": "Point", "coordinates": [ 76.1160332, 24.0272296 ] } },
{ "type": "Feature", "properties": { "name": "(unnamed)", "kind": "Dam", "score": 11, "dedup_count": 1, "label_rank": 11, "tags": { "waterway": "dam" } }, "geometry": { "type": "Point", "coordinates": [ 76.579819299999983, 24.0414475 ] } },
{ "type": "Feature", "properties": { "name": "(unnamed)", "kind": "Dam", "score": 11, "dedup_count": 1, "label_rank": 11, "tags": { "waterway": "dam" } }, "geometry": { "type": "Point", "coordinates": [ 75.851122452677828, 24.066204408426024 ] } },
{ "type": "Feature", "properties": { "name": "(unnamed)", "kind": "Dam", "score": 11, "dedup_count": 1, "label_rank": 11, "tags": { "waterway": "dam" } }, "geometry": { "type": "Point", "coordinates": [ 75.929901154116536, 24.072266441298989 ] } },
{ "type": "Feature", "properties": { "name": "(unnamed)", "kind": "Dam", "score": 11, "dedup_count": 1, "label_rank": 11, "tags": { "waterway": "dam" } }, "geometry": { "type": "Point", "coordinates": [ 76.876852499999984, 24.07763665 ] } },
{ "type": "Feature", "properties": { "name": "(unnamed)", "kind": "Dam", "score": 11, "dedup_count": 1, "label_rank": 11, "tags": { "waterway": "dam" } }, "geometry": { "type": "Point", "coordinates": [ 76.62290095, 24.0780823 ] } },
{ "type": "Feature", "properties": { "name": "(unnamed)", "kind": "Dam", "score": 11, "dedup_count": 1, "label_rank": 11, "tags": { "waterway": "dam" } }, "geometry": { "type": "Point", "coordinates": [ 76.03353245000001, 24.0870153 ] } },
{ "type": "Feature", "properties": { "name": "(unnamed)", "kind": "Dam", "score": 11, "dedup_count": 1, "label_rank": 11, "tags": { "waterway": "dam" } }, "geometry": { "type": "Point", "coordinates": [ 75.979519463336374, 24.116834140208013 ] } },
{ "type": "Feature", "properties": { "name": "(unnamed)", "kind": "Dam", "score": 11, "dedup_count": 1, "label_rank": 11, "tags": { "waterway": "dam" } }, "geometry": { "type": "Point", "coordinates": [ 76.455545309281277, 24.131887245015392 ] } },
{ "type": "Feature", "properties": { "name": "(unnamed)", "kind": "Dam", "score": 11, "dedup_count": 1, "label_rank": 11, "tags": { "waterway": "dam" } }, "geometry": { "type": "Point", "coordinates": [ 76.52932405, 24.14520675 ] } },
{ "type": "Feature", "properties": { "name": "(unnamed)", "kind": "Dam", "score": 11, "dedup_count": 1, "label_rank": 11, "tags": { "waterway": "dam" } }, "geometry": { "type": "Point", "coordinates": [ 76.4812373, 24.1793309 ] } },
{ "type": "Feature", "properties": { "name": "(unnamed)", "kind": "Dam", "score": 11, "dedup_count": 1, "label_rank": 11, "tags": { "waterway": "dam" } }, "geometry": { "type": "Point", "coordinates": [ 76.2732576, 24.18219855 ] } },
{ "type": "Feature", "properties": { "name": "(unnamed)", "kind": "Dam", "score": 11, "dedup_count": 1, "label_rank": 11, "tags": { "waterway": "dam" } }, "geometry": { "type": "Point", "coordinates": [ 76.821213, 24.31558165 ] } },
{ "type": "Feature", "properties": { "name": "(unnamed)", "kind": "Dam", "score": 11, "dedup_count": 1, "label_rank": 11, "tags": { "waterway": "dam" } }, "geometry": { "type": "Point", "coordinates": [ 76.4725068, 24.34279815 ] } },
{ "type": "Feature", "properties": { "name": "(unnamed)", "kind": "Dam", "score": 11, "dedup_count": 1, "label_rank": 11, "tags": { "waterway": "dam" } }, "geometry": { "type": "Point", "coordinates": [ 76.583599592267319, 24.368911531914328 ] } },
{ "type": "Feature", "properties": { "name": "(unnamed)", "kind": "Dam", "score": 11, "dedup_count": 1, "label_rank": 11, "tags": { "waterway": "dam" } }, "geometry": { "type": "Point", "coordinates": [ 75.886810002455405, 24.400140097554235 ] } },
{ "type": "Feature", "properties": { "name": "(unnamed)", "kind": "Dam", "score": 11, "dedup_count": 1, "label_rank": 11, "tags": { "waterway": "dam" } }, "geometry": { "type": "Point", "coordinates": [ 76.934694584174352, 24.558406026176169 ] } },
{ "type": "Feature", "properties": { "name": "(unnamed)", "kind": "Dam", "score": 11, "dedup_count": 1, "label_rank": 11, "tags": { "waterway": "dam" } }, "geometry": { "type": "Point", "coordinates": [ 76.737401535663551, 24.614658175135009 ] } },
{ "type": "Feature", "properties": { "name": "(unnamed)", "kind": "Dam", "score": 11, "dedup_count": 1, "label_rank": 11, "tags": { "waterway": "dam" } }, "geometry": { "type": "Point", "coordinates": [ 75.831456154092237, 25.172231199441146 ] } },
{ "type": "Feature", "properties": { "name": "(unnamed)", "kind": "Dam", "score": 11, "dedup_count": 1, "label_rank": 11, "tags": { "waterway": "dam" } }, "geometry": { "type": "Point", "coordinates": [ 76.344887498559601, 25.803174433474524 ] } },
{ "type": "Feature", "properties": { "name": "(unnamed)", "kind": "Dam", "score": 11, "dedup_count": 1, "label_rank": 11, "tags": { "waterway": "dam" } }, "geometry": { "type": "Point", "coordinates": [ 76.386923598685343, 25.857051258634275 ] } },
{ "type": "Feature", "properties": { "name": "(unnamed)", "kind": "Dam", "score": 11, "dedup_count": 1, "label_rank": 11, "tags": { "waterway": "dam" } }, "geometry": { "type": "Point", "coordinates": [ 76.391130288622037, 25.87222190486138 ] } },
{ "type": "Feature", "properties": { "name": "(unnamed)", "kind": "Dam", "score": 11, "dedup_count": 1, "label_rank": 11, "tags": { "waterway": "dam" } }, "geometry": { "type": "Point", "coordinates": [ 76.267027326757727, 25.8822592643854 ] } },
{ "type": "Feature", "properties": { "name": "(unnamed)", "kind": "Dam", "score": 11, "dedup_count": 1, "label_rank": 11, "tags": { "waterway": "dam" } }, "geometry": { "type": "Point", "coordinates": [ 76.391882299395007, 25.885222790321226 ] } },
{ "type": "Feature", "properties": { "name": "(unnamed)", "kind": "Dam", "score": 11, "dedup_count": 1, "label_rank": 11, "tags": { "waterway": "dam" } }, "geometry": { "type": "Point", "coordinates": [ 76.441230746442471, 25.921899903355591 ] } },
{ "type": "Feature", "properties": { "name": "(unnamed)", "kind": "Dam", "score": 11, "dedup_count": 1, "label_rank": 11, "tags": { "waterway": "dam" } }, "geometry": { "type": "Point", "coordinates": [ 76.402943293466336, 25.988527341930329 ] } },
{ "type": "Feature", "properties": { "name": "(unnamed)", "kind": "Dam", "score": 11, "dedup_count": 1, "label_rank": 11, "tags": { "waterway": "dam" } }, "geometry": { "type": "Point", "coordinates": [ 76.37242511316343, 26.364056909412984 ] } },
{ "type": "Feature", "properties": { "name": "(unnamed)", "kind": "Dam", "score": 11, "dedup_count": 1, "label_rank": 11, "tags": { "waterway": "dam" } }, "geometry": { "type": "Point", "coordinates": [ 76.329889140648461, 26.444733484684377 ] } },
{ "type": "Feature", "properties": { "name": "(unnamed)", "kind": "Dam", "score": 11, "dedup_count": 1, "label_rank": 11, "tags": { "waterway": "dam" } }, "geometry": { "type": "Point", "coordinates": [ 76.2758231, 26.5118199 ] } },
{ "type": "Feature", "properties": { "name": "(unnamed)", "kind": "Dam", "score": 11, "dedup_count": 1, "label_rank": 11, "tags": { "waterway": "dam" } }, "geometry": { "type": "Point", "coordinates": [ 76.451130998031218, 26.520761406552694 ] } },
{ "type": "Feature", "properties": { "name": "(unnamed)", "kind": "Dam", "score": 11, "dedup_count": 1, "label_rank": 11, "tags": { "waterway": "dam" } }, "geometry": { "type": "Point", "coordinates": [ 76.409241259651935, 26.529799931864233 ] } },
{ "type": "Feature", "properties": { "name": "(unnamed)", "kind": "Dam", "score": 11, "dedup_count": 1, "label_rank": 11, "tags": { "waterway": "dam" } }, "geometry": { "type": "Point", "coordinates": [ 76.084351090447555, 26.597651067077635 ] } },
{ "type": "Feature", "properties": { "name": "(unnamed)", "kind": "Dam", "score": 11, "dedup_count": 1, "label_rank": 11, "tags": { "waterway": "dam" } }, "geometry": { "type": "Point", "coordinates": [ 76.086733752136027, 26.630825874120468 ] } },
{ "type": "Feature", "properties": { "name": "(unnamed)", "kind": "Dam", "score": 11, "dedup_count": 1, "label_rank": 11, "tags": { "waterway": "dam" } }, "geometry": { "type": "Point", "coordinates": [ 76.154427757323873, 26.669782400361782 ] } },
{ "type": "Feature", "properties": { "name": "(unnamed)", "kind": "Dam", "score": 11, "dedup_count": 1, "label_rank": 11, "tags": { "waterway": "dam" } }, "geometry": { "type": "Point", "coordinates": [ 76.313136608572449, 26.792125375035333 ] } },
{ "type": "Feature", "properties": { "name": "(unnamed)", "kind": "Dam", "score": 11, "dedup_count": 1, "label_rank": 11, "tags": { "waterway": "dam" } }, "geometry": { "type": "Point", "coordinates": [ 76.82963625, 26.82564215 ] } },
{ "type": "Feature", "properties": { "name": "(unnamed)", "kind": "Dam", "score": 11, "dedup_count": 1, "label_rank": 11, "tags": { "waterway": "dam" } }, "geometry": { "type": "Point", "coordinates": [ 75.8474057, 26.9908582 ] } },
{ "type": "Feature", "properties": { "name": "(unnamed)", "kind": "Dam", "score": 11, "dedup_count": 1, "label_rank": 11, "tags": { "waterway": "dam" } }, "geometry": { "type": "Point", "coordinates": [ 76.259346318178928, 27.02699396282372 ] } },
{ "type": "Feature", "properties": { "name": "(unnamed)", "kind": "Dam", "score": 11, "dedup_count": 1, "label_rank": 11, "tags": { "waterway": "dam" } }, "geometry": { "type": "Point", "coordinates": [ 76.06031541845573, 27.045636873749061 ] } },
{ "type": "Feature", "properties": { "name": "(unnamed)", "kind": "Dam", "score": 11, "dedup_count": 1, "label_rank": 11, "tags": { "waterway": "dam" } }, "geometry": { "type": "Point", "coordinates": [ 76.387331030767299, 27.086745686932534 ] } },
{ "type": "Feature", "properties": { "name": "(unnamed)", "kind": "Dam", "score": 11, "dedup_count": 1, "label_rank": 11, "tags": { "waterway": "dam" } }, "geometry": { "type": "Point", "coordinates": [ 76.297936466042486, 27.105339167201812 ] } },
{ "type": "Feature", "properties": { "name": "(unnamed)", "kind": "Dam", "score": 11, "dedup_count": 1, "label_rank": 11, "tags": { "waterway": "dam" } }, "geometry": { "type": "Point", "coordinates": [ 76.411273307792428, 27.117961499480074 ] } },
{ "type": "Feature", "properties": { "name": "(unnamed)", "kind": "Dam", "score": 11, "dedup_count": 1, "label_rank": 11, "tags": { "waterway": "dam" } }, "geometry": { "type": "Point", "coordinates": [ 76.4594365, 27.1269799 ] } },
{ "type": "Feature", "properties": { "name": "(unnamed)", "kind": "Dam", "score": 11, "dedup_count": 1, "label_rank": 11, "tags": { "waterway": "dam" } }, "geometry": { "type": "Point", "coordinates": [ 76.292665949589477, 27.170966852559893 ] } },
{ "type": "Feature", "properties": { "name": "(unnamed)", "kind": "Dam", "score": 11, "dedup_count": 1, "label_rank": 11, "tags": { "waterway": "dam" } }, "geometry": { "type": "Point", "coordinates": [ 76.293680815561174, 27.241085055702612 ] } },
{ "type": "Feature", "properties": { "name": "(unnamed)", "kind": "Dam", "score": 11, "dedup_count": 1, "label_rank": 11, "tags": { "waterway": "dam" } }, "geometry": { "type": "Point", "coordinates": [ 76.258592906929834, 27.329832097211096 ] } },
{ "type": "Feature", "properties": { "name": "(unnamed)", "kind": "Dam", "score": 11, "dedup_count": 1, "label_rank": 11, "tags": { "waterway": "dam" } }, "geometry": { "type": "Point", "coordinates": [ 76.368029179925486, 27.331709723377124 ] } },
{ "type": "Feature", "properties": { "name": "(unnamed)", "kind": "Dam", "score": 11, "dedup_count": 1, "label_rank": 11, "tags": { "waterway": "dam" } }, "geometry": { "type": "Point", "coordinates": [ 76.50779529999997, 27.4205227 ] } },
{ "type": "Feature", "properties": { "name": "(unnamed)", "kind": "Dam", "score": 11, "dedup_count": 1, "label_rank": 11, "tags": { "waterway": "dam" } }, "geometry": { "type": "Point", "coordinates": [ 76.584075885622653, 27.488068873176172 ] } },
{ "type": "Feature", "properties": { "name": "(unnamed)", "kind": "Dam", "score": 11, "dedup_count": 1, "label_rank": 11, "tags": { "waterway": "dam" } }, "geometry": { "type": "Point", "coordinates": [ 76.745128910977272, 27.512168572397119 ] } },
{ "type": "Feature", "properties": { "name": "(unnamed)", "kind": "Dam", "score": 11, "dedup_count": 1, "label_rank": 11, "tags": { "waterway": "dam" } }, "geometry": { "type": "Point", "coordinates": [ 76.91723045, 27.78302125 ] } },
{ "type": "Feature", "properties": { "name": "(unnamed)", "kind": "Dam", "score": 11, "dedup_count": 1, "label_rank": 11, "tags": { "waterway": "dam" } }, "geometry": { "type": "Point", "coordinates": [ 76.836342741284099, 29.522995340147169 ] } },
{ "type": "Feature", "properties": { "name": "(unnamed)", "kind": "Dam", "score": 11, "dedup_count": 1, "label_rank": 11, "tags": { "waterway": "dam" } }, "geometry": { "type": "Point", "coordinates": [ 76.880638303320779, 29.587765998395259 ] } },
{ "type": "Feature", "properties": { "name": "(unnamed)", "kind": "Dam", "score": 11, "dedup_count": 1, "label_rank": 11, "tags": { "waterway": "dam" } }, "geometry": { "type": "Point", "coordinates": [ 76.669158981781564, 30.078704243749588 ] } },
{ "type": "Feature", "properties": { "name": "(unnamed)", "kind": "Dam", "score": 11, "dedup_count": 1, "label_rank": 11, "tags": { "waterway": "dam" } }, "geometry": { "type": "Point", "coordinates": [ 76.83047429246642, 30.739180269309802 ] } },
{ "type": "Feature", "properties": { "name": "(unnamed)", "kind": "Dam", "score": 11, "dedup_count": 1, "label_rank": 11, "tags": { "waterway": "dam" } }, "geometry": { "type": "Point", "coordinates": [ 76.747022795161143, 30.868346017370218 ] } },
{ "type": "Feature", "properties": { "name": "(unnamed)", "kind": "Dam", "score": 11, "dedup_count": 1, "label_rank": 11, "tags": { "waterway": "dam" } }, "geometry": { "type": "Point", "coordinates": [ 76.7101585, 30.899775949999984 ] } },
{ "type": "Feature", "properties": { "name": "(unnamed)", "kind": "Dam", "score": 11, "dedup_count": 1, "label_rank": 11, "tags": { "waterway": "dam" } }, "geometry": { "type": "Point", "coordinates": [ 76.643364505832665, 31.010316749033191 ] } },
{ "type": "Feature", "properties": { "name": "(unnamed)", "kind": "Dam", "score": 11, "dedup_count": 1, "label_rank": 11, "tags": { "waterway": "dam" } }, "geometry": { "type": "Point", "coordinates": [ 76.4333063, 31.06606055 ] } },
{ "type": "Feature", "properties": { "name": "(unnamed)", "kind": "Dam", "score": 11, "dedup_count": 1, "label_rank": 11, "tags": { "waterway": "dam" } }, "geometry": { "type": "Point", "coordinates": [ 76.570372570351381, 31.252913684304541 ] } },
{ "type": "Feature", "properties": { "name": "(unnamed)", "kind": "Dam", "score": 11, "dedup_count": 1, "label_rank": 11, "tags": { "waterway": "dam" } }, "geometry": { "type": "Point", "coordinates": [ 76.368875902649023, 31.382227646244441 ] } },
{ "type": "Feature", "properties": { "name": "(unnamed)", "kind": "Dam", "score": 11, "dedup_count": 1, "label_rank": 11, "tags": { "waterway": "dam" } }, "geometry": { "type": "Point", "coordinates": [ 76.881856276015654, 31.528948931987131 ] } },
{ "type": "Feature", "properties": { "name": "(unnamed)", "kind": "Dam", "score": 11, "dedup_count": 1, "label_rank": 11, "tags": { "waterway": "dam" } }, "geometry": { "type": "Point", "coordinates": [ 76.307129096994387, 31.531458043894389 ] } },
{ "type": "Feature", "properties": { "name": "(unnamed)", "kind": "Dam", "score": 11, "dedup_count": 1, "label_rank": 11, "tags": { "waterway": "dam" } }, "geometry": { "type": "Point", "coordinates": [ 76.895970248345435, 31.54040083249178 ] } },
{ "type": "Feature", "properties": { "name": "(unnamed)", "kind": "Dam", "score": 11, "dedup_count": 1, "label_rank": 11, "tags": { "waterway": "dam" } }, "geometry": { "type": "Point", "coordinates": [ 75.968340795036468, 31.599552881950846 ] } },
{ "type": "Feature", "properties": { "name": "(unnamed)", "kind": "Dam", "score": 11, "dedup_count": 1, "label_rank": 11, "tags": { "waterway": "dam" } }, "geometry": { "type": "Point", "coordinates": [ 76.203703899999979, 31.60013735 ] } },
{ "type": "Feature", "properties": { "name": "(unnamed)", "kind": "Dam", "score": 11, "dedup_count": 1, "label_rank": 11, "tags": { "waterway": "dam" } }, "geometry": { "type": "Point", "coordinates": [ 75.9918865, 31.60043105 ] } },
{ "type": "Feature", "properties": { "name": "(unnamed)", "kind": "Dam", "score": 11, "dedup_count": 1, "label_rank": 11, "tags": { "waterway": "dam" } }, "geometry": { "type": "Point", "coordinates": [ 75.88921186417717, 31.738064028911683 ] } },
{ "type": "Feature", "properties": { "name": "(unnamed)", "kind": "Dam", "score": 11, "dedup_count": 1, "label_rank": 11, "tags": { "waterway": "dam" } }, "geometry": { "type": "Point", "coordinates": [ 75.940263165935761, 31.916093027642592 ] } },
{ "type": "Feature", "properties": { "name": "(unnamed)", "kind": "Dam", "score": 11, "dedup_count": 1, "label_rank": 11, "tags": { "waterway": "dam" } }, "geometry": { "type": "Point", "coordinates": [ 76.242628354450261, 32.077799735744215 ] } },
{ "type": "Feature", "properties": { "name": "(unnamed)", "kind": "Dam", "score": 11, "dedup_count": 1, "label_rank": 11, "tags": { "area": "yes", "waterway": "dam" } }, "geometry": { "type": "Point", "coordinates": [ 76.48019082125559, 32.208747347839733 ] } },
{ "type": "Feature", "properties": { "name": "(unnamed)", "kind": "Dam", "score": 11, "dedup_count": 1, "label_rank": 11, "tags": { "waterway": "dam" } }, "geometry": { "type": "Point", "coordinates": [ 76.049691, 32.21394615 ] } },
{ "type": "Feature", "properties": { "name": "(unnamed)", "kind": "Dam", "score": 11, "dedup_count": 1, "label_rank": 11, "tags": { "waterway": "dam" } }, "geometry": { "type": "Point", "coordinates": [ 76.53439125, 32.4539678 ] } },
{ "type": "Feature", "properties": { "name": "(unnamed)", "kind": "Dam", "score": 11, "dedup_count": 1, "label_rank": 11, "tags": { "waterway": "dam" } }, "geometry": { "type": "Point", "coordinates": [ 76.43849105, 32.47281045 ] } },
{ "type": "Feature", "properties": { "name": "(unnamed)", "kind": "Dam", "score": 11, "dedup_count": 1, "label_rank": 11, "tags": { "barrier": "dam", "waterway": "dam" } }, "geometry": { "type": "Point", "coordinates": [ 76.331012364933997, 32.486392016006342 ] } },
{ "type": "Feature", "properties": { "name": "(unnamed)", "kind": "Dam", "score": 11, "dedup_count": 1, "label_rank": 11, "tags": { "waterway": "dam" } }, "geometry": { "type": "Point", "coordinates": [ 76.074632406829679, 34.458984924706627 ] } },
{ "type": "Feature", "properties": { "name": "(unnamed)", "kind": "Dam", "score": 11, "dedup_count": 1, "label_rank": 11, "tags": { "waterway": "dam" } }, "geometry": { "type": "Point", "coordinates": [ 76.34837585011951, 34.567434907850775 ] } },
{ "type": "Feature", "properties": { "name": "(unnamed)", "kind": "Dam", "score": 11, "dedup_count": 1, "label_rank": 11, "tags": { "waterway": "dam" } }, "geometry": { "type": "Point", "coordinates": [ 76.25958520442515, 34.5801650294121 ] } },
{ "type": "Feature", "properties": { "name": "(unnamed)", "kind": "Dam", "score": 11, "dedup_count": 1, "label_rank": 11, "tags": { "waterway": "dam" } }, "geometry": { "type": "Point", "coordinates": [ 76.473245449999979, 34.6524894 ] } },
{ "type": "Feature", "properties": { "name": "(unnamed)", "kind": "Dam", "score": 11, "dedup_count": 1, "label_rank": 11, "tags": { "waterway": "dam" } }, "geometry": { "type": "Point", "coordinates": [ 77.48910775, 23.02891315 ] } },
{ "type": "Feature", "properties": { "name": "(unnamed)", "kind": "Dam", "score": 11, "dedup_count": 1, "label_rank": 11, "tags": { "area": "yes", "waterway": "dam" } }, "geometry": { "type": "Point", "coordinates": [ 77.949909844803187, 23.083566265829258 ] } },
{ "type": "Feature", "properties": { "name": "(unnamed)", "kind": "Dam", "score": 11, "dedup_count": 1, "label_rank": 11, "tags": { "waterway": "dam" } }, "geometry": { "type": "Point", "coordinates": [ 77.077124156156202, 23.149980931567967 ] } },
{ "type": "Feature", "properties": { "name": "(unnamed)", "kind": "Dam", "score": 11, "dedup_count": 1, "label_rank": 11, "tags": { "waterway": "dam" } }, "geometry": { "type": "Point", "coordinates": [ 77.123250066146667, 23.157652494589229 ] } },
{ "type": "Feature", "properties": { "name": "(unnamed)", "kind": "Dam", "score": 11, "dedup_count": 1, "label_rank": 11, "tags": { "waterway": "dam" } }, "geometry": { "type": "Point", "coordinates": [ 77.378890851804869, 23.208465797852256 ] } },
{ "type": "Feature", "properties": { "name": "(unnamed)", "kind": "Dam", "score": 11, "dedup_count": 1, "label_rank": 11, "tags": { "waterway": "dam" } }, "geometry": { "type": "Point", "coordinates": [ 77.798235549999987, 23.2423578 ] } },
{ "type": "Feature", "properties": { "name": "(unnamed)", "kind": "Dam", "score": 11, "dedup_count": 1, "label_rank": 11, "tags": { "waterway": "dam" } }, "geometry": { "type": "Point", "coordinates": [ 77.860695422386854, 23.371934069002897 ] } },
{ "type": "Feature", "properties": { "name": "(unnamed)", "kind": "Dam", "score": 11, "dedup_count": 1, "label_rank": 11, "tags": { "waterway": "dam" } }, "geometry": { "type": "Point", "coordinates": [ 77.403149, 23.5338195 ] } },
{ "type": "Feature", "properties": { "name": "(unnamed)", "kind": "Dam", "score": 11, "dedup_count": 1, "label_rank": 11, "tags": { "waterway": "dam" } }, "geometry": { "type": "Point", "coordinates": [ 77.508402446554172, 23.766928939475171 ] } },
{ "type": "Feature", "properties": { "name": "(unnamed)", "kind": "Dam", "score": 11, "dedup_count": 1, "label_rank": 11, "tags": { "waterway": "dam" } }, "geometry": { "type": "Point", "coordinates": [ 76.991232599999989, 24.02754315 ] } },
{ "type": "Feature", "properties": { "name": "(unnamed)", "kind": "Dam", "score": 11, "dedup_count": 1, "label_rank": 11, "tags": { "waterway": "dam" } }, "geometry": { "type": "Point", "coordinates": [ 77.19515374126992, 24.923252945411683 ] } },
{ "type": "Feature", "properties": { "name": "(unnamed)", "kind": "Dam", "score": 11, "dedup_count": 1, "label_rank": 11, "tags": { "waterway": "dam" } }, "geometry": { "type": "Point", "coordinates": [ 77.131917985786728, 25.055895148538731 ] } },
{ "type": "Feature", "properties": { "name": "(unnamed)", "kind": "Dam", "score": 11, "dedup_count": 1, "label_rank": 11, "tags": { "waterway": "dam" } }, "geometry": { "type": "Point", "coordinates": [ 77.909177146408865, 25.477974102968993 ] } },
{ "type": "Feature", "properties": { "name": "(unnamed)", "kind": "Dam", "score": 11, "dedup_count": 1, "label_rank": 11, "tags": { "waterway": "dam" } }, "geometry": { "type": "Point", "coordinates": [ 77.889177355361753, 25.530355077903767 ] } },
{ "type": "Feature", "properties": { "name": "(unnamed)", "kind": "Dam", "score": 11, "dedup_count": 1, "label_rank": 11, "tags": { "waterway": "dam" } }, "geometry": { "type": "Point", "coordinates": [ 77.8937463, 25.552047 ] } },
{ "type": "Feature", "properties": { "name": "(unnamed)", "kind": "Dam", "score": 11, "dedup_count": 1, "label_rank": 11, "tags": { "waterway": "dam" } }, "geometry": { "type": "Point", "coordinates": [ 77.848690148428958, 25.556778092002858 ] } },
{ "type": "Feature", "properties": { "name": "(unnamed)", "kind": "Dam", "score": 11, "dedup_count": 1, "label_rank": 11, "tags": { "waterway": "dam" } }, "geometry": { "type": "Point", "coordinates": [ 77.888450348183426, 25.668198438327664 ] } },
{ "type": "Feature", "properties": { "name": "(unnamed)", "kind": "Dam", "score": 11, "dedup_count": 1, "label_rank": 11, "tags": { "waterway": "dam" } }, "geometry": { "type": "Point", "coordinates": [ 77.928597652265694, 25.724878754551799 ] } },
{ "type": "Feature", "properties": { "name": "(unnamed)", "kind": "Dam", "score": 11, "dedup_count": 1, "label_rank": 11, "tags": { "waterway": "dam" } }, "geometry": { "type": "Point", "coordinates": [ 77.922198555334987, 25.751589956380901 ] } },
{ "type": "Feature", "properties": { "name": "(unnamed)", "kind": "Dam", "score": 11, "dedup_count": 1, "label_rank": 11, "tags": { "waterway": "dam" } }, "geometry": { "type": "Point", "coordinates": [ 77.5865328, 25.8660105 ] } },
{ "type": "Feature", "properties": { "name": "(unnamed)", "kind": "Dam", "score": 11, "dedup_count": 1, "label_rank": 11, "tags": { "waterway": "dam" } }, "geometry": { "type": "Point", "coordinates": [ 77.696557049999981, 25.8973287 ] } },
{ "type": "Feature", "properties": { "name": "(unnamed)", "kind": "Dam", "score": 11, "dedup_count": 1, "label_rank": 11, "tags": { "waterway": "dam" } }, "geometry": { "type": "Point", "coordinates": [ 77.758406675907793, 25.963880985858498 ] } },
{ "type": "Feature", "properties": { "name": "(unnamed)", "kind": "Dam", "score": 11, "dedup_count": 1, "label_rank": 11, "tags": { "waterway": "dam" } }, "geometry": { "type": "Point", "coordinates": [ 77.360773242049248, 25.982384669718574 ] } },
{ "type": "Feature", "properties": { "name": "(unnamed)", "kind": "Dam", "score": 11, "dedup_count": 1, "label_rank": 11, "tags": { "waterway": "dam" } }, "geometry": { "type": "Point", "coordinates": [ 77.998028929479247, 25.992227799667099 ] } },
{ "type": "Feature", "properties": { "name": "(unnamed)", "kind": "Dam", "score": 11, "dedup_count": 1, "label_rank": 11, "tags": { "waterway": "dam" } }, "geometry": { "type": "Point", "coordinates": [ 77.549396384654841, 26.483524033180913 ] } },
{ "type": "Feature", "properties": { "name": "(unnamed)", "kind": "Dam", "score": 11, "dedup_count": 1, "label_rank": 11, "tags": { "waterway": "dam" } }, "geometry": { "type": "Point", "coordinates": [ 77.728482049999982, 26.56499495 ] } },
{ "type": "Feature", "properties": { "name": "(unnamed)", "kind": "Dam", "score": 11, "dedup_count": 1, "label_rank": 11, "tags": { "waterway": "dam" } }, "geometry": { "type": "Point", "coordinates": [ 77.34656225, 26.5728103 ] } },
{ "type": "Feature", "properties": { "name": "(unnamed)", "kind": "Dam", "score": 11, "dedup_count": 1, "label_rank": 11, "tags": { "waterway": "dam" } }, "geometry": { "type": "Point", "coordinates": [ 77.579317035461244, 26.600997841911852 ] } },
{ "type": "Feature", "properties": { "name": "(unnamed)", "kind": "Dam", "score": 11, "dedup_count": 1, "label_rank": 11, "tags": { "waterway": "dam" } }, "geometry": { "type": "Point", "coordinates": [ 77.340758614430825, 26.615479633668528 ] } },
{ "type": "Feature", "properties": { "name": "(unnamed)", "kind": "Dam", "score": 11, "dedup_count": 1, "label_rank": 11, "tags": { "waterway": "dam" } }, "geometry": { "type": "Point", "coordinates": [ 77.6523757, 26.62218825 ] } },
{ "type": "Feature", "properties": { "name": "(unnamed)", "kind": "Dam", "score": 11, "dedup_count": 1, "label_rank": 11, "tags": { "waterway": "dam" } }, "geometry": { "type": "Point", "coordinates": [ 77.806441189596796, 26.623044271092947 ] } },
{ "type": "Feature", "properties": { "name": "(unnamed)", "kind": "Dam", "score": 11, "dedup_count": 1, "label_rank": 11, "tags": { "waterway": "dam" } }, "geometry": { "type": "Point", "coordinates": [ 77.818750298117891, 26.635446266028918 ] } },
{ "type": "Feature", "properties": { "name": "(unnamed)", "kind": "Dam", "score": 11, "dedup_count": 1, "label_rank": 11, "tags": { "waterway": "dam" } }, "geometry": { "type": "Point", "coordinates": [ 77.450883945880634, 26.6370381577639 ] } },
{ "type": "Feature", "properties": { "name": "(unnamed)", "kind": "Dam", "score": 11, "dedup_count": 1, "label_rank": 11, "tags": { "waterway": "dam" } }, "geometry": { "type": "Point", "coordinates": [ 77.681163456432955, 26.639695705852969 ] } },
{ "type": "Feature", "properties": { "name": "(unnamed)", "kind": "Dam", "score": 11, "dedup_count": 1, "label_rank": 11, "tags": { "waterway": "dam" } }, "geometry": { "type": "Point", "coordinates": [ 77.391798876132711, 26.677670770034322 ] } },
{ "type": "Feature", "properties": { "name": "(unnamed)", "kind": "Dam", "score": 11, "dedup_count": 1, "label_rank": 11, "tags": { "waterway": "dam" } }, "geometry": { "type": "Point", "coordinates": [ 77.408013199999985, 26.68244015 ] } },
{ "type": "Feature", "properties": { "name": "(unnamed)", "kind": "Dam", "score": 11, "dedup_count": 1, "label_rank": 11, "tags": { "waterway": "dam" } }, "geometry": { "type": "Point", "coordinates": [ 77.097449042839642, 26.721635545273127 ] } },
{ "type": "Feature", "properties": { "name": "(unnamed)", "kind": "Dam", "score": 11, "dedup_count": 1, "label_rank": 11, "tags": { "waterway": "dam" } }, "geometry": { "type": "Point", "coordinates": [ 77.36956865, 26.7715535 ] } },
{ "type": "Feature", "properties": { "name": "(unnamed)", "kind": "Dam", "score": 11, "dedup_count": 1, "label_rank": 11, "tags": { "waterway": "dam" } }, "geometry": { "type": "Point", "coordinates": [ 77.462418899999989, 26.8309524 ] } },
{ "type": "Feature", "properties": { "name": "(unnamed)", "kind": "Dam", "score": 11, "dedup_count": 1, "label_rank": 11, "tags": { "waterway": "dam" } }, "geometry": { "type": "Point", "coordinates": [ 77.373442208814296, 26.896936320268843 ] } },
{ "type": "Feature", "properties": { "name": "(unnamed)", "kind": "Dam", "score": 11, "dedup_count": 1, "label_rank": 11, "tags": { "waterway": "dam" } }, "geometry": { "type": "Point", "coordinates": [ 77.02192145, 28.32298 ] } },
{ "type": "Feature", "properties": { "name": "(unnamed)", "kind": "Dam", "score": 11, "dedup_count": 1, "label_rank": 11, "tags": { "waterway": "dam" } }, "geometry": { "type": "Point", "coordinates": [ 77.177376805745993, 28.332319511150107 ] } },
{ "type": "Feature", "properties": { "name": "(unnamed)", "kind": "Dam", "score": 11, "dedup_count": 1, "label_rank": 11, "tags": { "area": "yes", "waterway": "dam" } }, "geometry": { "type": "Point", "coordinates": [ 77.186239040562342, 28.361742674998659 ] } },
{ "type": "Feature", "properties": { "name": "(unnamed)", "kind": "Dam", "score": 11, "dedup_count": 1, "label_rank": 11, "tags": { "waterway": "dam" } }, "geometry": { "type": "Point", "coordinates": [ 78.038092051459145, 29.373518878596478 ] } },
{ "type": "Feature", "properties": { "name": "(unnamed)", "kind": "Dam", "score": 11, "dedup_count": 1, "label_rank": 11, "tags": { "waterway": "dam" } }, "geometry": { "type": "Point", "coordinates": [ 77.210328099999984, 29.517541 ] } },
{ "type": "Feature", "properties": { "name": "(unnamed)", "kind": "Dam", "score": 11, "dedup_count": 1, "label_rank": 11, "tags": { "waterway": "dam" } }, "geometry": { "type": "Point", "coordinates": [ 77.050974099997134, 29.74257304951173 ] } },
{ "type": "Feature", "properties": { "name": "(unnamed)", "kind": "Dam", "score": 11, "dedup_count": 1, "label_rank": 11, "tags": { "waterway": "dam" } }, "geometry": { "type": "Point", "coordinates": [ 77.003039850744727, 29.823050737098701 ] } },
{ "type": "Feature", "properties": { "name": "(unnamed)", "kind": "Dam", "score": 11, "dedup_count": 1, "label_rank": 11, "tags": { "waterway": "dam" } }, "geometry": { "type": "Point", "coordinates": [ 77.447288499999985, 29.8776008 ] } },
{ "type": "Feature", "properties": { "name": "(unnamed)", "kind": "Dam", "score": 11, "dedup_count": 1, "label_rank": 11, "tags": { "waterway": "dam" } }, "geometry": { "type": "Point", "coordinates": [ 77.129468799791937, 29.884034037865611 ] } },
{ "type": "Feature", "properties": { "name": "(unnamed)", "kind": "Dam", "score": 11, "dedup_count": 1, "label_rank": 11, "tags": { "waterway": "dam" } }, "geometry": { "type": "Point", "coordinates": [ 77.151413937687678, 29.953140528721537 ] } },
{ "type": "Feature", "properties": { "name": "(unnamed)", "kind": "Dam", "score": 11, "dedup_count": 1, "label_rank": 11, "tags": { "waterway": "dam" } }, "geometry": { "type": "Point", "coordinates": [ 77.16325169837215, 29.967732804996491 ] } },
{ "type": "Feature", "properties": { "name": "(unnamed)", "kind": "Dam", "score": 11, "dedup_count": 1, "label_rank": 11, "tags": { "waterway": "dam" } }, "geometry": { "type": "Point", "coordinates": [ 77.509653599999979, 29.9737885 ] } },
{ "type": "Feature", "properties": { "name": "(unnamed)", "kind": "Dam", "score": 11, "dedup_count": 1, "label_rank": 11, "tags": { "waterway": "dam" } }, "geometry": { "type": "Point", "coordinates": [ 77.521394499999985, 30.0104636 ] } },
{ "type": "Feature", "properties": { "name": "(unnamed)", "kind": "Dam", "score": 11, "dedup_count": 1, "label_rank": 11, "tags": { "waterway": "dam" } }, "geometry": { "type": "Point", "coordinates": [ 77.552148699999989, 30.047320099999986 ] } },
{ "type": "Feature", "properties": { "name": "(unnamed)", "kind": "Dam", "score": 11, "dedup_count": 1, "label_rank": 11, "tags": { "waterway": "dam" } }, "geometry": { "type": "Point", "coordinates": [ 77.245826186091833, 30.056937381610545 ] } },
{ "type": "Feature", "properties": { "name": "(unnamed)", "kind": "Dam", "score": 11, "dedup_count": 1, "label_rank": 11, "tags": { "waterway": "dam" } }, "geometry": { "type": "Point", "coordinates": [ 77.400011726562568, 30.23456223265271 ] } },
{ "type": "Feature", "properties": { "name": "(unnamed)", "kind": "Dam", "score": 11, "dedup_count": 1, "label_rank": 11, "tags": { "waterway": "dam" } }, "geometry": { "type": "Point", "coordinates": [ 77.614619585291067, 30.592096078858933 ] } },
{ "type": "Feature", "properties": { "name": "(unnamed)", "kind": "Dam", "score": 11, "dedup_count": 1, "label_rank": 11, "tags": { "waterway": "dam" } }, "geometry": { "type": "Point", "coordinates": [ 77.665852580646089, 30.802735910748176 ] } },
{ "type": "Feature", "properties": { "name": "(unnamed)", "kind": "Dam", "score": 11, "dedup_count": 1, "label_rank": 11, "tags": { "waterway": "dam" } }, "geometry": { "type": "Point", "coordinates": [ 78.021722399999987, 31.6215948 ] } },
{ "type": "Feature", "properties": { "name": "(unnamed)", "kind": "Dam", "score": 11, "dedup_count": 1, "label_rank": 11, "tags": { "waterway": "dam" } }, "geometry": { "type": "Point", "coordinates": [ 77.21217805, 31.72012735 ] } },
{ "type": "Feature", "properties": { "name": "(unnamed)", "kind": "Dam", "score": 11, "dedup_count": 1, "label_rank": 11, "tags": { "waterway": "dam" } }, "geometry": { "type": "Point", "coordinates": [ 77.254706772586701, 32.035914080583119 ] } },
{ "type": "Feature", "properties": { "name": "(unnamed)", "kind": "Dam", "score": 11, "dedup_count": 1, "label_rank": 11, "tags": { "waterway": "dam" } }, "geometry": { "type": "Point", "coordinates": [ 78.049062349999986, 32.29292475 ] } },
{ "type": "Feature", "properties": { "name": "(unnamed)", "kind": "Dam", "score": 11, "dedup_count": 1, "label_rank": 11, "tags": { "waterway": "dam" } }, "geometry": { "type": "Point", "coordinates": [ 78.034024542636303, 32.305150595554146 ] } },
{ "type": "Feature", "properties": { "name": "(unnamed)", "kind": "Dam", "score": 11, "dedup_count": 1, "label_rank": 11, "tags": { "waterway": "dam" } }, "geometry": { "type": "Point", "coordinates": [ 77.14794715833726, 32.333203306638858 ] } },
{ "type": "Feature", "properties": { "name": "(unnamed)", "kind": "Dam", "score": 11, "dedup_count": 1, "label_rank": 11, "tags": { "waterway": "dam" } }, "geometry": { "type": "Point", "coordinates": [ 77.220927886439739, 32.348046957587336 ] } },
{ "type": "Feature", "properties": { "name": "(unnamed)", "kind": "Dam", "score": 11, "dedup_count": 1, "label_rank": 11, "tags": { "waterway": "dam" } }, "geometry": { "type": "Point", "coordinates": [ 77.77208435, 33.8739523 ] } },
{ "type": "Feature", "properties": { "name": "(unnamed)", "kind": "Dam", "score": 11, "dedup_count": 1, "label_rank": 11, "tags": { "waterway": "dam" } }, "geometry": { "type": "Point", "coordinates": [ 77.734794549999989, 33.92072045 ] } },
{ "type": "Feature", "properties": { "name": "(unnamed)", "kind": "Dam", "score": 11, "dedup_count": 1, "label_rank": 11, "tags": { "waterway": "dam" } }, "geometry": { "type": "Point", "coordinates": [ 77.8890477, 33.94010685 ] } },
{ "type": "Feature", "properties": { "name": "(unnamed)", "kind": "Dam", "score": 11, "dedup_count": 1, "label_rank": 11, "tags": { "waterway": "dam" } }, "geometry": { "type": "Point", "coordinates": [ 77.780851776224694, 37.163612491077153 ] } },
{ "type": "Feature", "properties": { "name": "(unnamed)", "kind": "Dam", "score": 11, "dedup_count": 1, "label_rank": 11, "tags": { "waterway": "dam" } }, "geometry": { "type": "Point", "coordinates": [ 77.788153812309957, 37.220802417175001 ] } },
{ "type": "Feature", "properties": { "name": "(unnamed)", "kind": "Dam", "score": 11, "dedup_count": 1, "label_rank": 11, "tags": { "waterway": "dam" } }, "geometry": { "type": "Point", "coordinates": [ 77.488212979314966, 37.688295787516736 ] } },
{ "type": "Feature", "properties": { "name": "(unnamed)", "kind": "Dam", "score": 11, "dedup_count": 1, "label_rank": 11, "tags": { "waterway": "dam" } }, "geometry": { "type": "Point", "coordinates": [ 78.062700404273031, 23.051494947711756 ] } },
{ "type": "Feature", "properties": { "name": "(unnamed)", "kind": "Dam", "score": 11, "dedup_count": 1, "label_rank": 11, "tags": { "waterway": "dam" } }, "geometry": { "type": "Point", "coordinates": [ 78.6656673, 23.1363002 ] } },
{ "type": "Feature", "properties": { "name": "(unnamed)", "kind": "Dam", "score": 11, "dedup_count": 1, "label_rank": 11, "tags": { "area": "yes", "waterway": "dam" } }, "geometry": { "type": "Point", "coordinates": [ 78.40117098416043, 23.481087311880902 ] } },
{ "type": "Feature", "properties": { "name": "(unnamed)", "kind": "Dam", "score": 11, "dedup_count": 1, "label_rank": 11, "tags": { "waterway": "dam" } }, "geometry": { "type": "Point", "coordinates": [ 78.573267167358935, 23.567037154920783 ] } },
{ "type": "Feature", "properties": { "name": "(unnamed)", "kind": "Dam", "score": 11, "dedup_count": 1, "label_rank": 11, "tags": { "waterway": "dam" } }, "geometry": { "type": "Point", "coordinates": [ 78.4889459, 23.66785415 ] } },
{ "type": "Feature", "properties": { "name": "(unnamed)", "kind": "Dam", "score": 11, "dedup_count": 1, "label_rank": 11, "tags": { "waterway": "dam" } }, "geometry": { "type": "Point", "coordinates": [ 78.754581276236564, 23.72510255886597 ] } },
{ "type": "Feature", "properties": { "name": "(unnamed)", "kind": "Dam", "score": 11, "dedup_count": 1, "label_rank": 11, "tags": { "waterway": "dam" } }, "geometry": { "type": "Point", "coordinates": [ 78.649302345691353, 23.764925083715504 ] } },
{ "type": "Feature", "properties": { "name": "(unnamed)", "kind": "Dam", "score": 11, "dedup_count": 1, "label_rank": 11, "tags": { "area": "yes", "waterway": "dam" } }, "geometry": { "type": "Point", "coordinates": [ 78.694441887394277, 23.849622310066128 ] } },
{ "type": "Feature", "properties": { "name": "(unnamed)", "kind": "Dam", "score": 11, "dedup_count": 1, "label_rank": 11, "tags": { "waterway": "dam" } }, "geometry": { "type": "Point", "coordinates": [ 79.010953532862573, 23.940444151972333 ] } },
{ "type": "Feature", "properties": { "name": "(unnamed)", "kind": "Dam", "score": 11, "dedup_count": 1, "label_rank": 11, "tags": { "waterway": "dam" } }, "geometry": { "type": "Point", "coordinates": [ 79.094944469730507, 23.955033458961513 ] } },
{ "type": "Feature", "properties": { "name": "(unnamed)", "kind": "Dam", "score": 11, "dedup_count": 1, "label_rank": 11, "tags": { "waterway": "dam" } }, "geometry": { "type": "Point", "coordinates": [ 79.037979935921783, 23.987121423345879 ] } },
{ "type": "Feature", "properties": { "name": "(unnamed)", "kind": "Dam", "score": 11, "dedup_count": 1, "label_rank": 11, "tags": { "waterway": "dam" } }, "geometry": { "type": "Point", "coordinates": [ 79.175737650914954, 24.054315397697177 ] } },
{ "type": "Feature", "properties": { "name": "(unnamed)", "kind": "Dam", "score": 11, "dedup_count": 1, "label_rank": 11, "tags": { "waterway": "dam" } }, "geometry": { "type": "Point", "coordinates": [ 79.083218302505827, 24.071462098441948 ] } },
{ "type": "Feature", "properties": { "name": "(unnamed)", "kind": "Dam", "score": 11, "dedup_count": 1, "label_rank": 11, "tags": { "waterway": "dam" } }, "geometry": { "type": "Point", "coordinates": [ 78.42352387743054, 24.673322184039645 ] } },
{ "type": "Feature", "properties": { "name": "(unnamed)", "kind": "Dam", "score": 11, "dedup_count": 1, "label_rank": 11, "tags": { "waterway": "dam" } }, "geometry": { "type": "Point", "coordinates": [ 78.585717675709532, 24.737381443033417 ] } },
{ "type": "Feature", "properties": { "name": "(unnamed)", "kind": "Dam", "score": 11, "dedup_count": 1, "label_rank": 11, "tags": { "waterway": "dam" } }, "geometry": { "type": "Point", "coordinates": [ 78.1894239580527, 24.743180741736218 ] } },
{ "type": "Feature", "properties": { "name": "(unnamed)", "kind": "Dam", "score": 11, "dedup_count": 1, "label_rank": 11, "tags": { "waterway": "dam" } }, "geometry": { "type": "Point", "coordinates": [ 78.255591460197522, 24.756905105349674 ] } },
{ "type": "Feature", "properties": { "name": "(unnamed)", "kind": "Dam", "score": 11, "dedup_count": 1, "label_rank": 11, "tags": { "waterway": "dam" } }, "geometry": { "type": "Point", "coordinates": [ 79.598497910357878, 24.821087199498308 ] } },
{ "type": "Feature", "properties": { "name": "(unnamed)", "kind": "Dam", "score": 11, "dedup_count": 1, "label_rank": 11, "tags": { "waterway": "dam" } }, "geometry": { "type": "Point", "coordinates": [ 79.562408937763223, 24.826992540155729 ] } },
{ "type": "Feature", "properties": { "name": "(unnamed)", "kind": "Dam", "score": 11, "dedup_count": 1, "label_rank": 11, "tags": { "waterway": "dam" } }, "geometry": { "type": "Point", "coordinates": [ 79.572083088483751, 24.838454772015599 ] } },
{ "type": "Feature", "properties": { "name": "(unnamed)", "kind": "Dam", "score": 11, "dedup_count": 1, "label_rank": 11, "tags": { "waterway": "dam" } }, "geometry": { "type": "Point", "coordinates": [ 78.543014010022944, 25.189954548723815 ] } },
{ "type": "Feature", "properties": { "name": "(unnamed)", "kind": "Dam", "score": 11, "dedup_count": 1, "label_rank": 11, "tags": { "waterway": "dam" } }, "geometry": { "type": "Point", "coordinates": [ 79.084751491465695, 25.217365146217638 ] } },
{ "type": "Feature", "properties": { "name": "(unnamed)", "kind": "Dam", "score": 11, "dedup_count": 1, "label_rank": 11, "tags": { "waterway": "dam" } }, "geometry": { "type": "Point", "coordinates": [ 79.285490867909843, 25.230892595811948 ] } },
{ "type": "Feature", "properties": { "name": "(unnamed)", "kind": "Dam", "score": 11, "dedup_count": 1, "label_rank": 11, "tags": { "waterway": "dam" } }, "geometry": { "type": "Point", "coordinates": [ 78.534961218105735, 25.503425116888533 ] } },
{ "type": "Feature", "properties": { "name": "(unnamed)", "kind": "Dam", "score": 11, "dedup_count": 1, "label_rank": 11, "tags": { "waterway": "dam" } }, "geometry": { "type": "Point", "coordinates": [ 78.291548938677892, 26.003851837458214 ] } },
{ "type": "Feature", "properties": { "name": "(unnamed)", "kind": "Dam", "score": 11, "dedup_count": 1, "label_rank": 11, "tags": { "material": "stone", "waterway": "dam" } }, "geometry": { "type": "Point", "coordinates": [ 78.233143499999983, 26.2497597 ] } },
{ "type": "Feature", "properties": { "name": "(unnamed)", "kind": "Dam", "score": 11, "dedup_count": 1, "label_rank": 11, "tags": { "waterway": "dam" } }, "geometry": { "type": "Point", "coordinates": [ 78.192446288810146, 26.386380551085367 ] } },
{ "type": "Feature", "properties": { "name": "(unnamed)", "kind": "Dam", "score": 11, "dedup_count": 1, "label_rank": 11, "tags": { "waterway": "dam" } }, "geometry": { "type": "Point", "coordinates": [ 78.55124123345675, 26.579506420661254 ] } },
{ "type": "Feature", "properties": { "name": "(unnamed)", "kind": "Dam", "score": 11, "dedup_count": 1, "label_rank": 11, "tags": { "waterway": "dam" } }, "geometry": { "type": "Point", "coordinates": [ 78.544149299999987, 26.679313 ] } },
{ "type": "Feature", "properties": { "name": "(unnamed)", "kind": "Dam", "score": 11, "dedup_count": 1, "label_rank": 11, "tags": { "waterway": "dam" } }, "geometry": { "type": "Point", "coordinates": [ 78.366273299999975, 26.86835105 ] } },
{ "type": "Feature", "properties": { "name": "(unnamed)", "kind": "Dam", "score": 11, "dedup_count": 1, "label_rank": 11, "tags": { "waterway": "dam" } }, "geometry": { "type": "Point", "coordinates": [ 78.73424, 27.65322285 ] } },
{ "type": "Feature", "properties": { "name": "(unnamed)", "kind": "Dam", "score": 11, "dedup_count": 1, "label_rank": 11, "tags": { "waterway": "dam" } }, "geometry": { "type": "Point", "coordinates": [ 78.6110311, 27.8758579 ] } },
{ "type": "Feature", "properties": { "name": "(unnamed)", "kind": "Dam", "score": 11, "dedup_count": 1, "label_rank": 11, "tags": { "waterway": "dam" } }, "geometry": { "type": "Point", "coordinates": [ 78.394826407486832, 28.190366560294535 ] } },
{ "type": "Feature", "properties": { "name": "(unnamed)", "kind": "Dam", "score": 11, "dedup_count": 1, "label_rank": 11, "tags": { "waterway": "dam" } }, "geometry": { "type": "Point", "coordinates": [ 79.337057461905417, 29.115953941776596 ] } },
{ "type": "Feature", "properties": { "name": "(unnamed)", "kind": "Dam", "score": 11, "dedup_count": 1, "label_rank": 11, "tags": { "waterway": "dam" } }, "geometry": { "type": "Point", "coordinates": [ 79.286397967577841, 29.125824622679787 ] } },
{ "type": "Feature", "properties": { "name": "(unnamed)", "kind": "Dam", "score": 11, "dedup_count": 1, "label_rank": 11, "tags": { "waterway": "dam" } }, "geometry": { "type": "Point", "coordinates": [ 79.258470563480941, 29.144541252550784 ] } },
{ "type": "Feature", "properties": { "name": "(unnamed)", "kind": "Dam", "score": 11, "dedup_count": 1, "label_rank": 11, "tags": { "waterway": "dam" } }, "geometry": { "type": "Point", "coordinates": [ 78.64064092515504, 29.180100031952467 ] } },
{ "type": "Feature", "properties": { "name": "(unnamed)", "kind": "Dam", "score": 11, "dedup_count": 1, "label_rank": 11, "tags": { "waterway": "dam" } }, "geometry": { "type": "Point", "coordinates": [ 78.567100885803015, 29.322765517643372 ] } },
{ "type": "Feature", "properties": { "name": "(unnamed)", "kind": "Dam", "score": 11, "dedup_count": 1, "label_rank": 11, "tags": { "area": "yes", "waterway": "dam" } }, "geometry": { "type": "Point", "coordinates": [ 79.563686382913616, 29.342449979108846 ] } },
{ "type": "Feature", "properties": { "name": "(unnamed)", "kind": "Dam", "score": 11, "dedup_count": 1, "label_rank": 11, "tags": { "waterway": "dam" } }, "geometry": { "type": "Point", "coordinates": [ 78.787730222243667, 29.363353569965508 ] } },
{ "type": "Feature", "properties": { "name": "(unnamed)", "kind": "Dam", "score": 11, "dedup_count": 1, "label_rank": 11, "tags": { "waterway": "dam" } }, "geometry": { "type": "Point", "coordinates": [ 78.621221943246198, 29.413554721959358 ] } },
{ "type": "Feature", "properties": { "name": "(unnamed)", "kind": "Dam", "score": 11, "dedup_count": 1, "label_rank": 11, "tags": { "waterway": "dam" } }, "geometry": { "type": "Point", "coordinates": [ 78.288432707895055, 30.074383818891196 ] } },
{ "type": "Feature", "properties": { "name": "(unnamed)", "kind": "Dam", "score": 11, "dedup_count": 1, "label_rank": 11, "tags": { "area": "yes", "waterway": "dam" } }, "geometry": { "type": "Point", "coordinates": [ 78.792063650399143, 30.231021147814957 ] } },
{ "type": "Feature", "properties": { "name": "(unnamed)", "kind": "Dam", "score": 11, "dedup_count": 1, "label_rank": 11, "tags": { "source": "Bing", "waterway": "dam" } }, "geometry": { "type": "Point", "coordinates": [ 78.480141120309298, 30.300437263310172 ] } },
{ "type": "Feature", "properties": { "name": "(unnamed)", "kind": "Dam", "score": 11, "dedup_count": 1, "label_rank": 11, "tags": { "waterway": "dam" } }, "geometry": { "type": "Point", "coordinates": [ 79.513563800603819, 30.672466298344681 ] } },
{ "type": "Feature", "properties": { "name": "(unnamed)", "kind": "Dam", "score": 11, "dedup_count": 1, "label_rank": 11, "tags": { "waterway": "dam" } }, "geometry": { "type": "Point", "coordinates": [ 78.424114342320934, 30.729334930881585 ] } },
{ "type": "Feature", "properties": { "name": "(unnamed)", "kind": "Dam", "score": 11, "dedup_count": 1, "label_rank": 11, "tags": { "waterway": "dam" } }, "geometry": { "type": "Point", "coordinates": [ 78.17833567789863, 31.499434492957402 ] } },
{ "type": "Feature", "properties": { "name": "(unnamed)", "kind": "Dam", "score": 11, "dedup_count": 1, "label_rank": 11, "tags": { "waterway": "dam" } }, "geometry": { "type": "Point", "coordinates": [ 79.077998400000013, 31.5442871 ] } },
{ "type": "Feature", "properties": { "name": "(unnamed)", "kind": "Dam", "score": 11, "dedup_count": 1, "label_rank": 11, "tags": { "waterway": "dam" } }, "geometry": { "type": "Point", "coordinates": [ 78.062498658214068, 32.323210769815532 ] } },
{ "type": "Feature", "properties": { "name": "(unnamed)", "kind": "Dam", "score": 11, "dedup_count": 1, "label_rank": 11, "tags": { "waterway": "dam" } }, "geometry": { "type": "Point", "coordinates": [ 79.646378798271982, 32.545942920426278 ] } },
{ "type": "Feature", "properties": { "name": "(unnamed)", "kind": "Dam", "score": 11, "dedup_count": 1, "label_rank": 11, "tags": { "source": "Bing", "waterway": "dam" } }, "geometry": { "type": "Point", "coordinates": [ 79.695644796949793, 33.316854018323184 ] } },
{ "type": "Feature", "properties": { "name": "(unnamed)", "kind": "Dam", "score": 11, "dedup_count": 1, "label_rank": 11, "tags": { "waterway": "dam" } }, "geometry": { "type": "Point", "coordinates": [ 79.293854146851231, 33.371781562903031 ] } },
{ "type": "Feature", "properties": { "name": "(unnamed)", "kind": "Dam", "score": 11, "dedup_count": 1, "label_rank": 11, "tags": { "waterway": "dam" } }, "geometry": { "type": "Point", "coordinates": [ 78.744800389147173, 34.728654432871316 ] } },
{ "type": "Feature", "properties": { "name": "(unnamed)", "kind": "Dam", "score": 11, "dedup_count": 1, "label_rank": 11, "tags": { "waterway": "dam" } }, "geometry": { "type": "Point", "coordinates": [ 78.438562891112397, 36.248275900723591 ] } },
{ "type": "Feature", "properties": { "name": "(unnamed)", "kind": "Dam", "score": 11, "dedup_count": 1, "label_rank": 11, "tags": { "waterway": "dam" } }, "geometry": { "type": "Point", "coordinates": [ 79.436016059892111, 36.845821217917063 ] } },
{ "type": "Feature", "properties": { "name": "(unnamed)", "kind": "Dam", "score": 11, "dedup_count": 1, "label_rank": 11, "tags": { "waterway": "dam" } }, "geometry": { "type": "Point", "coordinates": [ 78.585935634709585, 37.115352472734465 ] } },
{ "type": "Feature", "properties": { "name": "(unnamed)", "kind": "Dam", "score": 11, "dedup_count": 1, "label_rank": 11, "tags": { "waterway": "dam" } }, "geometry": { "type": "Point", "coordinates": [ 78.320757438836807, 37.126572585752683 ] } },
{ "type": "Feature", "properties": { "name": "(unnamed)", "kind": "Dam", "score": 11, "dedup_count": 1, "label_rank": 11, "tags": { "waterway": "dam" } }, "geometry": { "type": "Point", "coordinates": [ 79.530642137090808, 37.170458199765619 ] } },
{ "type": "Feature", "properties": { "name": "(unnamed)", "kind": "Dam", "score": 11, "dedup_count": 1, "label_rank": 11, "tags": { "waterway": "dam" } }, "geometry": { "type": "Point", "coordinates": [ 78.995426672308255, 37.17931322908133 ] } },
{ "type": "Feature", "properties": { "name": "(unnamed)", "kind": "Dam", "score": 11, "dedup_count": 1, "label_rank": 11, "tags": { "waterway": "dam" } }, "geometry": { "type": "Point", "coordinates": [ 79.325782046610001, 37.21855306761379 ] } },
{ "type": "Feature", "properties": { "name": "(unnamed)", "kind": "Dam", "score": 11, "dedup_count": 1, "label_rank": 11, "tags": { "waterway": "dam" } }, "geometry": { "type": "Point", "coordinates": [ 79.651770649999989, 37.22277595 ] } },
{ "type": "Feature", "properties": { "name": "(unnamed)", "kind": "Dam", "score": 11, "dedup_count": 1, "label_rank": 11, "tags": { "waterway": "dam" } }, "geometry": { "type": "Point", "coordinates": [ 78.53719083462353, 37.266712873897802 ] } },
{ "type": "Feature", "properties": { "name": "(unnamed)", "kind": "Dam", "score": 11, "dedup_count": 1, "label_rank": 11, "tags": { "waterway": "dam" } }, "geometry": { "type": "Point", "coordinates": [ 78.089324589987655, 37.376411547153857 ] } },
{ "type": "Feature", "properties": { "name": "(unnamed)", "kind": "Dam", "score": 11, "dedup_count": 1, "label_rank": 11, "tags": { "waterway": "dam" } }, "geometry": { "type": "Point", "coordinates": [ 78.140031544241481, 37.434274196826429 ] } },
{ "type": "Feature", "properties": { "name": "(unnamed)", "kind": "Dam", "score": 11, "dedup_count": 1, "label_rank": 11, "tags": { "source": "BingSat", "waterway": "dam" } }, "geometry": { "type": "Point", "coordinates": [ 79.8707145, 23.0027933 ] } },
{ "type": "Feature", "properties": { "name": "(unnamed)", "kind": "Dam", "score": 11, "dedup_count": 1, "label_rank": 11, "tags": { "waterway": "dam" } }, "geometry": { "type": "Point", "coordinates": [ 80.364230103516263, 23.0073144152304 ] } },
{ "type": "Feature", "properties": { "name": "(unnamed)", "kind": "Dam", "score": 11, "dedup_count": 1, "label_rank": 11, "tags": { "waterway": "dam" } }, "geometry": { "type": "Point", "coordinates": [ 80.4869956, 23.02346645 ] } },
{ "type": "Feature", "properties": { "name": "(unnamed)", "kind": "Dam", "score": 11, "dedup_count": 1, "label_rank": 11, "tags": { "waterway": "dam" } }, "geometry": { "type": "Point", "coordinates": [ 80.258194900569521, 23.071006850767532 ] } },
{ "type": "Feature", "properties": { "name": "(unnamed)", "kind": "Dam", "score": 11, "dedup_count": 1, "label_rank": 11, "tags": { "waterway": "dam" } }, "geometry": { "type": "Point", "coordinates": [ 80.26568145, 23.09675145 ] } },
{ "type": "Feature", "properties": { "name": "(unnamed)", "kind": "Dam", "score": 11, "dedup_count": 1, "label_rank": 11, "tags": { "waterway": "dam" } }, "geometry": { "type": "Point", "coordinates": [ 80.407610446913381, 23.110571200161633 ] } },
{ "type": "Feature", "properties": { "name": "(unnamed)", "kind": "Dam", "score": 11, "dedup_count": 1, "label_rank": 11, "tags": { "waterway": "dam" } }, "geometry": { "type": "Point", "coordinates": [ 80.0178711, 23.16148935 ] } },
{ "type": "Feature", "properties": { "name": "(unnamed)", "kind": "Dam", "score": 11, "dedup_count": 1, "label_rank": 11, "tags": { "waterway": "dam" } }, "geometry": { "type": "Point", "coordinates": [ 80.229730823867754, 23.166436905733104 ] } },
{ "type": "Feature", "properties": { "name": "(unnamed)", "kind": "Dam", "score": 11, "dedup_count": 1, "label_rank": 11, "tags": { "waterway": "dam" } }, "geometry": { "type": "Point", "coordinates": [ 80.13418975, 23.18270925 ] } },
{ "type": "Feature", "properties": { "name": "(unnamed)", "kind": "Dam", "score": 11, "dedup_count": 1, "label_rank": 11, "tags": { "waterway": "dam" } }, "geometry": { "type": "Point", "coordinates": [ 80.410172070146558, 23.184974442987855 ] } },
{ "type": "Feature", "properties": { "name": "(unnamed)", "kind": "Dam", "score": 11, "dedup_count": 1, "label_rank": 11, "tags": { "waterway": "dam" } }, "geometry": { "type": "Point", "coordinates": [ 80.256267, 23.20601265 ] } },
{ "type": "Feature", "properties": { "name": "(unnamed)", "kind": "Dam", "score": 11, "dedup_count": 1, "label_rank": 11, "tags": { "waterway": "dam" } }, "geometry": { "type": "Point", "coordinates": [ 80.1682911, 23.21475145 ] } },
{ "type": "Feature", "properties": { "name": "(unnamed)", "kind": "Dam", "score": 11, "dedup_count": 1, "label_rank": 11, "tags": { "waterway": "dam" } }, "geometry": { "type": "Point", "coordinates": [ 80.225667101578722, 23.221929539745236 ] } },
{ "type": "Feature", "properties": { "name": "(unnamed)", "kind": "Dam", "score": 11, "dedup_count": 1, "label_rank": 11, "tags": { "waterway": "dam" } }, "geometry": { "type": "Point", "coordinates": [ 80.128199339909656, 23.23013061167401 ] } },
{ "type": "Feature", "properties": { "name": "(unnamed)", "kind": "Dam", "score": 11, "dedup_count": 1, "label_rank": 11, "tags": { "waterway": "dam" } }, "geometry": { "type": "Point", "coordinates": [ 80.302189749999982, 23.23071765 ] } },
{ "type": "Feature", "properties": { "name": "(unnamed)", "kind": "Dam", "score": 11, "dedup_count": 1, "label_rank": 11, "tags": { "waterway": "dam" } }, "geometry": { "type": "Point", "coordinates": [ 80.0202788, 23.26524175 ] } },
{ "type": "Feature", "properties": { "name": "(unnamed)", "kind": "Dam", "score": 11, "dedup_count": 1, "label_rank": 11, "tags": { "waterway": "dam" } }, "geometry": { "type": "Point", "coordinates": [ 80.23249935, 23.30614005 ] } },
{ "type": "Feature", "properties": { "name": "(unnamed)", "kind": "Dam", "score": 11, "dedup_count": 1, "label_rank": 11, "tags": { "waterway": "dam" } }, "geometry": { "type": "Point", "coordinates": [ 80.11329678199408, 23.35766051221519 ] } },
{ "type": "Feature", "properties": { "name": "(unnamed)", "kind": "Dam", "score": 11, "dedup_count": 1, "label_rank": 11, "tags": { "source": "BingSat", "waterway": "dam" } }, "geometry": { "type": "Point", "coordinates": [ 80.43179935, 23.43637885 ] } },
{ "type": "Feature", "properties": { "name": "(unnamed)", "kind": "Dam", "score": 11, "dedup_count": 1, "label_rank": 11, "tags": { "source": "BingSat", "waterway": "dam" } }, "geometry": { "type": "Point", "coordinates": [ 79.949123318986736, 23.700475966473753 ] } },
{ "type": "Feature", "properties": { "name": "(unnamed)", "kind": "Dam", "score": 11, "dedup_count": 1, "label_rank": 11, "tags": { "source": "BingSat", "waterway": "dam" } }, "geometry": { "type": "Point", "coordinates": [ 79.919400677307038, 23.711567444296048 ] } },
{ "type": "Feature", "properties": { "name": "(unnamed)", "kind": "Dam", "score": 11, "dedup_count": 1, "label_rank": 11, "tags": { "source": "BingSat", "waterway": "dam" } }, "geometry": { "type": "Point", "coordinates": [ 80.041812791218476, 23.7263904738221 ] } },
{ "type": "Feature", "properties": { "name": "(unnamed)", "kind": "Dam", "score": 11, "dedup_count": 1, "label_rank": 11, "tags": { "source": "BingSat", "waterway": "dam" } }, "geometry": { "type": "Point", "coordinates": [ 79.789889813140391, 23.74929328103584 ] } },
{ "type": "Feature", "properties": { "name": "(unnamed)", "kind": "Dam", "score": 11, "dedup_count": 1, "label_rank": 11, "tags": { "source": "BingSat", "waterway": "dam" } }, "geometry": { "type": "Point", "coordinates": [ 79.907529578630701, 23.780061114377229 ] } },
{ "type": "Feature", "properties": { "name": "(unnamed)", "kind": "Dam", "score": 11, "dedup_count": 1, "label_rank": 11, "tags": { "source": "BingSat", "waterway": "dam" } }, "geometry": { "type": "Point", "coordinates": [ 79.816540631975286, 23.792034187119743 ] } },
{ "type": "Feature", "properties": { "name": "(unnamed)", "kind": "Dam", "score": 11, "dedup_count": 1, "label_rank": 11, "tags": { "waterway": "dam" } }, "geometry": { "type": "Point", "coordinates": [ 80.161161022724102, 24.705374737007716 ] } },
{ "type": "Feature", "properties": { "name": "(unnamed)", "kind": "Dam", "score": 11, "dedup_count": 1, "label_rank": 11, "tags": { "waterway": "dam" } }, "geometry": { "type": "Point", "coordinates": [ 79.731157725301827, 24.784128713195429 ] } },
{ "type": "Feature", "properties": { "name": "(unnamed)", "kind": "Dam", "score": 11, "dedup_count": 1, "label_rank": 11, "tags": { "waterway": "dam" } }, "geometry": { "type": "Point", "coordinates": [ 80.429161458841705, 24.836077489712597 ] } },
{ "type": "Feature", "properties": { "name": "(unnamed)", "kind": "Dam", "score": 11, "dedup_count": 1, "label_rank": 11, "tags": { "waterway": "dam" } }, "geometry": { "type": "Point", "coordinates": [ 80.179463577116309, 24.844921710286751 ] } },
{ "type": "Feature", "properties": { "name": "(unnamed)", "kind": "Dam", "score": 11, "dedup_count": 1, "label_rank": 11, "tags": { "waterway": "dam" } }, "geometry": { "type": "Point", "coordinates": [ 80.198966168501357, 24.845475986529848 ] } },
{ "type": "Feature", "properties": { "name": "(unnamed)", "kind": "Dam", "score": 11, "dedup_count": 1, "label_rank": 11, "tags": { "waterway": "dam" } }, "geometry": { "type": "Point", "coordinates": [ 80.212916134878455, 24.851945704793145 ] } },
{ "type": "Feature", "properties": { "name": "(unnamed)", "kind": "Dam", "score": 11, "dedup_count": 1, "label_rank": 11, "tags": { "waterway": "dam" } }, "geometry": { "type": "Point", "coordinates": [ 80.386614376214808, 24.916730642659502 ] } },
{ "type": "Feature", "properties": { "name": "(unnamed)", "kind": "Dam", "score": 11, "dedup_count": 1, "label_rank": 11, "tags": { "waterway": "dam" } }, "geometry": { "type": "Point", "coordinates": [ 79.941684671064934, 24.936630195440998 ] } },
{ "type": "Feature", "properties": { "name": "(unnamed)", "kind": "Dam", "score": 11, "dedup_count": 1, "label_rank": 11, "tags": { "area": "yes", "waterway": "dam" } }, "geometry": { "type": "Point", "coordinates": [ 80.297478774406613, 25.025321432328553 ] } },
{ "type": "Feature", "properties": { "name": "(unnamed)", "kind": "Dam", "score": 11, "dedup_count": 1, "label_rank": 11, "tags": { "waterway": "dam" } }, "geometry": { "type": "Point", "coordinates": [ 80.302739031340224, 25.610128752529114 ] } },
{ "type": "Feature", "properties": { "name": "(unnamed)", "kind": "Dam", "score": 11, "dedup_count": 1, "label_rank": 11, "tags": { "waterway": "dam" } }, "geometry": { "type": "Point", "coordinates": [ 80.289881722413853, 25.618211578504223 ] } },
{ "type": "Feature", "properties": { "name": "(unnamed)", "kind": "Dam", "score": 11, "dedup_count": 1, "label_rank": 11, "tags": { "waterway": "dam" } }, "geometry": { "type": "Point", "coordinates": [ 80.318637155471279, 26.510169981041489 ] } },
{ "type": "Feature", "properties": { "name": "(unnamed)", "kind": "Dam", "score": 11, "dedup_count": 1, "label_rank": 11, "tags": { "source": "Esri World Imagery", "waterway": "dam" } }, "geometry": { "type": "Point", "coordinates": [ 79.837029554606858, 28.938208893309749 ] } },
{ "type": "Feature", "properties": { "name": "(unnamed)", "kind": "Dam", "score": 11, "dedup_count": 1, "label_rank": 11, "tags": { "area": "yes", "source": "bing", "waterway": "dam" } }, "geometry": { "type": "Point", "coordinates": [ 79.802379846111663, 31.476139099537292 ] } },
{ "type": "Feature", "properties": { "name": "(unnamed)", "kind": "Dam", "score": 11, "dedup_count": 1, "label_rank": 11, "tags": { "area": "yes", "waterway": "dam" } }, "geometry": { "type": "Point", "coordinates": [ 79.821377851535615, 31.498664735350054 ] } },
{ "type": "Feature", "properties": { "name": "(unnamed)", "kind": "Dam", "score": 11, "dedup_count": 1, "label_rank": 11, "tags": { "area": "yes", "waterway": "dam" } }, "geometry": { "type": "Point", "coordinates": [ 80.157050015961374, 32.524354483942666 ] } },
{ "type": "Feature", "properties": { "name": "(unnamed)", "kind": "Dam", "score": 11, "dedup_count": 1, "label_rank": 11, "tags": { "area": "yes", "waterway": "dam" } }, "geometry": { "type": "Point", "coordinates": [ 80.090520663612409, 32.551192426385803 ] } },
{ "type": "Feature", "properties": { "name": "(unnamed)", "kind": "Dam", "score": 11, "dedup_count": 1, "label_rank": 11, "tags": { "waterway": "dam" } }, "geometry": { "type": "Point", "coordinates": [ 79.748398682788803, 33.369266961627872 ] } },
{ "type": "Feature", "properties": { "name": "(unnamed)", "kind": "Dam", "score": 11, "dedup_count": 1, "label_rank": 11, "tags": { "waterway": "dam" } }, "geometry": { "type": "Point", "coordinates": [ 79.82412195, 33.63492265 ] } },
{ "type": "Feature", "properties": { "name": "(unnamed)", "kind": "Dam", "score": 11, "dedup_count": 1, "label_rank": 11, "tags": { "waterway": "dam" } }, "geometry": { "type": "Point", "coordinates": [ 79.868136099999987, 36.672608049999987 ] } },
{ "type": "Feature", "properties": { "name": "(unnamed)", "kind": "Dam", "score": 11, "dedup_count": 1, "label_rank": 11, "tags": { "building": "yes", "waterway": "dam" } }, "geometry": { "type": "Point", "coordinates": [ 79.75881125, 36.9966694 ] } },
{ "type": "Feature", "properties": { "name": "(unnamed)", "kind": "Dam", "score": 11, "dedup_count": 1, "label_rank": 11, "tags": { "area": "yes", "waterway": "dam" } }, "geometry": { "type": "Point", "coordinates": [ 79.881774384800678, 37.226806342311669 ] } },
{ "type": "Feature", "properties": { "name": "(unnamed)", "kind": "Dam", "score": 11, "dedup_count": 1, "label_rank": 11, "tags": { "waterway": "dam" } }, "geometry": { "type": "Point", "coordinates": [ 80.071229218789455, 37.464762198502875 ] } },
{ "type": "Feature", "properties": { "name": "URI II", "kind": "Dam", "score": 11, "dedup_count": 1, "label_rank": 11, "tags": { "name": "URI II", "waterway": "dam" } }, "geometry": { "type": "Point", "coordinates": [ 74.031434494964671, 34.091867877492845 ] } },
{ "type": "Feature", "properties": { "name": "URI I", "kind": "Dam", "score": 11, "dedup_count": 1, "label_rank": 11, "tags": { "name": "URI I", "waterway": "dam" } }, "geometry": { "type": "Point", "coordinates": [ 74.185745141990793, 34.144510054965266 ] } },
{ "type": "Feature", "properties": { "name": "Walana Dam", "kind": "Dam", "score": 11, "dedup_count": 1, "label_rank": 11, "tags": { "name": "Walana Dam", "waterway": "dam" } }, "geometry": { "type": "Point", "coordinates": [ 72.623011054554908, 32.879000280289581 ] } },
{ "type": "Feature", "properties": { "name": "Zibi Dam", "kind": "Dam", "score": 11, "dedup_count": 1, "label_rank": 11, "tags": { "name": "Zibi Dam", "waterway": "dam" } }, "geometry": { "type": "Point", "coordinates": [ 71.2804512, 33.1763078 ] } },
{ "type": "Feature", "properties": { "name": "Harike", "kind": "Dam/Weir/Barrage", "score": 10, "dedup_count": 3, "label_rank": 12, "tags": { "name": "Harike", "name:hi": "हरिके", "name:pa": "ਹਰੀਕੇ", "name:ur": "ہریکے", "place": "village", "population": "8662", "population:date": "2011", "postal_code": "143412", "wikidata": "Q73206909", "wikipedia": "en:Harike" } }, "geometry": { "type": "Point", "coordinates": [ 74.943950903261936, 31.166777202146704 ] } },
{ "type": "Feature", "properties": { "name": "Raj Canal", "kind": "Weir", "score": 10, "dedup_count": 1, "label_rank": 12, "tags": { "height": "2.3", "material": "concrete", "name": "راڄ واھ", "name:en": "Raj Canal", "name:sd": "راڄ واھ", "name:ur": "راج واہ", "operator": "Allah Dino Shah Darogo", "waterway": "weir" } }, "geometry": { "type": "Point", "coordinates": [ 68.960148, 24.604453 ] } },
{ "type": "Feature", "properties": { "name": "(unnamed)", "kind": "Weir", "score": 10, "dedup_count": 1, "label_rank": 12, "tags": { "height": "5", "material": "concrete", "waterway": "weir" } }, "geometry": { "type": "Point", "coordinates": [ 72.909702087020847, 33.498017721020894 ] } },
{ "type": "Feature", "properties": { "name": "(unnamed)", "kind": "Weir", "score": 10, "dedup_count": 1, "label_rank": 12, "tags": { "height": "3", "material": "concrete", "operator": "Punjab Irrigation Department", "usage": "irrigation", "waterway": "weir" } }, "geometry": { "type": "Point", "coordinates": [ 74.465324, 32.32712515 ] } },
{ "type": "Feature", "properties": { "name": "Ghazi Brotha HPP – Gatti I (Tarbela Hydro Power Plant (HPP) – Gatti I )", "kind": "Hydel", "score": 9, "dedup_count": 1, "label_rank": 13, "tags": { "cables": "3", "frequency": "50", "name": "Ghazi Brotha HPP – Gatti I (Tarbela Hydro Power Plant (HPP) – Gatti I )", "power": "line", "voltage": "500000" } }, "geometry": { "type": "Point", "coordinates": [ 72.60824727601036, 32.52559356480527 ] } },
{ "type": "Feature", "properties": { "name": "Tarbela HPP – Ghazi Brotha HPP I (Tarbela Hydro Power Plant (HPP) – Gatti I )", "kind": "Hydel", "score": 9, "dedup_count": 1, "label_rank": 13, "tags": { "cables": "3", "frequency": "50", "name": "Tarbela HPP – Ghazi Brotha HPP I (Tarbela Hydro Power Plant (HPP) – Gatti I )", "power": "line", "voltage": "500000" } }, "geometry": { "type": "Point", "coordinates": [ 72.597648928965754, 33.913062986547445 ] } },
{ "type": "Feature", "properties": { "name": "Guddu Electrician And Power Tools", "kind": "Hydel", "score": 9, "dedup_count": 1, "label_rank": 13, "tags": { "addr:street": "RTO Road", "mapillary": "2742488562726158", "name": "Guddu Electrician And Power Tools", "shop": "electrical" } }, "geometry": { "type": "Point", "coordinates": [ 79.490093, 29.2098355 ] } },
{ "type": "Feature", "properties": { "name": "Marala Hydropower Project", "kind": "Hydel", "score": 9, "dedup_count": 1, "label_rank": 13, "tags": { "addr:street": "Head Marala Road", "landuse": "industrial", "layer": "2", "name": "Marala Hydropower Project", "operator": "Government of Punjab", "plant:method": "run-of-the-river", "plant:output:electricity": "7 MW", "plant:source": "hydro", "power": "plant", "start_date": "2015-03-01" } }, "geometry": { "type": "Point", "coordinates": [ 74.474862619314237, 32.660164999685165 ] } },
{ "type": "Feature", "properties": { "name": "Orient Power Balloki Power Plant", "kind": "Hydel", "score": 9, "dedup_count": 1, "label_rank": 13, "tags": { "landuse": "industrial", "name": "Orient Power Balloki Power Plant", "plant:method": "combustion", "plant:output:electricity": "225 MW", "plant:source": "gas", "plant:type": "combined_cycle", "power": "plant", "source": "http://globalenergyobservatory.org/geoid/41120; https://nepra.org.pk/publications/State%20of%20Industry%20Reports/State%20of%20Industry%20Report%202022.pdf" } }, "geometry": { "type": "Point", "coordinates": [ 73.889918493992411, 31.188481209654046 ] } },
{ "type": "Feature", "properties": { "name": "Helios Power (Pvt.) Limited (Phase 3), Meridian Energy (Pvt.) Ltd (Phase 1), HND Energy (Pvt.) Limited (Phase 2), Scatec Sukkur solar farm", "kind": "Hydel", "score": 9, "dedup_count": 1, "label_rank": 13, "tags": { "name": "Helios Power (Pvt.) Limited (Phase 3), Meridian Energy (Pvt.) Ltd (Phase 1), HND Energy (Pvt.) Limited (Phase 2), Scatec Sukkur solar farm", "plant:output:electricity": "50 MW", "plant:source": "solar", "power": "plant" } }, "geometry": { "type": "Point", "coordinates": [ 69.013282742527352, 27.407993237028162 ] } },
{ "type": "Feature", "properties": { "name": "(unnamed)", "kind": "Weir", "score": 7, "dedup_count": 16, "label_rank": 14, "tags": { "waterway": "weir" } }, "geometry": { "type": "Point", "coordinates": [ 72.72264875, 34.083128969095746 ] } },
{ "type": "Feature", "properties": { "name": "(unnamed)", "kind": "Weir", "score": 7, "dedup_count": 14, "label_rank": 14, "tags": { "waterway": "weir" } }, "geometry": { "type": "Point", "coordinates": [ 75.76598217142859, 26.874332357897725 ] } },
{ "type": "Feature", "properties": { "name": "(unnamed)", "kind": "Weir", "score": 7, "dedup_count": 11, "label_rank": 14, "tags": { "waterway": "weir" } }, "geometry": { "type": "Point", "coordinates": [ 61.615653712953502, 34.363549725517423 ] } },
{ "type": "Feature", "properties": { "name": "(unnamed)", "kind": "Weir", "score": 7, "dedup_count": 11, "label_rank": 14, "tags": { "waterway": "weir" } }, "geometry": { "type": "Point", "coordinates": [ 75.909982272727277, 26.772110454513633 ] } },
{ "type": "Feature", "properties": { "name": "(unnamed)", "kind": "Weir", "score": 7, "dedup_count": 9, "label_rank": 14, "tags": { "waterway": "weir" } }, "geometry": { "type": "Point", "coordinates": [ 77.244091786523811, 28.443137268718669 ] } },
{ "type": "Feature", "properties": { "name": "(unnamed)", "kind": "Weir", "score": 7, "dedup_count": 9, "label_rank": 14, "tags": { "source": "bing", "waterway": "weir" } }, "geometry": { "type": "Point", "coordinates": [ 80.016973670744648, 28.921988490042892 ] } },
{ "type": "Feature", "properties": { "name": "(unnamed)", "kind": "Weir", "score": 7, "dedup_count": 8, "label_rank": 14, "tags": { "waterway": "weir" } }, "geometry": { "type": "Point", "coordinates": [ 78.822517962499987, 26.882141914784551 ] } },
{ "type": "Feature", "properties": { "name": "(unnamed)", "kind": "Weir", "score": 7, "dedup_count": 7, "label_rank": 14, "tags": { "waterway": "weir" } }, "geometry": { "type": "Point", "coordinates": [ 63.986212307857897, 29.419542401963255 ] } },
{ "type": "Feature", "properties": { "name": "(unnamed)", "kind": "Weir", "score": 7, "dedup_count": 7, "label_rank": 14, "tags": { "waterway": "weir" } }, "geometry": { "type": "Point", "coordinates": [ 64.3682559, 31.635602040078844 ] } },
{ "type": "Feature", "properties": { "name": "(unnamed)", "kind": "Weir", "score": 7, "dedup_count": 7, "label_rank": 14, "tags": { "waterway": "weir" } }, "geometry": { "type": "Point", "coordinates": [ 64.339001528571416, 31.719746369089236 ] } },
{ "type": "Feature", "properties": { "name": "(unnamed)", "kind": "Weir", "score": 7, "dedup_count": 7, "label_rank": 14, "tags": { "source": "Bing", "waterway": "weir" } }, "geometry": { "type": "Point", "coordinates": [ 65.635442794600948, 27.153501216522038 ] } },
{ "type": "Feature", "properties": { "name": "(unnamed)", "kind": "Weir", "score": 7, "dedup_count": 7, "label_rank": 14, "tags": { "waterway": "weir" } }, "geometry": { "type": "Point", "coordinates": [ 78.039621771428557, 29.92578617823759 ] } },
{ "type": "Feature", "properties": { "name": "(unnamed)", "kind": "Weir", "score": 7, "dedup_count": 6, "label_rank": 14, "tags": { "source": "Bing", "waterway": "weir" } }, "geometry": { "type": "Point", "coordinates": [ 65.541967972336522, 27.099794846962975 ] } },
{ "type": "Feature", "properties": { "name": "(unnamed)", "kind": "Weir", "score": 7, "dedup_count": 6, "label_rank": 14, "tags": { "waterway": "weir" } }, "geometry": { "type": "Point", "coordinates": [ 70.737280733333321, 34.260426581788167 ] } },
{ "type": "Feature", "properties": { "name": "(unnamed)", "kind": "Weir", "score": 7, "dedup_count": 5, "label_rank": 14, "tags": { "source": "Bing", "waterway": "weir" } }, "geometry": { "type": "Point", "coordinates": [ 65.553679024174144, 27.125318805032741 ] } },
{ "type": "Feature", "properties": { "name": "(unnamed)", "kind": "Weir", "score": 7, "dedup_count": 5, "label_rank": 14, "tags": { "waterway": "weir" } }, "geometry": { "type": "Point", "coordinates": [ 66.21781, 36.072772085786823 ] } },
{ "type": "Feature", "properties": { "name": "(unnamed)", "kind": "Weir", "score": 7, "dedup_count": 5, "label_rank": 14, "tags": { "waterway": "weir" } }, "geometry": { "type": "Point", "coordinates": [ 68.5483209, 25.872863960226699 ] } },
{ "type": "Feature", "properties": { "name": "(unnamed)", "kind": "Weir", "score": 7, "dedup_count": 5, "label_rank": 14, "tags": { "waterway": "weir" } }, "geometry": { "type": "Point", "coordinates": [ 68.74180242, 36.712390260002934 ] } },
{ "type": "Feature", "properties": { "name": "(unnamed)", "kind": "Weir", "score": 7, "dedup_count": 5, "label_rank": 14, "tags": { "waterway": "weir" } }, "geometry": { "type": "Point", "coordinates": [ 69.4682846, 37.091882899676577 ] } },
{ "type": "Feature", "properties": { "name": "(unnamed)", "kind": "Weir", "score": 7, "dedup_count": 5, "label_rank": 14, "tags": { "waterway": "weir" } }, "geometry": { "type": "Point", "coordinates": [ 70.52944161, 30.692603530269263 ] } },
{ "type": "Feature", "properties": { "name": "(unnamed)", "kind": "Weir", "score": 7, "dedup_count": 5, "label_rank": 14, "tags": { "waterway": "weir" } }, "geometry": { "type": "Point", "coordinates": [ 70.999462116456741, 24.459095327898389 ] } },
{ "type": "Feature", "properties": { "name": "(unnamed)", "kind": "Weir", "score": 7, "dedup_count": 5, "label_rank": 14, "tags": { "waterway": "weir" } }, "geometry": { "type": "Point", "coordinates": [ 72.939947569999987, 24.867654041702934 ] } },
{ "type": "Feature", "properties": { "name": "(unnamed)", "kind": "Weir", "score": 7, "dedup_count": 5, "label_rank": 14, "tags": { "waterway": "weir" } }, "geometry": { "type": "Point", "coordinates": [ 78.616604439999975, 27.793781706577075 ] } },
{ "type": "Feature", "properties": { "name": "(unnamed)", "kind": "Weir", "score": 7, "dedup_count": 5, "label_rank": 14, "tags": { "waterway": "weir" } }, "geometry": { "type": "Point", "coordinates": [ 78.7259706, 30.118510057564379 ] } },
{ "type": "Feature", "properties": { "name": "(unnamed)", "kind": "Weir", "score": 7, "dedup_count": 4, "label_rank": 14, "tags": { "waterway": "weir" } }, "geometry": { "type": "Point", "coordinates": [ 60.790961375, 27.400534938466574 ] } },
{ "type": "Feature", "properties": { "name": "(unnamed)", "kind": "Weir", "score": 7, "dedup_count": 4, "label_rank": 14, "tags": { "waterway": "weir" } }, "geometry": { "type": "Point", "coordinates": [ 64.86075225, 36.049260537426619 ] } },
{ "type": "Feature", "properties": { "name": "(unnamed)", "kind": "Weir", "score": 7, "dedup_count": 4, "label_rank": 14, "tags": { "waterway": "weir" } }, "geometry": { "type": "Point", "coordinates": [ 66.93578152500001, 36.614809950158595 ] } },
{ "type": "Feature", "properties": { "name": "(unnamed)", "kind": "Weir", "score": 7, "dedup_count": 4, "label_rank": 14, "tags": { "waterway": "weir" } }, "geometry": { "type": "Point", "coordinates": [ 67.84197180000001, 28.459968050048495 ] } },
{ "type": "Feature", "properties": { "name": "(unnamed)", "kind": "Weir", "score": 7, "dedup_count": 4, "label_rank": 14, "tags": { "waterway": "weir" } }, "geometry": { "type": "Point", "coordinates": [ 67.71760497624274, 29.579634788375998 ] } },
{ "type": "Feature", "properties": { "name": "(unnamed)", "kind": "Weir", "score": 7, "dedup_count": 4, "label_rank": 14, "tags": { "waterway": "weir" } }, "geometry": { "type": "Point", "coordinates": [ 68.502405, 24.934874650034697 ] } },
{ "type": "Feature", "properties": { "name": "(unnamed)", "kind": "Weir", "score": 7, "dedup_count": 4, "label_rank": 14, "tags": { "waterway": "weir" } }, "geometry": { "type": "Point", "coordinates": [ 68.1427001, 26.793003125556027 ] } },
{ "type": "Feature", "properties": { "name": "(unnamed)", "kind": "Weir", "score": 7, "dedup_count": 4, "label_rank": 14, "tags": { "waterway": "weir" } }, "geometry": { "type": "Point", "coordinates": [ 69.012538825, 28.085761526895517 ] } },
{ "type": "Feature", "properties": { "name": "(unnamed)", "kind": "Weir", "score": 7, "dedup_count": 4, "label_rank": 14, "tags": { "waterway": "weir" } }, "geometry": { "type": "Point", "coordinates": [ 69.2858704, 35.089327708421813 ] } },
{ "type": "Feature", "properties": { "name": "(unnamed)", "kind": "Weir", "score": 7, "dedup_count": 4, "label_rank": 14, "tags": { "waterway": "weir" } }, "geometry": { "type": "Point", "coordinates": [ 68.959395199999989, 36.693865100192433 ] } },
{ "type": "Feature", "properties": { "name": "(unnamed)", "kind": "Weir", "score": 7, "dedup_count": 4, "label_rank": 14, "tags": { "waterway": "weir" } }, "geometry": { "type": "Point", "coordinates": [ 70.769201737499998, 23.144009612309336 ] } },
{ "type": "Feature", "properties": { "name": "(unnamed)", "kind": "Weir", "score": 7, "dedup_count": 4, "label_rank": 14, "tags": { "waterway": "weir" } }, "geometry": { "type": "Point", "coordinates": [ 70.702101925, 30.35301978690314 ] } },
{ "type": "Feature", "properties": { "name": "(unnamed)", "kind": "Weir", "score": 7, "dedup_count": 4, "label_rank": 14, "tags": { "waterway": "weir" } }, "geometry": { "type": "Point", "coordinates": [ 70.101144662844192, 34.295932085640295 ] } },
{ "type": "Feature", "properties": { "name": "(unnamed)", "kind": "Weir", "score": 7, "dedup_count": 4, "label_rank": 14, "tags": { "source": "Yahoo, 2006 (hi-res)", "waterway": "weir" } }, "geometry": { "type": "Point", "coordinates": [ 71.5792985625, 34.166475898331704 ] } },
{ "type": "Feature", "properties": { "name": "(unnamed)", "kind": "Weir", "score": 7, "dedup_count": 4, "label_rank": 14, "tags": { "waterway": "weir" } }, "geometry": { "type": "Point", "coordinates": [ 73.616614625, 32.697025650535785 ] } },
{ "type": "Feature", "properties": { "name": "(unnamed)", "kind": "Weir", "score": 7, "dedup_count": 4, "label_rank": 14, "tags": { "waterway": "weir" } }, "geometry": { "type": "Point", "coordinates": [ 74.078936964821423, 25.518115456653639 ] } },
{ "type": "Feature", "properties": { "name": "(unnamed)", "kind": "Weir", "score": 7, "dedup_count": 4, "label_rank": 14, "tags": { "waterway": "weir" } }, "geometry": { "type": "Point", "coordinates": [ 74.506405912500014, 26.382606702370555 ] } },
{ "type": "Feature", "properties": { "name": "(unnamed)", "kind": "Weir", "score": 7, "dedup_count": 4, "label_rank": 14, "tags": { "waterway": "weir" } }, "geometry": { "type": "Point", "coordinates": [ 76.43024354439207, 26.042584747298548 ] } },
{ "type": "Feature", "properties": { "name": "(unnamed)", "kind": "Weir", "score": 7, "dedup_count": 4, "label_rank": 14, "tags": { "source": "bing", "waterway": "weir" } }, "geometry": { "type": "Point", "coordinates": [ 77.423645125, 29.805736705479458 ] } },
{ "type": "Feature", "properties": { "name": "(unnamed)", "kind": "Weir", "score": 7, "dedup_count": 4, "label_rank": 14, "tags": { "source": "bing", "waterway": "weir" } }, "geometry": { "type": "Point", "coordinates": [ 79.601728849999986, 28.544417425006223 ] } },
{ "type": "Feature", "properties": { "name": "(unnamed)", "kind": "Weir", "score": 7, "dedup_count": 4, "label_rank": 14, "tags": { "waterway": "weir" } }, "geometry": { "type": "Point", "coordinates": [ 80.2641055, 28.795416963823904 ] } },
{ "type": "Feature", "properties": { "name": "(unnamed)", "kind": "Weir", "score": 7, "dedup_count": 4, "label_rank": 14, "tags": { "source": "Esri World Imagery", "waterway": "weir" } }, "geometry": { "type": "Point", "coordinates": [ 79.916505775, 28.94636472543537 ] } },
{ "type": "Feature", "properties": { "name": "(unnamed)", "kind": "Weir", "score": 7, "dedup_count": 3, "label_rank": 14, "tags": { "waterway": "weir" } }, "geometry": { "type": "Point", "coordinates": [ 64.050136166666661, 31.505786700030491 ] } },
{ "type": "Feature", "properties": { "name": "(unnamed)", "kind": "Weir", "score": 7, "dedup_count": 3, "label_rank": 14, "tags": { "waterway": "weir" } }, "geometry": { "type": "Point", "coordinates": [ 64.2034253, 31.633074792438848 ] } },
{ "type": "Feature", "properties": { "name": "(unnamed)", "kind": "Weir", "score": 7, "dedup_count": 3, "label_rank": 14, "tags": { "waterway": "weir" } }, "geometry": { "type": "Point", "coordinates": [ 64.227361433333314, 31.691557498006823 ] } },
{ "type": "Feature", "properties": { "name": "(unnamed)", "kind": "Weir", "score": 7, "dedup_count": 3, "label_rank": 14, "tags": { "waterway": "weir" } }, "geometry": { "type": "Point", "coordinates": [ 64.277591933333326, 31.703466461906221 ] } },
{ "type": "Feature", "properties": { "name": "(unnamed)", "kind": "Weir", "score": 7, "dedup_count": 3, "label_rank": 14, "tags": { "waterway": "weir" } }, "geometry": { "type": "Point", "coordinates": [ 64.685215633333328, 31.786754824046518 ] } },
{ "type": "Feature", "properties": { "name": "(unnamed)", "kind": "Weir", "score": 7, "dedup_count": 3, "label_rank": 14, "tags": { "source": "Bing", "waterway": "weir" } }, "geometry": { "type": "Point", "coordinates": [ 65.690031222434754, 27.207683413796708 ] } },
{ "type": "Feature", "properties": { "name": "(unnamed)", "kind": "Weir", "score": 7, "dedup_count": 3, "label_rank": 14, "tags": { "waterway": "weir" } }, "geometry": { "type": "Point", "coordinates": [ 66.176153933333325, 32.722875939575367 ] } },
{ "type": "Feature", "properties": { "name": "(unnamed)", "kind": "Weir", "score": 7, "dedup_count": 3, "label_rank": 14, "tags": { "waterway": "weir" } }, "geometry": { "type": "Point", "coordinates": [ 66.230333933333327, 36.025568189190743 ] } },
{ "type": "Feature", "properties": { "name": "(unnamed)", "kind": "Weir", "score": 7, "dedup_count": 3, "label_rank": 14, "tags": { "waterway": "weir" } }, "geometry": { "type": "Point", "coordinates": [ 66.22700953333333, 36.052104638385458 ] } },
{ "type": "Feature", "properties": { "name": "(unnamed)", "kind": "Weir", "score": 7, "dedup_count": 3, "label_rank": 14, "tags": { "source": "bing", "waterway": "weir" } }, "geometry": { "type": "Point", "coordinates": [ 65.950726299999985, 36.198045869899275 ] } },
{ "type": "Feature", "properties": { "name": "(unnamed)", "kind": "Weir", "score": 7, "dedup_count": 3, "label_rank": 14, "tags": { "waterway": "weir" } }, "geometry": { "type": "Point", "coordinates": [ 66.279830933333329, 36.827599000031334 ] } },
{ "type": "Feature", "properties": { "name": "(unnamed)", "kind": "Weir", "score": 7, "dedup_count": 3, "label_rank": 14, "tags": { "waterway": "weir" } }, "geometry": { "type": "Point", "coordinates": [ 67.3494712, 25.058315706584533 ] } },
{ "type": "Feature", "properties": { "name": "(unnamed)", "kind": "Weir", "score": 7, "dedup_count": 3, "label_rank": 14, "tags": { "waterway": "weir" } }, "geometry": { "type": "Point", "coordinates": [ 68.2929562, 24.787859333334801 ] } },
{ "type": "Feature", "properties": { "name": "(unnamed)", "kind": "Weir", "score": 7, "dedup_count": 3, "label_rank": 14, "tags": { "waterway": "weir" } }, "geometry": { "type": "Point", "coordinates": [ 68.516970266666661, 24.806258533414525 ] } },
{ "type": "Feature", "properties": { "name": "(unnamed)", "kind": "Weir", "score": 7, "dedup_count": 3, "label_rank": 14, "tags": { "waterway": "weir" } }, "geometry": { "type": "Point", "coordinates": [ 68.010291466666672, 27.294650966786367 ] } },
{ "type": "Feature", "properties": { "name": "(unnamed)", "kind": "Weir", "score": 7, "dedup_count": 3, "label_rank": 14, "tags": { "waterway": "weir" } }, "geometry": { "type": "Point", "coordinates": [ 68.9734772, 24.666970133373027 ] } },
{ "type": "Feature", "properties": { "name": "(unnamed)", "kind": "Weir", "score": 7, "dedup_count": 3, "label_rank": 14, "tags": { "waterway": "weir" } }, "geometry": { "type": "Point", "coordinates": [ 69.2298846, 27.964900979838831 ] } },
{ "type": "Feature", "properties": { "name": "(unnamed)", "kind": "Weir", "score": 7, "dedup_count": 3, "label_rank": 14, "tags": { "waterway": "weir" } }, "geometry": { "type": "Point", "coordinates": [ 69.137200066666679, 28.16404333358712 ] } },
{ "type": "Feature", "properties": { "name": "(unnamed)", "kind": "Weir", "score": 7, "dedup_count": 3, "label_rank": 14, "tags": { "waterway": "weir" } }, "geometry": { "type": "Point", "coordinates": [ 69.09749016666666, 28.17553270027096 ] } },
{ "type": "Feature", "properties": { "name": "(unnamed)", "kind": "Weir", "score": 7, "dedup_count": 3, "label_rank": 14, "tags": { "waterway": "weir" } }, "geometry": { "type": "Point", "coordinates": [ 69.163343733333335, 28.392735100056367 ] } },
{ "type": "Feature", "properties": { "name": "(unnamed)", "kind": "Weir", "score": 7, "dedup_count": 3, "label_rank": 14, "tags": { "waterway": "weir" } }, "geometry": { "type": "Point", "coordinates": [ 69.410078966666674, 37.103267025840644 ] } },
{ "type": "Feature", "properties": { "name": "(unnamed)", "kind": "Weir", "score": 7, "dedup_count": 3, "label_rank": 14, "tags": { "waterway": "weir" } }, "geometry": { "type": "Point", "coordinates": [ 69.4598803, 37.115789843902675 ] } },
{ "type": "Feature", "properties": { "name": "(unnamed)", "kind": "Weir", "score": 7, "dedup_count": 3, "label_rank": 14, "tags": { "waterway": "weir" } }, "geometry": { "type": "Point", "coordinates": [ 70.563355447856964, 30.426751691857401 ] } },
{ "type": "Feature", "properties": { "name": "(unnamed)", "kind": "Weir", "score": 7, "dedup_count": 3, "label_rank": 14, "tags": { "waterway": "weir" } }, "geometry": { "type": "Point", "coordinates": [ 70.432702333333339, 31.217530313302557 ] } },
{ "type": "Feature", "properties": { "name": "(unnamed)", "kind": "Weir", "score": 7, "dedup_count": 3, "label_rank": 14, "tags": { "waterway": "weir" } }, "geometry": { "type": "Point", "coordinates": [ 69.794025266666665, 32.519302434317225 ] } },
{ "type": "Feature", "properties": { "name": "(unnamed)", "kind": "Weir", "score": 7, "dedup_count": 3, "label_rank": 14, "tags": { "waterway": "weir" } }, "geometry": { "type": "Point", "coordinates": [ 72.568567533333336, 24.251957134405792 ] } },
{ "type": "Feature", "properties": { "name": "(unnamed)", "kind": "Weir", "score": 7, "dedup_count": 3, "label_rank": 14, "tags": { "waterway": "weir" } }, "geometry": { "type": "Point", "coordinates": [ 71.430343033333344, 31.544972900010752 ] } },
{ "type": "Feature", "properties": { "name": "(unnamed)", "kind": "Weir", "score": 7, "dedup_count": 3, "label_rank": 14, "tags": { "waterway": "weir" } }, "geometry": { "type": "Point", "coordinates": [ 71.471534333333324, 31.650326266686275 ] } },
{ "type": "Feature", "properties": { "name": "(unnamed)", "kind": "Weir", "score": 7, "dedup_count": 3, "label_rank": 14, "tags": { "waterway": "weir" } }, "geometry": { "type": "Point", "coordinates": [ 72.1760794, 31.755664434138044 ] } },
{ "type": "Feature", "properties": { "name": "(unnamed)", "kind": "Weir", "score": 7, "dedup_count": 3, "label_rank": 14, "tags": { "source": "Bing", "waterway": "weir" } }, "geometry": { "type": "Point", "coordinates": [ 72.212732666666668, 31.970140600452247 ] } },
{ "type": "Feature", "properties": { "name": "(unnamed)", "kind": "Weir", "score": 7, "dedup_count": 3, "label_rank": 14, "tags": { "waterway": "weir" } }, "geometry": { "type": "Point", "coordinates": [ 71.37982415206983, 32.435359301919711 ] } },
{ "type": "Feature", "properties": { "name": "(unnamed)", "kind": "Weir", "score": 7, "dedup_count": 3, "label_rank": 14, "tags": { "waterway": "weir" } }, "geometry": { "type": "Point", "coordinates": [ 72.608446016666647, 24.234528701858412 ] } },
{ "type": "Feature", "properties": { "name": "(unnamed)", "kind": "Weir", "score": 7, "dedup_count": 3, "label_rank": 14, "tags": { "waterway": "weir" } }, "geometry": { "type": "Point", "coordinates": [ 72.776073333333329, 30.573355401848367 ] } },
{ "type": "Feature", "properties": { "name": "(unnamed)", "kind": "Weir", "score": 7, "dedup_count": 3, "label_rank": 14, "tags": { "waterway": "weir" } }, "geometry": { "type": "Point", "coordinates": [ 72.90984921487258, 33.522028158115759 ] } },
{ "type": "Feature", "properties": { "name": "(unnamed)", "kind": "Weir", "score": 7, "dedup_count": 3, "label_rank": 14, "tags": { "waterway": "weir" } }, "geometry": { "type": "Point", "coordinates": [ 73.342837133333333, 23.664172877058459 ] } },
{ "type": "Feature", "properties": { "name": "(unnamed)", "kind": "Weir", "score": 7, "dedup_count": 3, "label_rank": 14, "tags": { "waterway": "weir" } }, "geometry": { "type": "Point", "coordinates": [ 73.77320869776463, 25.288140851611416 ] } },
{ "type": "Feature", "properties": { "name": "(unnamed)", "kind": "Weir", "score": 7, "dedup_count": 3, "label_rank": 14, "tags": { "waterway": "weir" } }, "geometry": { "type": "Point", "coordinates": [ 74.266863953334664, 26.48972297904546 ] } },
{ "type": "Feature", "properties": { "name": "(unnamed)", "kind": "Weir", "score": 7, "dedup_count": 3, "label_rank": 14, "tags": { "source": "bing", "waterway": "weir" } }, "geometry": { "type": "Point", "coordinates": [ 74.585243966666653, 31.615725833414199 ] } },
{ "type": "Feature", "properties": { "name": "(unnamed)", "kind": "Weir", "score": 7, "dedup_count": 3, "label_rank": 14, "tags": { "source": "bing", "waterway": "weir" } }, "geometry": { "type": "Point", "coordinates": [ 75.495427266666653, 30.762542286761249 ] } },
{ "type": "Feature", "properties": { "name": "(unnamed)", "kind": "Weir", "score": 7, "dedup_count": 3, "label_rank": 14, "tags": { "waterway": "weir" } }, "geometry": { "type": "Point", "coordinates": [ 75.628558233333322, 32.22499752873059 ] } },
{ "type": "Feature", "properties": { "name": "(unnamed)", "kind": "Weir", "score": 7, "dedup_count": 3, "label_rank": 14, "tags": { "waterway": "weir" } }, "geometry": { "type": "Point", "coordinates": [ 77.685206209215224, 25.41377360325875 ] } },
{ "type": "Feature", "properties": { "name": "(unnamed)", "kind": "Weir", "score": 7, "dedup_count": 3, "label_rank": 14, "tags": { "waterway": "weir" } }, "geometry": { "type": "Point", "coordinates": [ 77.615498181046519, 30.143658404113786 ] } },
{ "type": "Feature", "properties": { "name": "(unnamed)", "kind": "Weir", "score": 7, "dedup_count": 3, "label_rank": 14, "tags": { "waterway": "weir" } }, "geometry": { "type": "Point", "coordinates": [ 78.237616733333326, 29.801963557064877 ] } },
{ "type": "Feature", "properties": { "name": "(unnamed)", "kind": "Weir", "score": 7, "dedup_count": 3, "label_rank": 14, "tags": { "level": "1", "waterway": "weir" } }, "geometry": { "type": "Point", "coordinates": [ 78.175140219650871, 29.957325786406688 ] } },
{ "type": "Feature", "properties": { "name": "(unnamed)", "kind": "Weir", "score": 7, "dedup_count": 3, "label_rank": 14, "tags": { "waterway": "weir" } }, "geometry": { "type": "Point", "coordinates": [ 78.3521758, 30.712395492843655 ] } },
{ "type": "Feature", "properties": { "name": "(unnamed)", "kind": "Weir", "score": 7, "dedup_count": 3, "label_rank": 14, "tags": { "source": "bing", "waterway": "weir" } }, "geometry": { "type": "Point", "coordinates": [ 80.052882633333326, 27.939091984420195 ] } },
{ "type": "Feature", "properties": { "name": "(unnamed)", "kind": "Weir", "score": 7, "dedup_count": 3, "label_rank": 14, "tags": { "waterway": "weir" } }, "geometry": { "type": "Point", "coordinates": [ 80.119134866666656, 28.684397533920247 ] } },
{ "type": "Feature", "properties": { "name": "(unnamed)", "kind": "Weir", "score": 7, "dedup_count": 2, "label_rank": 14, "tags": { "waterway": "weir" } }, "geometry": { "type": "Point", "coordinates": [ 61.3788486, 34.481802450747914 ] } },
{ "type": "Feature", "properties": { "name": "(unnamed)", "kind": "Weir", "score": 7, "dedup_count": 2, "label_rank": 14, "tags": { "waterway": "weir" } }, "geometry": { "type": "Point", "coordinates": [ 62.1377674, 34.322922800095036 ] } },
{ "type": "Feature", "properties": { "name": "(unnamed)", "kind": "Weir", "score": 7, "dedup_count": 2, "label_rank": 14, "tags": { "waterway": "weir" } }, "geometry": { "type": "Point", "coordinates": [ 61.68948255, 37.666724150015419 ] } },
{ "type": "Feature", "properties": { "name": "(unnamed)", "kind": "Weir", "score": 7, "dedup_count": 2, "label_rank": 14, "tags": { "waterway": "weir" } }, "geometry": { "type": "Point", "coordinates": [ 62.86188059818091, 30.232844574443284 ] } },
{ "type": "Feature", "properties": { "name": "(unnamed)", "kind": "Weir", "score": 7, "dedup_count": 2, "label_rank": 14, "tags": { "waterway": "weir" } }, "geometry": { "type": "Point", "coordinates": [ 62.34656195, 34.285546693729941 ] } },
{ "type": "Feature", "properties": { "name": "(unnamed)", "kind": "Weir", "score": 7, "dedup_count": 2, "label_rank": 14, "tags": { "waterway": "weir" } }, "geometry": { "type": "Point", "coordinates": [ 62.296734, 34.334880422664853 ] } },
{ "type": "Feature", "properties": { "name": "(unnamed)", "kind": "Weir", "score": 7, "dedup_count": 2, "label_rank": 14, "tags": { "waterway": "weir" } }, "geometry": { "type": "Point", "coordinates": [ 65.512574734964375, 27.027886697800749 ] } },
{ "type": "Feature", "properties": { "name": "(unnamed)", "kind": "Weir", "score": 7, "dedup_count": 2, "label_rank": 14, "tags": { "waterway": "weir" } }, "geometry": { "type": "Point", "coordinates": [ 63.990183662045077, 29.403299703826434 ] } },
{ "type": "Feature", "properties": { "name": "(unnamed)", "kind": "Weir", "score": 7, "dedup_count": 2, "label_rank": 14, "tags": { "waterway": "weir" } }, "geometry": { "type": "Point", "coordinates": [ 64.16895435, 30.97472203474064 ] } },
{ "type": "Feature", "properties": { "name": "(unnamed)", "kind": "Weir", "score": 7, "dedup_count": 2, "label_rank": 14, "tags": { "waterway": "weir" } }, "geometry": { "type": "Point", "coordinates": [ 64.187583350000011, 31.102610898873252 ] } },
{ "type": "Feature", "properties": { "name": "(unnamed)", "kind": "Weir", "score": 7, "dedup_count": 2, "label_rank": 14, "tags": { "waterway": "weir" } }, "geometry": { "type": "Point", "coordinates": [ 64.27992485, 31.325254478467251 ] } },
{ "type": "Feature", "properties": { "name": "(unnamed)", "kind": "Weir", "score": 7, "dedup_count": 2, "label_rank": 14, "tags": { "waterway": "weir" } }, "geometry": { "type": "Point", "coordinates": [ 65.27199555, 31.475257450154853 ] } },
{ "type": "Feature", "properties": { "name": "(unnamed)", "kind": "Weir", "score": 7, "dedup_count": 2, "label_rank": 14, "tags": { "waterway": "weir" } }, "geometry": { "type": "Point", "coordinates": [ 64.33689755, 31.511660850026939 ] } },
{ "type": "Feature", "properties": { "name": "(unnamed)", "kind": "Weir", "score": 7, "dedup_count": 2, "label_rank": 14, "tags": { "waterway": "weir" } }, "geometry": { "type": "Point", "coordinates": [ 64.15228555, 31.590530609899023 ] } },
{ "type": "Feature", "properties": { "name": "(unnamed)", "kind": "Weir", "score": 7, "dedup_count": 2, "label_rank": 14, "tags": { "waterway": "weir" } }, "geometry": { "type": "Point", "coordinates": [ 64.327659, 31.632290405568934 ] } },
{ "type": "Feature", "properties": { "name": "(unnamed)", "kind": "Weir", "score": 7, "dedup_count": 2, "label_rank": 14, "tags": { "waterway": "weir" } }, "geometry": { "type": "Point", "coordinates": [ 64.208841149999984, 31.671620570192786 ] } },
{ "type": "Feature", "properties": { "name": "(unnamed)", "kind": "Weir", "score": 7, "dedup_count": 2, "label_rank": 14, "tags": { "waterway": "weir" } }, "geometry": { "type": "Point", "coordinates": [ 64.68948545, 31.763553674433826 ] } },
{ "type": "Feature", "properties": { "name": "(unnamed)", "kind": "Weir", "score": 7, "dedup_count": 2, "label_rank": 14, "tags": { "waterway": "weir" } }, "geometry": { "type": "Point", "coordinates": [ 64.634818849999988, 31.836600700046461 ] } },
{ "type": "Feature", "properties": { "name": "(unnamed)", "kind": "Weir", "score": 7, "dedup_count": 2, "label_rank": 14, "tags": { "waterway": "weir" } }, "geometry": { "type": "Point", "coordinates": [ 65.41310175, 32.610462827404639 ] } },
{ "type": "Feature", "properties": { "name": "(unnamed)", "kind": "Weir", "score": 7, "dedup_count": 2, "label_rank": 14, "tags": { "waterway": "weir" } }, "geometry": { "type": "Point", "coordinates": [ 65.5233794, 32.953521702072685 ] } },
{ "type": "Feature", "properties": { "name": "(unnamed)", "kind": "Weir", "score": 7, "dedup_count": 2, "label_rank": 14, "tags": { "waterway": "weir" } }, "geometry": { "type": "Point", "coordinates": [ 64.79181265, 34.152355860611756 ] } },
{ "type": "Feature", "properties": { "name": "(unnamed)", "kind": "Weir", "score": 7, "dedup_count": 2, "label_rank": 14, "tags": { "source": "bing", "waterway": "weir" } }, "geometry": { "type": "Point", "coordinates": [ 65.41014165, 35.883014218728825 ] } },
{ "type": "Feature", "properties": { "name": "(unnamed)", "kind": "Weir", "score": 7, "dedup_count": 2, "label_rank": 14, "tags": { "waterway": "weir" } }, "geometry": { "type": "Point", "coordinates": [ 64.8556143, 36.080755193758847 ] } },
{ "type": "Feature", "properties": { "name": "(unnamed)", "kind": "Weir", "score": 7, "dedup_count": 2, "label_rank": 14, "tags": { "waterway": "weir" } }, "geometry": { "type": "Point", "coordinates": [ 64.864858700000013, 36.101759500021487 ] } },
{ "type": "Feature", "properties": { "name": "(unnamed)", "kind": "Weir", "score": 7, "dedup_count": 2, "label_rank": 14, "tags": { "waterway": "weir" } }, "geometry": { "type": "Point", "coordinates": [ 66.319677925126371, 26.247668624245932 ] } },
{ "type": "Feature", "properties": { "name": "(unnamed)", "kind": "Weir", "score": 7, "dedup_count": 2, "label_rank": 14, "tags": { "source": "Bing", "waterway": "weir" } }, "geometry": { "type": "Point", "coordinates": [ 65.599678170321368, 27.103423816118969 ] } },
{ "type": "Feature", "properties": { "name": "(unnamed)", "kind": "Weir", "score": 7, "dedup_count": 2, "label_rank": 14, "tags": { "source": "Bing", "waterway": "weir" } }, "geometry": { "type": "Point", "coordinates": [ 65.592858970184068, 27.148258367770122 ] } },
{ "type": "Feature", "properties": { "name": "(unnamed)", "kind": "Weir", "score": 7, "dedup_count": 2, "label_rank": 14, "tags": { "source": "Bing", "waterway": "weir" } }, "geometry": { "type": "Point", "coordinates": [ 65.713868978224156, 27.22176827009396 ] } },
{ "type": "Feature", "properties": { "name": "(unnamed)", "kind": "Weir", "score": 7, "dedup_count": 2, "label_rank": 14, "tags": { "source": "Bing", "waterway": "weir" } }, "geometry": { "type": "Point", "coordinates": [ 65.79030928697982, 27.510395160706562 ] } },
{ "type": "Feature", "properties": { "name": "(unnamed)", "kind": "Weir", "score": 7, "dedup_count": 2, "label_rank": 14, "tags": { "waterway": "weir" } }, "geometry": { "type": "Point", "coordinates": [ 66.009013949999982, 32.669260802964047 ] } },
{ "type": "Feature", "properties": { "name": "(unnamed)", "kind": "Weir", "score": 7, "dedup_count": 2, "label_rank": 14, "tags": { "waterway": "weir" } }, "geometry": { "type": "Point", "coordinates": [ 66.0521641, 32.693840364829519 ] } },
{ "type": "Feature", "properties": { "name": "(unnamed)", "kind": "Weir", "score": 7, "dedup_count": 2, "label_rank": 14, "tags": { "waterway": "weir" } }, "geometry": { "type": "Point", "coordinates": [ 66.086357799999988, 32.700429354003639 ] } },
{ "type": "Feature", "properties": { "name": "(unnamed)", "kind": "Weir", "score": 7, "dedup_count": 2, "label_rank": 14, "tags": { "waterway": "weir" } }, "geometry": { "type": "Point", "coordinates": [ 66.0372128, 32.850293250090239 ] } },
{ "type": "Feature", "properties": { "name": "(unnamed)", "kind": "Weir", "score": 7, "dedup_count": 2, "label_rank": 14, "tags": { "waterway": "weir" } }, "geometry": { "type": "Point", "coordinates": [ 66.21254765, 33.415046858291028 ] } },
{ "type": "Feature", "properties": { "name": "(unnamed)", "kind": "Weir", "score": 7, "dedup_count": 2, "label_rank": 14, "tags": { "waterway": "weir" } }, "geometry": { "type": "Point", "coordinates": [ 66.4664627, 35.903314294040939 ] } },
{ "type": "Feature", "properties": { "name": "(unnamed)", "kind": "Weir", "score": 7, "dedup_count": 2, "label_rank": 14, "tags": { "waterway": "weir" } }, "geometry": { "type": "Point", "coordinates": [ 66.17607905, 35.906739453871246 ] } },
{ "type": "Feature", "properties": { "name": "(unnamed)", "kind": "Weir", "score": 7, "dedup_count": 2, "label_rank": 14, "tags": { "source": "bing", "waterway": "weir" } }, "geometry": { "type": "Point", "coordinates": [ 66.363271, 35.945586384832872 ] } },
{ "type": "Feature", "properties": { "name": "(unnamed)", "kind": "Weir", "score": 7, "dedup_count": 2, "label_rank": 14, "tags": { "source": "bing", "waterway": "weir" } }, "geometry": { "type": "Point", "coordinates": [ 66.2169492, 35.956684175614122 ] } },
{ "type": "Feature", "properties": { "name": "(unnamed)", "kind": "Weir", "score": 7, "dedup_count": 2, "label_rank": 14, "tags": { "source": "bing", "waterway": "weir" } }, "geometry": { "type": "Point", "coordinates": [ 66.5258975, 36.005860117578976 ] } },
{ "type": "Feature", "properties": { "name": "(unnamed)", "kind": "Weir", "score": 7, "dedup_count": 2, "label_rank": 14, "tags": { "source": "bing", "waterway": "weir" } }, "geometry": { "type": "Point", "coordinates": [ 66.04329935, 36.141296459432468 ] } },
{ "type": "Feature", "properties": { "name": "(unnamed)", "kind": "Weir", "score": 7, "dedup_count": 2, "label_rank": 14, "tags": { "waterway": "weir" } }, "geometry": { "type": "Point", "coordinates": [ 67.094222917571471, 24.822552961776509 ] } },
{ "type": "Feature", "properties": { "name": "(unnamed)", "kind": "Weir", "score": 7, "dedup_count": 2, "label_rank": 14, "tags": { "waterway": "weir" } }, "geometry": { "type": "Point", "coordinates": [ 66.56280265, 29.883749650142629 ] } },
{ "type": "Feature", "properties": { "name": "(unnamed)", "kind": "Weir", "score": 7, "dedup_count": 2, "label_rank": 14, "tags": { "waterway": "weir" } }, "geometry": { "type": "Point", "coordinates": [ 66.97662135, 34.738388800563285 ] } },
{ "type": "Feature", "properties": { "name": "(unnamed)", "kind": "Weir", "score": 7, "dedup_count": 2, "label_rank": 14, "tags": { "waterway": "weir" } }, "geometry": { "type": "Point", "coordinates": [ 67.0064618, 34.748130507138121 ] } },
{ "type": "Feature", "properties": { "name": "(unnamed)", "kind": "Weir", "score": 7, "dedup_count": 2, "label_rank": 14, "tags": { "waterway": "weir" } }, "geometry": { "type": "Point", "coordinates": [ 67.32549779999998, 24.958400490643236 ] } },
{ "type": "Feature", "properties": { "name": "(unnamed)", "kind": "Weir", "score": 7, "dedup_count": 2, "label_rank": 14, "tags": { "waterway": "weir" } }, "geometry": { "type": "Point", "coordinates": [ 67.34710125, 25.034373800000395 ] } },
{ "type": "Feature", "properties": { "name": "(unnamed)", "kind": "Weir", "score": 7, "dedup_count": 2, "label_rank": 14, "tags": { "waterway": "weir" } }, "geometry": { "type": "Point", "coordinates": [ 67.155901670829053, 27.721353945289568 ] } },
{ "type": "Feature", "properties": { "name": "(unnamed)", "kind": "Weir", "score": 7, "dedup_count": 2, "label_rank": 14, "tags": { "waterway": "weir" } }, "geometry": { "type": "Point", "coordinates": [ 67.161752171537074, 27.734197143571254 ] } },
{ "type": "Feature", "properties": { "name": "(unnamed)", "kind": "Weir", "score": 7, "dedup_count": 2, "label_rank": 14, "tags": { "waterway": "weir" } }, "geometry": { "type": "Point", "coordinates": [ 67.170344779960033, 27.751367060044103 ] } },
{ "type": "Feature", "properties": { "name": "(unnamed)", "kind": "Weir", "score": 7, "dedup_count": 2, "label_rank": 14, "tags": { "waterway": "weir" } }, "geometry": { "type": "Point", "coordinates": [ 67.182432681886311, 27.775831856538989 ] } },
{ "type": "Feature", "properties": { "name": "(unnamed)", "kind": "Weir", "score": 7, "dedup_count": 2, "label_rank": 14, "tags": { "waterway": "weir" } }, "geometry": { "type": "Point", "coordinates": [ 67.192239647354938, 27.79024294431137 ] } },
{ "type": "Feature", "properties": { "name": "(unnamed)", "kind": "Weir", "score": 7, "dedup_count": 2, "label_rank": 14, "tags": { "waterway": "weir" } }, "geometry": { "type": "Point", "coordinates": [ 67.48628297499998, 28.158023050302539 ] } },
{ "type": "Feature", "properties": { "name": "(unnamed)", "kind": "Weir", "score": 7, "dedup_count": 2, "label_rank": 14, "tags": { "waterway": "weir" } }, "geometry": { "type": "Point", "coordinates": [ 67.66446835, 28.005943800086346 ] } },
{ "type": "Feature", "properties": { "name": "(unnamed)", "kind": "Weir", "score": 7, "dedup_count": 2, "label_rank": 14, "tags": { "waterway": "weir" } }, "geometry": { "type": "Point", "coordinates": [ 67.7847171, 28.54706965001218 ] } },
{ "type": "Feature", "properties": { "name": "(unnamed)", "kind": "Weir", "score": 7, "dedup_count": 2, "label_rank": 14, "tags": { "waterway": "weir" } }, "geometry": { "type": "Point", "coordinates": [ 67.8642362, 36.519766800001804 ] } },
{ "type": "Feature", "properties": { "name": "(unnamed)", "kind": "Weir", "score": 7, "dedup_count": 2, "label_rank": 14, "tags": { "waterway": "weir" } }, "geometry": { "type": "Point", "coordinates": [ 68.52702955, 24.738380600023838 ] } },
{ "type": "Feature", "properties": { "name": "(unnamed)", "kind": "Weir", "score": 7, "dedup_count": 2, "label_rank": 14, "tags": { "waterway": "weir" } }, "geometry": { "type": "Point", "coordinates": [ 68.72009865, 25.007515000366848 ] } },
{ "type": "Feature", "properties": { "name": "(unnamed)", "kind": "Weir", "score": 7, "dedup_count": 2, "label_rank": 14, "tags": { "waterway": "weir" } }, "geometry": { "type": "Point", "coordinates": [ 68.79053545, 25.845519950028873 ] } },
{ "type": "Feature", "properties": { "name": "(unnamed)", "kind": "Weir", "score": 7, "dedup_count": 2, "label_rank": 14, "tags": { "waterway": "weir" } }, "geometry": { "type": "Point", "coordinates": [ 68.694580749999986, 27.344219400000025 ] } },
{ "type": "Feature", "properties": { "name": "(unnamed)", "kind": "Weir", "score": 7, "dedup_count": 2, "label_rank": 14, "tags": { "waterway": "weir" } }, "geometry": { "type": "Point", "coordinates": [ 68.238376875349701, 29.190464892368883 ] } },
{ "type": "Feature", "properties": { "name": "(unnamed)", "kind": "Weir", "score": 7, "dedup_count": 2, "label_rank": 14, "tags": { "waterway": "weir" } }, "geometry": { "type": "Point", "coordinates": [ 68.685599431284501, 36.148510939335402 ] } },
{ "type": "Feature", "properties": { "name": "(unnamed)", "kind": "Weir", "score": 7, "dedup_count": 2, "label_rank": 14, "tags": { "waterway": "weir" } }, "geometry": { "type": "Point", "coordinates": [ 68.510341564073215, 36.301955404345435 ] } },
{ "type": "Feature", "properties": { "name": "(unnamed)", "kind": "Weir", "score": 7, "dedup_count": 2, "label_rank": 14, "tags": { "waterway": "weir" } }, "geometry": { "type": "Point", "coordinates": [ 68.82151475, 36.68796925000008 ] } },
{ "type": "Feature", "properties": { "name": "(unnamed)", "kind": "Weir", "score": 7, "dedup_count": 2, "label_rank": 14, "tags": { "waterway": "weir" } }, "geometry": { "type": "Point", "coordinates": [ 69.0332916, 24.636415900003602 ] } },
{ "type": "Feature", "properties": { "name": "(unnamed)", "kind": "Weir", "score": 7, "dedup_count": 2, "label_rank": 14, "tags": { "waterway": "weir" } }, "geometry": { "type": "Point", "coordinates": [ 68.93167175, 24.734536000053538 ] } },
{ "type": "Feature", "properties": { "name": "(unnamed)", "kind": "Weir", "score": 7, "dedup_count": 2, "label_rank": 14, "tags": { "waterway": "weir" } }, "geometry": { "type": "Point", "coordinates": [ 69.043997549999986, 24.771273100062118 ] } },
{ "type": "Feature", "properties": { "name": "(unnamed)", "kind": "Weir", "score": 7, "dedup_count": 2, "label_rank": 14, "tags": { "waterway": "weir" } }, "geometry": { "type": "Point", "coordinates": [ 68.910144549999984, 28.302617800031211 ] } },
{ "type": "Feature", "properties": { "name": "(unnamed)", "kind": "Weir", "score": 7, "dedup_count": 2, "label_rank": 14, "tags": { "waterway": "weir" } }, "geometry": { "type": "Point", "coordinates": [ 69.15272355, 28.324169650040893 ] } },
{ "type": "Feature", "properties": { "name": "(unnamed)", "kind": "Weir", "score": 7, "dedup_count": 2, "label_rank": 14, "tags": { "waterway": "weir" } }, "geometry": { "type": "Point", "coordinates": [ 69.28662345, 28.385082400116083 ] } },
{ "type": "Feature", "properties": { "name": "(unnamed)", "kind": "Weir", "score": 7, "dedup_count": 2, "label_rank": 14, "tags": { "waterway": "weir" } }, "geometry": { "type": "Point", "coordinates": [ 69.11103935, 34.411567779152826 ] } },
{ "type": "Feature", "properties": { "name": "(unnamed)", "kind": "Weir", "score": 7, "dedup_count": 2, "label_rank": 14, "tags": { "waterway": "weir" } }, "geometry": { "type": "Point", "coordinates": [ 69.1221601, 34.426715426702316 ] } },
{ "type": "Feature", "properties": { "name": "(unnamed)", "kind": "Weir", "score": 7, "dedup_count": 2, "label_rank": 14, "tags": { "waterway": "weir" } }, "geometry": { "type": "Point", "coordinates": [ 69.248515502021334, 34.537426477859796 ] } },
{ "type": "Feature", "properties": { "name": "(unnamed)", "kind": "Weir", "score": 7, "dedup_count": 2, "label_rank": 14, "tags": { "waterway": "weir" } }, "geometry": { "type": "Point", "coordinates": [ 69.2099793, 34.694882198667997 ] } },
{ "type": "Feature", "properties": { "name": "(unnamed)", "kind": "Weir", "score": 7, "dedup_count": 2, "label_rank": 14, "tags": { "waterway": "weir" } }, "geometry": { "type": "Point", "coordinates": [ 69.183884867864336, 35.095063286821926 ] } },
{ "type": "Feature", "properties": { "name": "(unnamed)", "kind": "Weir", "score": 7, "dedup_count": 2, "label_rank": 14, "tags": { "waterway": "weir" } }, "geometry": { "type": "Point", "coordinates": [ 68.85717225, 36.596508101512377 ] } },
{ "type": "Feature", "properties": { "name": "(unnamed)", "kind": "Weir", "score": 7, "dedup_count": 2, "label_rank": 14, "tags": { "waterway": "weir" } }, "geometry": { "type": "Point", "coordinates": [ 68.87328815, 36.749125350056779 ] } },
{ "type": "Feature", "properties": { "name": "(unnamed)", "kind": "Weir", "score": 7, "dedup_count": 2, "label_rank": 14, "tags": { "waterway": "weir" } }, "geometry": { "type": "Point", "coordinates": [ 69.4171566, 37.062210500038873 ] } },
{ "type": "Feature", "properties": { "name": "(unnamed)", "kind": "Weir", "score": 7, "dedup_count": 2, "label_rank": 14, "tags": { "waterway": "weir" } }, "geometry": { "type": "Point", "coordinates": [ 69.1753519, 37.168931850009528 ] } },
{ "type": "Feature", "properties": { "name": "(unnamed)", "kind": "Weir", "score": 7, "dedup_count": 2, "label_rank": 14, "tags": { "layer": "1", "waterway": "weir" } }, "geometry": { "type": "Point", "coordinates": [ 69.7441771, 23.224322043401457 ] } },
{ "type": "Feature", "properties": { "name": "(unnamed)", "kind": "Weir", "score": 7, "dedup_count": 2, "label_rank": 14, "tags": { "waterway": "weir" } }, "geometry": { "type": "Point", "coordinates": [ 70.0751393, 28.527743529029674 ] } },
{ "type": "Feature", "properties": { "name": "(unnamed)", "kind": "Weir", "score": 7, "dedup_count": 2, "label_rank": 14, "tags": { "waterway": "weir" } }, "geometry": { "type": "Point", "coordinates": [ 69.6985132, 28.591064050056346 ] } },
{ "type": "Feature", "properties": { "name": "(unnamed)", "kind": "Weir", "score": 7, "dedup_count": 2, "label_rank": 14, "tags": { "waterway": "weir" } }, "geometry": { "type": "Point", "coordinates": [ 70.2673343, 29.519868264820445 ] } },
{ "type": "Feature", "properties": { "name": "(unnamed)", "kind": "Weir", "score": 7, "dedup_count": 2, "label_rank": 14, "tags": { "waterway": "weir" } }, "geometry": { "type": "Point", "coordinates": [ 70.4605889, 29.752282946896511 ] } },
{ "type": "Feature", "properties": { "name": "(unnamed)", "kind": "Weir", "score": 7, "dedup_count": 2, "label_rank": 14, "tags": { "waterway": "weir" } }, "geometry": { "type": "Point", "coordinates": [ 70.7472579, 30.1197340004361 ] } },
{ "type": "Feature", "properties": { "name": "(unnamed)", "kind": "Weir", "score": 7, "dedup_count": 2, "label_rank": 14, "tags": { "waterway": "weir" } }, "geometry": { "type": "Point", "coordinates": [ 69.896524549999981, 33.374278027382076 ] } },
{ "type": "Feature", "properties": { "name": "(unnamed)", "kind": "Weir", "score": 7, "dedup_count": 2, "label_rank": 14, "tags": { "waterway": "weir" } }, "geometry": { "type": "Point", "coordinates": [ 70.78167225, 34.31169390688747 ] } },
{ "type": "Feature", "properties": { "name": "(unnamed)", "kind": "Weir", "score": 7, "dedup_count": 2, "label_rank": 14, "tags": { "waterway": "weir" } }, "geometry": { "type": "Point", "coordinates": [ 70.56347925, 34.398034336769783 ] } },
{ "type": "Feature", "properties": { "name": "(unnamed)", "kind": "Weir", "score": 7, "dedup_count": 2, "label_rank": 14, "tags": { "waterway": "weir" } }, "geometry": { "type": "Point", "coordinates": [ 70.55297745, 34.454844307871497 ] } },
{ "type": "Feature", "properties": { "name": "(unnamed)", "kind": "Weir", "score": 7, "dedup_count": 2, "label_rank": 14, "tags": { "waterway": "weir" } }, "geometry": { "type": "Point", "coordinates": [ 70.227429335011024, 34.5893429025976 ] } },
{ "type": "Feature", "properties": { "name": "(unnamed)", "kind": "Weir", "score": 7, "dedup_count": 2, "label_rank": 14, "tags": { "waterway": "weir" } }, "geometry": { "type": "Point", "coordinates": [ 69.71245135, 35.421424350000144 ] } },
{ "type": "Feature", "properties": { "name": "(unnamed)", "kind": "Weir", "score": 7, "dedup_count": 2, "label_rank": 14, "tags": { "waterway": "weir" } }, "geometry": { "type": "Point", "coordinates": [ 69.590801500000012, 36.712879100036595 ] } },
{ "type": "Feature", "properties": { "name": "(unnamed)", "kind": "Weir", "score": 7, "dedup_count": 2, "label_rank": 14, "tags": { "waterway": "weir" } }, "geometry": { "type": "Point", "coordinates": [ 71.8026562, 32.097763250002807 ] } },
{ "type": "Feature", "properties": { "name": "(unnamed)", "kind": "Weir", "score": 7, "dedup_count": 2, "label_rank": 14, "tags": { "waterway": "weir" } }, "geometry": { "type": "Point", "coordinates": [ 70.808805400000011, 34.215062512064911 ] } },
{ "type": "Feature", "properties": { "name": "(unnamed)", "kind": "Weir", "score": 7, "dedup_count": 2, "label_rank": 14, "tags": { "source": "Yahoo", "waterway": "weir" } }, "geometry": { "type": "Point", "coordinates": [ 71.54985665, 34.261135260515559 ] } },
{ "type": "Feature", "properties": { "name": "(unnamed)", "kind": "Weir", "score": 7, "dedup_count": 2, "label_rank": 14, "tags": { "source": "Yahoo", "waterway": "weir" } }, "geometry": { "type": "Point", "coordinates": [ 71.7336699, 34.365981557196591 ] } },
{ "type": "Feature", "properties": { "name": "(unnamed)", "kind": "Weir", "score": 7, "dedup_count": 2, "label_rank": 14, "tags": { "waterway": "weir" } }, "geometry": { "type": "Point", "coordinates": [ 72.29150825, 34.755980554392941 ] } },
{ "type": "Feature", "properties": { "name": "(unnamed)", "kind": "Weir", "score": 7, "dedup_count": 2, "label_rank": 14, "tags": { "waterway": "weir" } }, "geometry": { "type": "Point", "coordinates": [ 71.1538781, 34.876283240393398 ] } },
{ "type": "Feature", "properties": { "name": "(unnamed)", "kind": "Weir", "score": 7, "dedup_count": 2, "label_rank": 14, "tags": { "waterway": "weir" } }, "geometry": { "type": "Point", "coordinates": [ 72.63900195, 24.299021341038415 ] } },
{ "type": "Feature", "properties": { "name": "(unnamed)", "kind": "Weir", "score": 7, "dedup_count": 2, "label_rank": 14, "tags": { "waterway": "weir" } }, "geometry": { "type": "Point", "coordinates": [ 72.913184225, 24.665159149258969 ] } },
{ "type": "Feature", "properties": { "name": "(unnamed)", "kind": "Weir", "score": 7, "dedup_count": 2, "label_rank": 14, "tags": { "waterway": "weir" } }, "geometry": { "type": "Point", "coordinates": [ 73.018242353521174, 26.302516878251918 ] } },
{ "type": "Feature", "properties": { "name": "(unnamed)", "kind": "Weir", "score": 7, "dedup_count": 2, "label_rank": 14, "tags": { "waterway": "weir" } }, "geometry": { "type": "Point", "coordinates": [ 72.9736346, 29.881032000012578 ] } },
{ "type": "Feature", "properties": { "name": "(unnamed)", "kind": "Weir", "score": 7, "dedup_count": 2, "label_rank": 14, "tags": { "embankment": "yes", "waterway": "weir" } }, "geometry": { "type": "Point", "coordinates": [ 72.974906411574352, 31.761591008435992 ] } },
{ "type": "Feature", "properties": { "name": "(unnamed)", "kind": "Weir", "score": 7, "dedup_count": 2, "label_rank": 14, "tags": { "waterway": "weir" } }, "geometry": { "type": "Point", "coordinates": [ 72.713171921568971, 34.070049265967903 ] } },
{ "type": "Feature", "properties": { "name": "(unnamed)", "kind": "Weir", "score": 7, "dedup_count": 2, "label_rank": 14, "tags": { "waterway": "weir" } }, "geometry": { "type": "Point", "coordinates": [ 73.319959925, 23.641020622238177 ] } },
{ "type": "Feature", "properties": { "name": "(unnamed)", "kind": "Weir", "score": 7, "dedup_count": 2, "label_rank": 14, "tags": { "waterway": "weir" } }, "geometry": { "type": "Point", "coordinates": [ 73.7513605, 25.291314951133938 ] } },
{ "type": "Feature", "properties": { "name": "(unnamed)", "kind": "Weir", "score": 7, "dedup_count": 2, "label_rank": 14, "tags": { "waterway": "weir" } }, "geometry": { "type": "Point", "coordinates": [ 73.25527474988823, 30.714161224922034 ] } },
{ "type": "Feature", "properties": { "name": "(unnamed)", "kind": "Weir", "score": 7, "dedup_count": 2, "label_rank": 14, "tags": { "waterway": "weir" } }, "geometry": { "type": "Point", "coordinates": [ 73.76527545, 33.068868917749107 ] } },
{ "type": "Feature", "properties": { "name": "(unnamed)", "kind": "Weir", "score": 7, "dedup_count": 2, "label_rank": 14, "tags": { "waterway": "weir" } }, "geometry": { "type": "Point", "coordinates": [ 73.22867365, 34.501790426597751 ] } },
{ "type": "Feature", "properties": { "name": "(unnamed)", "kind": "Weir", "score": 7, "dedup_count": 2, "label_rank": 14, "tags": { "waterway": "weir" } }, "geometry": { "type": "Point", "coordinates": [ 73.13489495, 34.574354693789196 ] } },
{ "type": "Feature", "properties": { "name": "(unnamed)", "kind": "Weir", "score": 7, "dedup_count": 2, "label_rank": 14, "tags": { "waterway": "weir" } }, "geometry": { "type": "Point", "coordinates": [ 74.106593575421201, 25.506465481714017 ] } },
{ "type": "Feature", "properties": { "name": "(unnamed)", "kind": "Weir", "score": 7, "dedup_count": 2, "label_rank": 14, "tags": { "waterway": "weir" } }, "geometry": { "type": "Point", "coordinates": [ 74.015885249999982, 25.585096875275816 ] } },
{ "type": "Feature", "properties": { "name": "(unnamed)", "kind": "Weir", "score": 7, "dedup_count": 2, "label_rank": 14, "tags": { "waterway": "weir" } }, "geometry": { "type": "Point", "coordinates": [ 74.09143512647556, 25.595080949206455 ] } },
{ "type": "Feature", "properties": { "name": "(unnamed)", "kind": "Weir", "score": 7, "dedup_count": 2, "label_rank": 14, "tags": { "waterway": "weir" } }, "geometry": { "type": "Point", "coordinates": [ 74.10817020351935, 25.600013231272886 ] } },
{ "type": "Feature", "properties": { "name": "(unnamed)", "kind": "Weir", "score": 7, "dedup_count": 2, "label_rank": 14, "tags": { "waterway": "weir" } }, "geometry": { "type": "Point", "coordinates": [ 74.607594, 26.379144301585722 ] } },
{ "type": "Feature", "properties": { "name": "(unnamed)", "kind": "Weir", "score": 7, "dedup_count": 2, "label_rank": 14, "tags": { "waterway": "weir" } }, "geometry": { "type": "Point", "coordinates": [ 74.370462249999989, 29.320277100197814 ] } },
{ "type": "Feature", "properties": { "name": "(unnamed)", "kind": "Weir", "score": 7, "dedup_count": 2, "label_rank": 14, "tags": { "waterway": "weir" } }, "geometry": { "type": "Point", "coordinates": [ 74.017964400000011, 29.418216603274981 ] } },
{ "type": "Feature", "properties": { "name": "(unnamed)", "kind": "Weir", "score": 7, "dedup_count": 2, "label_rank": 14, "tags": { "waterway": "weir" } }, "geometry": { "type": "Point", "coordinates": [ 73.857902562256328, 31.223909061223402 ] } },
{ "type": "Feature", "properties": { "name": "(unnamed)", "kind": "Weir", "score": 7, "dedup_count": 2, "label_rank": 14, "tags": { "source": "bing", "waterway": "weir" } }, "geometry": { "type": "Point", "coordinates": [ 74.54782055, 31.237949250950425 ] } },
{ "type": "Feature", "properties": { "name": "(unnamed)", "kind": "Weir", "score": 7, "dedup_count": 2, "label_rank": 14, "tags": { "waterway": "weir" } }, "geometry": { "type": "Point", "coordinates": [ 74.551756650172763, 31.857064171399482 ] } },
{ "type": "Feature", "properties": { "name": "(unnamed)", "kind": "Weir", "score": 7, "dedup_count": 2, "label_rank": 14, "tags": { "waterway": "weir" } }, "geometry": { "type": "Point", "coordinates": [ 74.013162776763693, 32.510757439900495 ] } },
{ "type": "Feature", "properties": { "name": "(unnamed)", "kind": "Weir", "score": 7, "dedup_count": 2, "label_rank": 14, "tags": { "waterway": "weir" } }, "geometry": { "type": "Point", "coordinates": [ 75.56390885, 24.103717036469916 ] } },
{ "type": "Feature", "properties": { "name": "(unnamed)", "kind": "Weir", "score": 7, "dedup_count": 2, "label_rank": 14, "tags": { "waterway": "weir" } }, "geometry": { "type": "Point", "coordinates": [ 75.177321749999976, 24.318138325859394 ] } },
{ "type": "Feature", "properties": { "name": "(unnamed)", "kind": "Weir", "score": 7, "dedup_count": 2, "label_rank": 14, "tags": { "waterway": "weir" } }, "geometry": { "type": "Point", "coordinates": [ 75.794326149999975, 26.80704052602411 ] } },
{ "type": "Feature", "properties": { "name": "(unnamed)", "kind": "Weir", "score": 7, "dedup_count": 2, "label_rank": 14, "tags": { "waterway": "weir" } }, "geometry": { "type": "Point", "coordinates": [ 75.782588545575237, 26.939131151509748 ] } },
{ "type": "Feature", "properties": { "name": "(unnamed)", "kind": "Weir", "score": 7, "dedup_count": 2, "label_rank": 14, "tags": { "source": "bing", "waterway": "weir" } }, "geometry": { "type": "Point", "coordinates": [ 74.82460905, 31.759736777978524 ] } },
{ "type": "Feature", "properties": { "name": "(unnamed)", "kind": "Weir", "score": 7, "dedup_count": 2, "label_rank": 14, "tags": { "source": "bing", "waterway": "weir" } }, "geometry": { "type": "Point", "coordinates": [ 74.86297515, 31.776696450018974 ] } },
{ "type": "Feature", "properties": { "name": "(unnamed)", "kind": "Weir", "score": 7, "dedup_count": 2, "label_rank": 14, "tags": { "source": "bing", "waterway": "weir" } }, "geometry": { "type": "Point", "coordinates": [ 75.417023750000013, 31.993345750112336 ] } },
{ "type": "Feature", "properties": { "name": "(unnamed)", "kind": "Weir", "score": 7, "dedup_count": 2, "label_rank": 14, "tags": { "source": "bing", "waterway": "weir" } }, "geometry": { "type": "Point", "coordinates": [ 75.448477, 32.002132807909376 ] } },
{ "type": "Feature", "properties": { "name": "(unnamed)", "kind": "Weir", "score": 7, "dedup_count": 2, "label_rank": 14, "tags": { "waterway": "weir" } }, "geometry": { "type": "Point", "coordinates": [ 74.847182275, 32.718042894856517 ] } },
{ "type": "Feature", "properties": { "name": "(unnamed)", "kind": "Weir", "score": 7, "dedup_count": 2, "label_rank": 14, "tags": { "waterway": "weir" } }, "geometry": { "type": "Point", "coordinates": [ 75.86164005, 26.783128014244241 ] } },
{ "type": "Feature", "properties": { "name": "(unnamed)", "kind": "Weir", "score": 7, "dedup_count": 2, "label_rank": 14, "tags": { "waterway": "weir" } }, "geometry": { "type": "Point", "coordinates": [ 75.831957949999989, 30.883119050073105 ] } },
{ "type": "Feature", "properties": { "name": "(unnamed)", "kind": "Weir", "score": 7, "dedup_count": 2, "label_rank": 14, "tags": { "source": "bing", "waterway": "weir" } }, "geometry": { "type": "Point", "coordinates": [ 76.77512015, 31.957317879275156 ] } },
{ "type": "Feature", "properties": { "name": "(unnamed)", "kind": "Weir", "score": 7, "dedup_count": 2, "label_rank": 14, "tags": { "waterway": "weir" } }, "geometry": { "type": "Point", "coordinates": [ 76.369878, 32.204436404981415 ] } },
{ "type": "Feature", "properties": { "name": "(unnamed)", "kind": "Weir", "score": 7, "dedup_count": 2, "label_rank": 14, "tags": { "waterway": "weir" } }, "geometry": { "type": "Point", "coordinates": [ 77.9334967, 26.55102806148864 ] } },
{ "type": "Feature", "properties": { "name": "(unnamed)", "kind": "Weir", "score": 7, "dedup_count": 2, "label_rank": 14, "tags": { "waterway": "weir" } }, "geometry": { "type": "Point", "coordinates": [ 77.326497825, 28.436105275013539 ] } },
{ "type": "Feature", "properties": { "name": "(unnamed)", "kind": "Weir", "score": 7, "dedup_count": 2, "label_rank": 14, "tags": { "waterway": "weir" } }, "geometry": { "type": "Point", "coordinates": [ 77.245125475, 28.598388000061448 ] } },
{ "type": "Feature", "properties": { "name": "(unnamed)", "kind": "Weir", "score": 7, "dedup_count": 2, "label_rank": 14, "tags": { "source": "bing", "waterway": "weir" } }, "geometry": { "type": "Point", "coordinates": [ 77.398569, 29.727605850013088 ] } },
{ "type": "Feature", "properties": { "name": "(unnamed)", "kind": "Weir", "score": 7, "dedup_count": 2, "label_rank": 14, "tags": { "waterway": "weir" } }, "geometry": { "type": "Point", "coordinates": [ 77.618814232295136, 30.182045003395828 ] } },
{ "type": "Feature", "properties": { "name": "(unnamed)", "kind": "Weir", "score": 7, "dedup_count": 2, "label_rank": 14, "tags": { "waterway": "weir" } }, "geometry": { "type": "Point", "coordinates": [ 78.781157473868888, 23.051043435216229 ] } },
{ "type": "Feature", "properties": { "name": "(unnamed)", "kind": "Weir", "score": 7, "dedup_count": 2, "label_rank": 14, "tags": { "waterway": "weir" } }, "geometry": { "type": "Point", "coordinates": [ 78.5152584, 23.276021499145827 ] } },
{ "type": "Feature", "properties": { "name": "(unnamed)", "kind": "Weir", "score": 7, "dedup_count": 2, "label_rank": 14, "tags": { "waterway": "weir" } }, "geometry": { "type": "Point", "coordinates": [ 78.0760482, 27.443366233667231 ] } },
{ "type": "Feature", "properties": { "name": "(unnamed)", "kind": "Weir", "score": 7, "dedup_count": 2, "label_rank": 14, "tags": { "source": "bing", "waterway": "weir" } }, "geometry": { "type": "Point", "coordinates": [ 79.6703422, 28.037310650132028 ] } },
{ "type": "Feature", "properties": { "name": "(unnamed)", "kind": "Weir", "score": 7, "dedup_count": 2, "label_rank": 14, "tags": { "waterway": "weir" } }, "geometry": { "type": "Point", "coordinates": [ 78.1140098, 28.040455400160109 ] } },
{ "type": "Feature", "properties": { "name": "(unnamed)", "kind": "Weir", "score": 7, "dedup_count": 2, "label_rank": 14, "tags": { "source": "bing", "waterway": "weir" } }, "geometry": { "type": "Point", "coordinates": [ 79.5445737, 28.234472650002036 ] } },
{ "type": "Feature", "properties": { "name": "(unnamed)", "kind": "Weir", "score": 7, "dedup_count": 2, "label_rank": 14, "tags": { "source": "bing", "waterway": "weir" } }, "geometry": { "type": "Point", "coordinates": [ 79.702480199999982, 28.289297500389015 ] } },
{ "type": "Feature", "properties": { "name": "(unnamed)", "kind": "Weir", "score": 7, "dedup_count": 2, "label_rank": 14, "tags": { "source": "bing", "waterway": "weir" } }, "geometry": { "type": "Point", "coordinates": [ 79.56844225, 28.502949900036445 ] } },
{ "type": "Feature", "properties": { "name": "(unnamed)", "kind": "Weir", "score": 7, "dedup_count": 2, "label_rank": 14, "tags": { "waterway": "weir" } }, "geometry": { "type": "Point", "coordinates": [ 78.7603404, 29.49561122504198 ] } },
{ "type": "Feature", "properties": { "name": "(unnamed)", "kind": "Weir", "score": 7, "dedup_count": 2, "label_rank": 14, "tags": { "source": "bing", "waterway": "weir" } }, "geometry": { "type": "Point", "coordinates": [ 79.920101749999986, 28.378781800033032 ] } },
{ "type": "Feature", "properties": { "name": "(unnamed)", "kind": "Weir", "score": 7, "dedup_count": 2, "label_rank": 14, "tags": { "waterway": "weir" } }, "geometry": { "type": "Point", "coordinates": [ 80.174125599999982, 28.653294025530958 ] } },
{ "type": "Feature", "properties": { "name": "(unnamed)", "kind": "Weir", "score": 7, "dedup_count": 2, "label_rank": 14, "tags": { "waterway": "weir" } }, "geometry": { "type": "Point", "coordinates": [ 80.044599252379285, 28.878599653940487 ] } },
{ "type": "Feature", "properties": { "name": "(unnamed)", "kind": "Weir", "score": 7, "dedup_count": 2, "label_rank": 14, "tags": { "waterway": "weir" } }, "geometry": { "type": "Point", "coordinates": [ 80.195976597901293, 28.972470231662442 ] } },
{ "type": "Feature", "properties": { "name": "(unnamed)", "kind": "Weir", "score": 7, "dedup_count": 2, "label_rank": 14, "tags": { "waterway": "weir" } }, "geometry": { "type": "Point", "coordinates": [ 80.089747236577551, 32.499813975505027 ] } },
{ "type": "Feature", "properties": { "name": "Balaji Ka Anicut", "kind": "Weir", "score": 7, "dedup_count": 1, "label_rank": 14, "tags": { "name": "Balaji Ka Anicut", "waterway": "weir" } }, "geometry": { "type": "Point", "coordinates": [ 77.3012412, 26.70867 ] } },
{ "type": "Feature", "properties": { "name": "Bhakhra Dam", "kind": "Weir", "score": 7, "dedup_count": 1, "label_rank": 14, "tags": { "name": "Bhakhra Dam", "waterway": "weir" } }, "geometry": { "type": "Point", "coordinates": [ 76.331257799999989, 30.3097385 ] } },
{ "type": "Feature", "properties": { "name": "Chhaje Ka Anikut", "kind": "Weir", "score": 7, "dedup_count": 1, "label_rank": 14, "tags": { "alt_name": "Lotda", "name": "Chhaje Ka Anikut", "waterway": "weir" } }, "geometry": { "type": "Point", "coordinates": [ 77.266420700000012, 26.5914529 ] } },
{ "type": "Feature", "properties": { "name": "DS Ka Anicut", "kind": "Weir", "score": 7, "dedup_count": 1, "label_rank": 14, "tags": { "name": "DS Ka Anicut", "waterway": "weir" } }, "geometry": { "type": "Point", "coordinates": [ 77.2792246, 26.7219847 ] } },
{ "type": "Feature", "properties": { "name": "Hindon Weir", "kind": "Weir", "score": 7, "dedup_count": 1, "label_rank": 14, "tags": { "name": "Hindon Weir", "waterway": "weir" } }, "geometry": { "type": "Point", "coordinates": [ 77.399974446417829, 28.665603185650106 ] } },
{ "type": "Feature", "properties": { "name": "Kachchh Branch Canal", "kind": "Weir", "score": 7, "dedup_count": 1, "label_rank": 14, "tags": { "layer": "-1", "name": "Kachchh Branch Canal", "ref": "KBC", "tunnel": "yes", "waterway": "weir" } }, "geometry": { "type": "Point", "coordinates": [ 70.34604905, 23.31921795 ] } },
{ "type": "Feature", "properties": { "name": "Khori Ke Deh Ka Anicut", "kind": "Weir", "score": 7, "dedup_count": 1, "label_rank": 14, "tags": { "name": "Khori Ke Deh Ka Anicut", "waterway": "weir" } }, "geometry": { "type": "Point", "coordinates": [ 77.2926164, 26.5964157 ] } },
{ "type": "Feature", "properties": { "name": "Lambadug Wier", "kind": "Weir", "score": 7, "dedup_count": 1, "label_rank": 14, "tags": { "name": "Lambadug Wier", "waterway": "weir" } }, "geometry": { "type": "Point", "coordinates": [ 76.84277575, 32.0404862 ] } },
{ "type": "Feature", "properties": { "name": "Malir Dam", "kind": "Weir", "score": 7, "dedup_count": 1, "label_rank": 14, "tags": { "material": "concrete", "name": "Malir Dam", "waterway": "weir" } }, "geometry": { "type": "Point", "coordinates": [ 67.28055855, 24.92345135 ] } },
{ "type": "Feature", "properties": { "name": "Nare Ka Anikut", "kind": "Weir", "score": 7, "dedup_count": 1, "label_rank": 14, "tags": { "name": "Nare Ka Anikut", "waterway": "weir" } }, "geometry": { "type": "Point", "coordinates": [ 77.256570199999985, 26.6005432 ] } },
{ "type": "Feature", "properties": { "name": "Peepal Ka Dhar Ka Anicut", "kind": "Weir", "score": 7, "dedup_count": 1, "label_rank": 14, "tags": { "name": "Peepal Ka Dhar Ka Anicut", "waterway": "weir" } }, "geometry": { "type": "Point", "coordinates": [ 77.3105697, 26.7007721 ] } },
{ "type": "Feature", "properties": { "name": "Retai Ka Anicut", "kind": "Weir", "score": 7, "dedup_count": 1, "label_rank": 14, "tags": { "name": "Retai Ka Anicut", "waterway": "weir" } }, "geometry": { "type": "Point", "coordinates": [ 77.313537599999989, 26.6495108 ] } },
{ "type": "Feature", "properties": { "name": "Sunni Gunni", "kind": "Weir", "score": 7, "dedup_count": 1, "label_rank": 14, "tags": { "name": "سني گوني", "name:en": "Sunni Gunni", "name:sd": "سني گوني", "name:ur": "سنی گونی", "waterway": "weir" } }, "geometry": { "type": "Point", "coordinates": [ 68.960287599999987, 24.6045104 ] } },
{ "type": "Feature", "properties": { "name": "(unnamed)", "kind": "Weir", "score": 7, "dedup_count": 1, "label_rank": 14, "tags": { "waterway": "weir" } }, "geometry": { "type": "Point", "coordinates": [ 60.232110303390634, 32.807372282362103 ] } },
{ "type": "Feature", "properties": { "name": "(unnamed)", "kind": "Weir", "score": 7, "dedup_count": 1, "label_rank": 14, "tags": { "waterway": "weir" } }, "geometry": { "type": "Point", "coordinates": [ 60.499790750058644, 37.397200700348336 ] } },
{ "type": "Feature", "properties": { "name": "(unnamed)", "kind": "Weir", "score": 7, "dedup_count": 1, "label_rank": 14, "tags": { "waterway": "weir" } }, "geometry": { "type": "Point", "coordinates": [ 60.941957899999984, 28.700975 ] } },
{ "type": "Feature", "properties": { "name": "(unnamed)", "kind": "Weir", "score": 7, "dedup_count": 1, "label_rank": 14, "tags": { "waterway": "weir" } }, "geometry": { "type": "Point", "coordinates": [ 61.99313596727486, 26.13622914013672 ] } },
{ "type": "Feature", "properties": { "name": "(unnamed)", "kind": "Weir", "score": 7, "dedup_count": 1, "label_rank": 14, "tags": { "waterway": "weir" } }, "geometry": { "type": "Point", "coordinates": [ 61.4871418, 30.8681479 ] } },
{ "type": "Feature", "properties": { "name": "(unnamed)", "kind": "Weir", "score": 7, "dedup_count": 1, "label_rank": 14, "tags": { "waterway": "weir" } }, "geometry": { "type": "Point", "coordinates": [ 61.834562158262777, 30.972927623533277 ] } },
{ "type": "Feature", "properties": { "name": "(unnamed)", "kind": "Weir", "score": 7, "dedup_count": 1, "label_rank": 14, "tags": { "waterway": "weir" } }, "geometry": { "type": "Point", "coordinates": [ 62.137993299999984, 32.3758229 ] } },
{ "type": "Feature", "properties": { "name": "(unnamed)", "kind": "Weir", "score": 7, "dedup_count": 1, "label_rank": 14, "tags": { "waterway": "weir" } }, "geometry": { "type": "Point", "coordinates": [ 62.1485051, 33.1831604 ] } },
{ "type": "Feature", "properties": { "name": "(unnamed)", "kind": "Weir", "score": 7, "dedup_count": 1, "label_rank": 14, "tags": { "waterway": "weir" } }, "geometry": { "type": "Point", "coordinates": [ 61.9427237, 33.3105577 ] } },
{ "type": "Feature", "properties": { "name": "(unnamed)", "kind": "Weir", "score": 7, "dedup_count": 1, "label_rank": 14, "tags": { "waterway": "weir" } }, "geometry": { "type": "Point", "coordinates": [ 62.2376816, 33.6219299 ] } },
{ "type": "Feature", "properties": { "name": "(unnamed)", "kind": "Weir", "score": 7, "dedup_count": 1, "label_rank": 14, "tags": { "waterway": "weir" } }, "geometry": { "type": "Point", "coordinates": [ 62.1226591, 34.2537669 ] } },
{ "type": "Feature", "properties": { "name": "(unnamed)", "kind": "Weir", "score": 7, "dedup_count": 1, "label_rank": 14, "tags": { "waterway": "weir" } }, "geometry": { "type": "Point", "coordinates": [ 61.4692092, 34.3366031 ] } },
{ "type": "Feature", "properties": { "name": "(unnamed)", "kind": "Weir", "score": 7, "dedup_count": 1, "label_rank": 14, "tags": { "waterway": "weir" } }, "geometry": { "type": "Point", "coordinates": [ 61.8152954, 37.473607 ] } },
{ "type": "Feature", "properties": { "name": "(unnamed)", "kind": "Weir", "score": 7, "dedup_count": 1, "label_rank": 14, "tags": { "waterway": "weir" } }, "geometry": { "type": "Point", "coordinates": [ 61.7546675, 37.6469396 ] } },
{ "type": "Feature", "properties": { "name": "(unnamed)", "kind": "Weir", "score": 7, "dedup_count": 1, "label_rank": 14, "tags": { "waterway": "weir" } }, "geometry": { "type": "Point", "coordinates": [ 61.976337399999984, 37.707794 ] } },
{ "type": "Feature", "properties": { "name": "(unnamed)", "kind": "Weir", "score": 7, "dedup_count": 1, "label_rank": 14, "tags": { "waterway": "weir" } }, "geometry": { "type": "Point", "coordinates": [ 62.973251952390555, 34.247499821628381 ] } },
{ "type": "Feature", "properties": { "name": "(unnamed)", "kind": "Weir", "score": 7, "dedup_count": 1, "label_rank": 14, "tags": { "waterway": "weir" } }, "geometry": { "type": "Point", "coordinates": [ 62.3311545, 34.2996358 ] } },
{ "type": "Feature", "properties": { "name": "(unnamed)", "kind": "Weir", "score": 7, "dedup_count": 1, "label_rank": 14, "tags": { "waterway": "weir" } }, "geometry": { "type": "Point", "coordinates": [ 62.3171676, 34.313606 ] } },
{ "type": "Feature", "properties": { "name": "(unnamed)", "kind": "Weir", "score": 7, "dedup_count": 1, "label_rank": 14, "tags": { "waterway": "weir" } }, "geometry": { "type": "Point", "coordinates": [ 63.7290412, 34.3290156 ] } },
{ "type": "Feature", "properties": { "name": "(unnamed)", "kind": "Weir", "score": 7, "dedup_count": 1, "label_rank": 14, "tags": { "waterway": "weir" } }, "geometry": { "type": "Point", "coordinates": [ 63.8232356, 30.5273248 ] } },
{ "type": "Feature", "properties": { "name": "(unnamed)", "kind": "Weir", "score": 7, "dedup_count": 1, "label_rank": 14, "tags": { "waterway": "weir" } }, "geometry": { "type": "Point", "coordinates": [ 63.8641557, 30.5294246 ] } },
{ "type": "Feature", "properties": { "name": "(unnamed)", "kind": "Weir", "score": 7, "dedup_count": 1, "label_rank": 14, "tags": { "waterway": "weir" } }, "geometry": { "type": "Point", "coordinates": [ 63.98329, 30.5760952 ] } },
{ "type": "Feature", "properties": { "name": "(unnamed)", "kind": "Weir", "score": 7, "dedup_count": 1, "label_rank": 14, "tags": { "waterway": "weir" } }, "geometry": { "type": "Point", "coordinates": [ 64.123215099999982, 30.827626 ] } },
{ "type": "Feature", "properties": { "name": "(unnamed)", "kind": "Weir", "score": 7, "dedup_count": 1, "label_rank": 14, "tags": { "waterway": "weir" } }, "geometry": { "type": "Point", "coordinates": [ 64.1242704, 30.8402393 ] } },
{ "type": "Feature", "properties": { "name": "(unnamed)", "kind": "Weir", "score": 7, "dedup_count": 1, "label_rank": 14, "tags": { "waterway": "weir" } }, "geometry": { "type": "Point", "coordinates": [ 64.1404559, 30.9266282 ] } },
{ "type": "Feature", "properties": { "name": "(unnamed)", "kind": "Weir", "score": 7, "dedup_count": 1, "label_rank": 14, "tags": { "waterway": "weir" } }, "geometry": { "type": "Point", "coordinates": [ 64.15313279999998, 30.948941 ] } },
{ "type": "Feature", "properties": { "name": "(unnamed)", "kind": "Weir", "score": 7, "dedup_count": 1, "label_rank": 14, "tags": { "waterway": "weir" } }, "geometry": { "type": "Point", "coordinates": [ 64.1894738, 31.0407802 ] } },
{ "type": "Feature", "properties": { "name": "(unnamed)", "kind": "Weir", "score": 7, "dedup_count": 1, "label_rank": 14, "tags": { "waterway": "weir" } }, "geometry": { "type": "Point", "coordinates": [ 64.2618257, 31.2936995 ] } },
{ "type": "Feature", "properties": { "name": "(unnamed)", "kind": "Weir", "score": 7, "dedup_count": 1, "label_rank": 14, "tags": { "waterway": "weir" } }, "geometry": { "type": "Point", "coordinates": [ 64.2879922, 31.3441541 ] } },
{ "type": "Feature", "properties": { "name": "(unnamed)", "kind": "Weir", "score": 7, "dedup_count": 1, "label_rank": 14, "tags": { "waterway": "weir" } }, "geometry": { "type": "Point", "coordinates": [ 64.2991502, 31.3605012 ] } },
{ "type": "Feature", "properties": { "name": "(unnamed)", "kind": "Weir", "score": 7, "dedup_count": 1, "label_rank": 14, "tags": { "waterway": "weir" } }, "geometry": { "type": "Point", "coordinates": [ 64.3092128, 31.3770394 ] } },
{ "type": "Feature", "properties": { "name": "(unnamed)", "kind": "Weir", "score": 7, "dedup_count": 1, "label_rank": 14, "tags": { "waterway": "weir" } }, "geometry": { "type": "Point", "coordinates": [ 64.3196472, 31.3877965 ] } },
{ "type": "Feature", "properties": { "name": "(unnamed)", "kind": "Weir", "score": 7, "dedup_count": 1, "label_rank": 14, "tags": { "waterway": "weir" } }, "geometry": { "type": "Point", "coordinates": [ 64.0770237, 31.4257537 ] } },
{ "type": "Feature", "properties": { "name": "(unnamed)", "kind": "Weir", "score": 7, "dedup_count": 1, "label_rank": 14, "tags": { "waterway": "weir" } }, "geometry": { "type": "Point", "coordinates": [ 64.0379297, 31.444011 ] } },
{ "type": "Feature", "properties": { "name": "(unnamed)", "kind": "Weir", "score": 7, "dedup_count": 1, "label_rank": 14, "tags": { "waterway": "weir" } }, "geometry": { "type": "Point", "coordinates": [ 64.107422, 31.474348 ] } },
{ "type": "Feature", "properties": { "name": "(unnamed)", "kind": "Weir", "score": 7, "dedup_count": 1, "label_rank": 14, "tags": { "waterway": "weir" } }, "geometry": { "type": "Point", "coordinates": [ 64.3219738, 31.5242977 ] } },
{ "type": "Feature", "properties": { "name": "(unnamed)", "kind": "Weir", "score": 7, "dedup_count": 1, "label_rank": 14, "tags": { "waterway": "weir" } }, "geometry": { "type": "Point", "coordinates": [ 64.0867473, 31.5378842 ] } },
{ "type": "Feature", "properties": { "name": "(unnamed)", "kind": "Weir", "score": 7, "dedup_count": 1, "label_rank": 14, "tags": { "waterway": "weir" } }, "geometry": { "type": "Point", "coordinates": [ 64.3490481, 31.5395629 ] } },
{ "type": "Feature", "properties": { "name": "(unnamed)", "kind": "Weir", "score": 7, "dedup_count": 1, "label_rank": 14, "tags": { "waterway": "weir" } }, "geometry": { "type": "Point", "coordinates": [ 64.3275542, 31.6827714 ] } },
{ "type": "Feature", "properties": { "name": "(unnamed)", "kind": "Weir", "score": 7, "dedup_count": 1, "label_rank": 14, "tags": { "waterway": "weir" } }, "geometry": { "type": "Point", "coordinates": [ 64.2620097, 31.7031917 ] } },
{ "type": "Feature", "properties": { "name": "(unnamed)", "kind": "Weir", "score": 7, "dedup_count": 1, "label_rank": 14, "tags": { "waterway": "weir" } }, "geometry": { "type": "Point", "coordinates": [ 64.6822728, 31.7428899 ] } },
{ "type": "Feature", "properties": { "name": "(unnamed)", "kind": "Weir", "score": 7, "dedup_count": 1, "label_rank": 14, "tags": { "waterway": "weir" } }, "geometry": { "type": "Point", "coordinates": [ 64.584757, 31.803151 ] } },
{ "type": "Feature", "properties": { "name": "(unnamed)", "kind": "Weir", "score": 7, "dedup_count": 1, "label_rank": 14, "tags": { "waterway": "weir" } }, "geometry": { "type": "Point", "coordinates": [ 64.5433133, 31.8046399 ] } },
{ "type": "Feature", "properties": { "name": "(unnamed)", "kind": "Weir", "score": 7, "dedup_count": 1, "label_rank": 14, "tags": { "waterway": "weir" } }, "geometry": { "type": "Point", "coordinates": [ 64.7039215, 31.8819748 ] } },
{ "type": "Feature", "properties": { "name": "(unnamed)", "kind": "Weir", "score": 7, "dedup_count": 1, "label_rank": 14, "tags": { "waterway": "weir" } }, "geometry": { "type": "Point", "coordinates": [ 64.7712777, 31.8931508 ] } },
{ "type": "Feature", "properties": { "name": "(unnamed)", "kind": "Weir", "score": 7, "dedup_count": 1, "label_rank": 14, "tags": { "waterway": "weir" } }, "geometry": { "type": "Point", "coordinates": [ 64.742987, 31.9128478 ] } },
{ "type": "Feature", "properties": { "name": "(unnamed)", "kind": "Weir", "score": 7, "dedup_count": 1, "label_rank": 14, "tags": { "waterway": "weir" } }, "geometry": { "type": "Point", "coordinates": [ 64.797330599999981, 31.9457049 ] } },
{ "type": "Feature", "properties": { "name": "(unnamed)", "kind": "Weir", "score": 7, "dedup_count": 1, "label_rank": 14, "tags": { "waterway": "weir" } }, "geometry": { "type": "Point", "coordinates": [ 64.8230093, 32.0220212 ] } },
{ "type": "Feature", "properties": { "name": "(unnamed)", "kind": "Weir", "score": 7, "dedup_count": 1, "label_rank": 14, "tags": { "waterway": "weir" } }, "geometry": { "type": "Point", "coordinates": [ 64.8957013, 32.1152126 ] } },
{ "type": "Feature", "properties": { "name": "(unnamed)", "kind": "Weir", "score": 7, "dedup_count": 1, "label_rank": 14, "tags": { "waterway": "weir" } }, "geometry": { "type": "Point", "coordinates": [ 64.8982447, 32.1293719 ] } },
{ "type": "Feature", "properties": { "name": "(unnamed)", "kind": "Weir", "score": 7, "dedup_count": 1, "label_rank": 14, "tags": { "waterway": "weir" } }, "geometry": { "type": "Point", "coordinates": [ 65.4240662, 32.6272109 ] } },
{ "type": "Feature", "properties": { "name": "(unnamed)", "kind": "Weir", "score": 7, "dedup_count": 1, "label_rank": 14, "tags": { "waterway": "weir" } }, "geometry": { "type": "Point", "coordinates": [ 65.4568169, 32.6456066 ] } },
{ "type": "Feature", "properties": { "name": "(unnamed)", "kind": "Weir", "score": 7, "dedup_count": 1, "label_rank": 14, "tags": { "waterway": "weir" } }, "geometry": { "type": "Point", "coordinates": [ 65.066514699999985, 34.00776 ] } },
{ "type": "Feature", "properties": { "name": "(unnamed)", "kind": "Weir", "score": 7, "dedup_count": 1, "label_rank": 14, "tags": { "waterway": "weir" } }, "geometry": { "type": "Point", "coordinates": [ 64.1506114, 34.1633908 ] } },
{ "type": "Feature", "properties": { "name": "(unnamed)", "kind": "Weir", "score": 7, "dedup_count": 1, "label_rank": 14, "tags": { "waterway": "weir" } }, "geometry": { "type": "Point", "coordinates": [ 65.4093763, 34.5344396 ] } },
{ "type": "Feature", "properties": { "name": "(unnamed)", "kind": "Weir", "score": 7, "dedup_count": 1, "label_rank": 14, "tags": { "source": "bing", "waterway": "weir" } }, "geometry": { "type": "Point", "coordinates": [ 65.4292398, 35.8903979 ] } },
{ "type": "Feature", "properties": { "name": "(unnamed)", "kind": "Weir", "score": 7, "dedup_count": 1, "label_rank": 14, "tags": { "waterway": "weir" } }, "geometry": { "type": "Point", "coordinates": [ 65.488115099999987, 35.8984563 ] } },
{ "type": "Feature", "properties": { "name": "(unnamed)", "kind": "Weir", "score": 7, "dedup_count": 1, "label_rank": 14, "tags": { "waterway": "weir" } }, "geometry": { "type": "Point", "coordinates": [ 64.8781525, 36.115442 ] } },
{ "type": "Feature", "properties": { "name": "(unnamed)", "kind": "Weir", "score": 7, "dedup_count": 1, "label_rank": 14, "tags": { "waterway": "weir" } }, "geometry": { "type": "Point", "coordinates": [ 64.8684, 36.1883985 ] } },
{ "type": "Feature", "properties": { "name": "(unnamed)", "kind": "Weir", "score": 7, "dedup_count": 1, "label_rank": 14, "tags": { "waterway": "weir" } }, "geometry": { "type": "Point", "coordinates": [ 64.8712965, 36.2488871 ] } },
{ "type": "Feature", "properties": { "name": "(unnamed)", "kind": "Weir", "score": 7, "dedup_count": 1, "label_rank": 14, "tags": { "waterway": "weir" } }, "geometry": { "type": "Point", "coordinates": [ 64.8857105, 36.260379 ] } },
{ "type": "Feature", "properties": { "name": "(unnamed)", "kind": "Weir", "score": 7, "dedup_count": 1, "label_rank": 14, "tags": { "waterway": "weir" } }, "geometry": { "type": "Point", "coordinates": [ 64.8852521, 36.2989795 ] } },
{ "type": "Feature", "properties": { "name": "(unnamed)", "kind": "Weir", "score": 7, "dedup_count": 1, "label_rank": 14, "tags": { "waterway": "weir" } }, "geometry": { "type": "Point", "coordinates": [ 64.8979675, 36.3247062 ] } },
{ "type": "Feature", "properties": { "name": "(unnamed)", "kind": "Weir", "score": 7, "dedup_count": 1, "label_rank": 14, "tags": { "waterway": "weir" } }, "geometry": { "type": "Point", "coordinates": [ 66.438855, 25.961272 ] } },
{ "type": "Feature", "properties": { "name": "(unnamed)", "kind": "Weir", "score": 7, "dedup_count": 1, "label_rank": 14, "tags": { "source": "Bing", "waterway": "weir" } }, "geometry": { "type": "Point", "coordinates": [ 65.5233614, 27.07869985 ] } },
{ "type": "Feature", "properties": { "name": "(unnamed)", "kind": "Weir", "score": 7, "dedup_count": 1, "label_rank": 14, "tags": { "source": "Bing", "waterway": "weir" } }, "geometry": { "type": "Point", "coordinates": [ 65.620553018325054, 27.169101079993542 ] } },
{ "type": "Feature", "properties": { "name": "(unnamed)", "kind": "Weir", "score": 7, "dedup_count": 1, "label_rank": 14, "tags": { "source": "Bing", "waterway": "weir" } }, "geometry": { "type": "Point", "coordinates": [ 65.685703622541197, 27.227897241502742 ] } },
{ "type": "Feature", "properties": { "name": "(unnamed)", "kind": "Weir", "score": 7, "dedup_count": 1, "label_rank": 14, "tags": { "waterway": "weir" } }, "geometry": { "type": "Point", "coordinates": [ 66.3721928, 27.3057448 ] } },
{ "type": "Feature", "properties": { "name": "(unnamed)", "kind": "Weir", "score": 7, "dedup_count": 1, "label_rank": 14, "tags": { "waterway": "weir" } }, "geometry": { "type": "Point", "coordinates": [ 66.3777423, 27.3736871 ] } },
{ "type": "Feature", "properties": { "name": "(unnamed)", "kind": "Weir", "score": 7, "dedup_count": 1, "label_rank": 14, "tags": { "waterway": "weir" } }, "geometry": { "type": "Point", "coordinates": [ 66.4719334, 27.4281614 ] } },
{ "type": "Feature", "properties": { "name": "(unnamed)", "kind": "Weir", "score": 7, "dedup_count": 1, "label_rank": 14, "tags": { "waterway": "weir" } }, "geometry": { "type": "Point", "coordinates": [ 65.634745888346117, 31.647328455114149 ] } },
{ "type": "Feature", "properties": { "name": "(unnamed)", "kind": "Weir", "score": 7, "dedup_count": 1, "label_rank": 14, "tags": { "waterway": "weir" } }, "geometry": { "type": "Point", "coordinates": [ 65.8467178, 31.8216931 ] } },
{ "type": "Feature", "properties": { "name": "(unnamed)", "kind": "Weir", "score": 7, "dedup_count": 1, "label_rank": 14, "tags": { "waterway": "weir" } }, "geometry": { "type": "Point", "coordinates": [ 66.4928088, 32.2173578 ] } },
{ "type": "Feature", "properties": { "name": "(unnamed)", "kind": "Weir", "score": 7, "dedup_count": 1, "label_rank": 14, "tags": { "waterway": "weir" } }, "geometry": { "type": "Point", "coordinates": [ 65.569877984070246, 32.286283010670445 ] } },
{ "type": "Feature", "properties": { "name": "(unnamed)", "kind": "Weir", "score": 7, "dedup_count": 1, "label_rank": 14, "tags": { "waterway": "weir" } }, "geometry": { "type": "Point", "coordinates": [ 65.6143028, 32.4725287 ] } },
{ "type": "Feature", "properties": { "name": "(unnamed)", "kind": "Weir", "score": 7, "dedup_count": 1, "label_rank": 14, "tags": { "waterway": "weir" } }, "geometry": { "type": "Point", "coordinates": [ 65.9091009, 32.6214176 ] } },
{ "type": "Feature", "properties": { "name": "(unnamed)", "kind": "Weir", "score": 7, "dedup_count": 1, "label_rank": 14, "tags": { "waterway": "weir" } }, "geometry": { "type": "Point", "coordinates": [ 65.934828, 32.641691 ] } },
{ "type": "Feature", "properties": { "name": "(unnamed)", "kind": "Weir", "score": 7, "dedup_count": 1, "label_rank": 14, "tags": { "waterway": "weir" } }, "geometry": { "type": "Point", "coordinates": [ 65.956962, 32.6506331 ] } },
{ "type": "Feature", "properties": { "name": "(unnamed)", "kind": "Weir", "score": 7, "dedup_count": 1, "label_rank": 14, "tags": { "waterway": "weir" } }, "geometry": { "type": "Point", "coordinates": [ 66.110101499999985, 32.6986931 ] } },
{ "type": "Feature", "properties": { "name": "(unnamed)", "kind": "Weir", "score": 7, "dedup_count": 1, "label_rank": 14, "tags": { "waterway": "weir" } }, "geometry": { "type": "Point", "coordinates": [ 66.142675, 32.7073785 ] } },
{ "type": "Feature", "properties": { "name": "(unnamed)", "kind": "Weir", "score": 7, "dedup_count": 1, "label_rank": 14, "tags": { "waterway": "weir" } }, "geometry": { "type": "Point", "coordinates": [ 65.9323701, 32.7105608 ] } },
{ "type": "Feature", "properties": { "name": "(unnamed)", "kind": "Weir", "score": 7, "dedup_count": 1, "label_rank": 14, "tags": { "waterway": "weir" } }, "geometry": { "type": "Point", "coordinates": [ 66.1565448, 32.7120467 ] } },
{ "type": "Feature", "properties": { "name": "(unnamed)", "kind": "Weir", "score": 7, "dedup_count": 1, "label_rank": 14, "tags": { "waterway": "weir" } }, "geometry": { "type": "Point", "coordinates": [ 66.101232499999981, 32.8760508 ] } },
{ "type": "Feature", "properties": { "name": "(unnamed)", "kind": "Weir", "score": 7, "dedup_count": 1, "label_rank": 14, "tags": { "waterway": "weir" } }, "geometry": { "type": "Point", "coordinates": [ 66.1166275, 32.8846886 ] } },
{ "type": "Feature", "properties": { "name": "(unnamed)", "kind": "Weir", "score": 7, "dedup_count": 1, "label_rank": 14, "tags": { "waterway": "weir" } }, "geometry": { "type": "Point", "coordinates": [ 65.9787992, 33.5805799 ] } },
{ "type": "Feature", "properties": { "name": "(unnamed)", "kind": "Weir", "score": 7, "dedup_count": 1, "label_rank": 14, "tags": { "waterway": "weir" } }, "geometry": { "type": "Point", "coordinates": [ 66.2885439, 33.9300515 ] } },
{ "type": "Feature", "properties": { "name": "(unnamed)", "kind": "Weir", "score": 7, "dedup_count": 1, "label_rank": 14, "tags": { "waterway": "weir" } }, "geometry": { "type": "Point", "coordinates": [ 65.660013400000011, 34.492025 ] } },
{ "type": "Feature", "properties": { "name": "(unnamed)", "kind": "Weir", "score": 7, "dedup_count": 1, "label_rank": 14, "tags": { "waterway": "weir" } }, "geometry": { "type": "Point", "coordinates": [ 65.6684192, 34.5099514 ] } },
{ "type": "Feature", "properties": { "name": "(unnamed)", "kind": "Weir", "score": 7, "dedup_count": 1, "label_rank": 14, "tags": { "waterway": "weir" } }, "geometry": { "type": "Point", "coordinates": [ 66.0684755, 35.803661599999984 ] } },
{ "type": "Feature", "properties": { "name": "(unnamed)", "kind": "Weir", "score": 7, "dedup_count": 1, "label_rank": 14, "tags": { "source": "bing", "waterway": "weir" } }, "geometry": { "type": "Point", "coordinates": [ 65.544598399999984, 35.8957826 ] } },
{ "type": "Feature", "properties": { "name": "(unnamed)", "kind": "Weir", "score": 7, "dedup_count": 1, "label_rank": 14, "tags": { "source": "bing", "waterway": "weir" } }, "geometry": { "type": "Point", "coordinates": [ 65.5871149, 35.9052527 ] } },
{ "type": "Feature", "properties": { "name": "(unnamed)", "kind": "Weir", "score": 7, "dedup_count": 1, "label_rank": 14, "tags": { "waterway": "weir" } }, "geometry": { "type": "Point", "coordinates": [ 66.4584845, 35.920715 ] } },
{ "type": "Feature", "properties": { "name": "(unnamed)", "kind": "Weir", "score": 7, "dedup_count": 1, "label_rank": 14, "tags": { "waterway": "weir" } }, "geometry": { "type": "Point", "coordinates": [ 66.2080577, 35.9383127 ] } },
{ "type": "Feature", "properties": { "name": "(unnamed)", "kind": "Weir", "score": 7, "dedup_count": 1, "label_rank": 14, "tags": { "waterway": "weir" } }, "geometry": { "type": "Point", "coordinates": [ 66.458704399999988, 35.9410045 ] } },
{ "type": "Feature", "properties": { "name": "(unnamed)", "kind": "Weir", "score": 7, "dedup_count": 1, "label_rank": 14, "tags": { "waterway": "weir" } }, "geometry": { "type": "Point", "coordinates": [ 66.4515671, 35.9519029 ] } },
{ "type": "Feature", "properties": { "name": "(unnamed)", "kind": "Weir", "score": 7, "dedup_count": 1, "label_rank": 14, "tags": { "waterway": "weir" } }, "geometry": { "type": "Point", "coordinates": [ 66.442917, 35.973554 ] } },
{ "type": "Feature", "properties": { "name": "(unnamed)", "kind": "Weir", "score": 7, "dedup_count": 1, "label_rank": 14, "tags": { "source": "bing", "waterway": "weir" } }, "geometry": { "type": "Point", "coordinates": [ 66.5201515, 35.9770637 ] } },
{ "type": "Feature", "properties": { "name": "(unnamed)", "kind": "Weir", "score": 7, "dedup_count": 1, "label_rank": 14, "tags": { "source": "bing", "waterway": "weir" } }, "geometry": { "type": "Point", "coordinates": [ 66.2154572, 35.9821174 ] } },
{ "type": "Feature", "properties": { "name": "(unnamed)", "kind": "Weir", "score": 7, "dedup_count": 1, "label_rank": 14, "tags": { "waterway": "weir" } }, "geometry": { "type": "Point", "coordinates": [ 66.2234214, 35.9981376 ] } },
{ "type": "Feature", "properties": { "name": "(unnamed)", "kind": "Weir", "score": 7, "dedup_count": 1, "label_rank": 14, "tags": { "source": "bing", "waterway": "weir" } }, "geometry": { "type": "Point", "coordinates": [ 66.3561056, 36.0172001 ] } },
{ "type": "Feature", "properties": { "name": "(unnamed)", "kind": "Weir", "score": 7, "dedup_count": 1, "label_rank": 14, "tags": { "waterway": "weir" } }, "geometry": { "type": "Point", "coordinates": [ 66.2339634, 36.0401275 ] } },
{ "type": "Feature", "properties": { "name": "(unnamed)", "kind": "Weir", "score": 7, "dedup_count": 1, "label_rank": 14, "tags": { "waterway": "weir" } }, "geometry": { "type": "Point", "coordinates": [ 66.0650745, 36.096974 ] } },
{ "type": "Feature", "properties": { "name": "(unnamed)", "kind": "Weir", "score": 7, "dedup_count": 1, "label_rank": 14, "tags": { "waterway": "weir" } }, "geometry": { "type": "Point", "coordinates": [ 66.05346, 36.1162718 ] } },
{ "type": "Feature", "properties": { "name": "(unnamed)", "kind": "Weir", "score": 7, "dedup_count": 1, "label_rank": 14, "tags": { "waterway": "weir" } }, "geometry": { "type": "Point", "coordinates": [ 66.1653793, 36.1377155 ] } },
{ "type": "Feature", "properties": { "name": "(unnamed)", "kind": "Weir", "score": 7, "dedup_count": 1, "label_rank": 14, "tags": { "waterway": "weir" } }, "geometry": { "type": "Point", "coordinates": [ 66.1306906, 36.1474983 ] } },
{ "type": "Feature", "properties": { "name": "(unnamed)", "kind": "Weir", "score": 7, "dedup_count": 1, "label_rank": 14, "tags": { "waterway": "weir" } }, "geometry": { "type": "Point", "coordinates": [ 66.0369443, 36.1596648 ] } },
{ "type": "Feature", "properties": { "name": "(unnamed)", "kind": "Weir", "score": 7, "dedup_count": 1, "label_rank": 14, "tags": { "waterway": "weir" } }, "geometry": { "type": "Point", "coordinates": [ 66.0864037, 36.1617999 ] } },
{ "type": "Feature", "properties": { "name": "(unnamed)", "kind": "Weir", "score": 7, "dedup_count": 1, "label_rank": 14, "tags": { "waterway": "weir" } }, "geometry": { "type": "Point", "coordinates": [ 66.0493249, 36.1760604 ] } },
{ "type": "Feature", "properties": { "name": "(unnamed)", "kind": "Weir", "score": 7, "dedup_count": 1, "label_rank": 14, "tags": { "waterway": "weir" } }, "geometry": { "type": "Point", "coordinates": [ 66.0288686, 36.1805369 ] } },
{ "type": "Feature", "properties": { "name": "(unnamed)", "kind": "Weir", "score": 7, "dedup_count": 1, "label_rank": 14, "tags": { "waterway": "weir" } }, "geometry": { "type": "Point", "coordinates": [ 65.9373366, 36.21685 ] } },
{ "type": "Feature", "properties": { "name": "(unnamed)", "kind": "Weir", "score": 7, "dedup_count": 1, "label_rank": 14, "tags": { "waterway": "weir" } }, "geometry": { "type": "Point", "coordinates": [ 65.925431099999983, 36.2323019 ] } },
{ "type": "Feature", "properties": { "name": "(unnamed)", "kind": "Weir", "score": 7, "dedup_count": 1, "label_rank": 14, "tags": { "waterway": "weir" } }, "geometry": { "type": "Point", "coordinates": [ 66.2733615, 36.8501536 ] } },
{ "type": "Feature", "properties": { "name": "(unnamed)", "kind": "Weir", "score": 7, "dedup_count": 1, "label_rank": 14, "tags": { "waterway": "weir" } }, "geometry": { "type": "Point", "coordinates": [ 66.6029725, 25.7700991 ] } },
{ "type": "Feature", "properties": { "name": "(unnamed)", "kind": "Weir", "score": 7, "dedup_count": 1, "label_rank": 14, "tags": { "waterway": "weir" } }, "geometry": { "type": "Point", "coordinates": [ 67.071341549999985, 25.880329 ] } },
{ "type": "Feature", "properties": { "name": "(unnamed)", "kind": "Weir", "score": 7, "dedup_count": 1, "label_rank": 14, "tags": { "waterway": "weir" } }, "geometry": { "type": "Point", "coordinates": [ 66.6908886, 25.91126645 ] } },
{ "type": "Feature", "properties": { "name": "(unnamed)", "kind": "Weir", "score": 7, "dedup_count": 1, "label_rank": 14, "tags": { "waterway": "weir" } }, "geometry": { "type": "Point", "coordinates": [ 67.038876345197934, 30.437799654501962 ] } },
{ "type": "Feature", "properties": { "name": "(unnamed)", "kind": "Weir", "score": 7, "dedup_count": 1, "label_rank": 14, "tags": { "waterway": "weir" } }, "geometry": { "type": "Point", "coordinates": [ 67.0569022, 30.6030235 ] } },
{ "type": "Feature", "properties": { "name": "(unnamed)", "kind": "Weir", "score": 7, "dedup_count": 1, "label_rank": 14, "tags": { "waterway": "weir" } }, "geometry": { "type": "Point", "coordinates": [ 66.5428311, 30.80159475 ] } },
{ "type": "Feature", "properties": { "name": "(unnamed)", "kind": "Weir", "score": 7, "dedup_count": 1, "label_rank": 14, "tags": { "waterway": "weir" } }, "geometry": { "type": "Point", "coordinates": [ 66.959983400509088, 30.804156211853631 ] } },
{ "type": "Feature", "properties": { "name": "(unnamed)", "kind": "Weir", "score": 7, "dedup_count": 1, "label_rank": 14, "tags": { "waterway": "weir" } }, "geometry": { "type": "Point", "coordinates": [ 66.7095979, 33.0219994 ] } },
{ "type": "Feature", "properties": { "name": "(unnamed)", "kind": "Weir", "score": 7, "dedup_count": 1, "label_rank": 14, "tags": { "source": "bing", "waterway": "weir" } }, "geometry": { "type": "Point", "coordinates": [ 66.760122948425447, 34.632922933941039 ] } },
{ "type": "Feature", "properties": { "name": "(unnamed)", "kind": "Weir", "score": 7, "dedup_count": 1, "label_rank": 14, "tags": { "waterway": "weir" } }, "geometry": { "type": "Point", "coordinates": [ 66.5822352, 36.7584996 ] } },
{ "type": "Feature", "properties": { "name": "(unnamed)", "kind": "Weir", "score": 7, "dedup_count": 1, "label_rank": 14, "tags": { "waterway": "weir" } }, "geometry": { "type": "Point", "coordinates": [ 66.561491, 36.7804516 ] } },
{ "type": "Feature", "properties": { "name": "(unnamed)", "kind": "Weir", "score": 7, "dedup_count": 1, "label_rank": 14, "tags": { "waterway": "weir" } }, "geometry": { "type": "Point", "coordinates": [ 67.33614716236994, 24.78478881493302 ] } },
{ "type": "Feature", "properties": { "name": "(unnamed)", "kind": "Weir", "score": 7, "dedup_count": 1, "label_rank": 14, "tags": { "waterway": "weir" } }, "geometry": { "type": "Point", "coordinates": [ 67.201164399999982, 24.8632075 ] } },
{ "type": "Feature", "properties": { "name": "(unnamed)", "kind": "Weir", "score": 7, "dedup_count": 1, "label_rank": 14, "tags": { "waterway": "weir" } }, "geometry": { "type": "Point", "coordinates": [ 67.236158749999987, 24.8835536 ] } },
{ "type": "Feature", "properties": { "name": "(unnamed)", "kind": "Weir", "score": 7, "dedup_count": 1, "label_rank": 14, "tags": { "waterway": "weir" } }, "geometry": { "type": "Point", "coordinates": [ 67.256924149999989, 24.9015842 ] } },
{ "type": "Feature", "properties": { "name": "(unnamed)", "kind": "Weir", "score": 7, "dedup_count": 1, "label_rank": 14, "tags": { "waterway": "weir" } }, "geometry": { "type": "Point", "coordinates": [ 67.372010249999988, 24.9980579 ] } },
{ "type": "Feature", "properties": { "name": "(unnamed)", "kind": "Weir", "score": 7, "dedup_count": 1, "label_rank": 14, "tags": { "waterway": "weir" } }, "geometry": { "type": "Point", "coordinates": [ 67.4033774, 25.06687345 ] } },
{ "type": "Feature", "properties": { "name": "(unnamed)", "kind": "Weir", "score": 7, "dedup_count": 1, "label_rank": 14, "tags": { "waterway": "weir" } }, "geometry": { "type": "Point", "coordinates": [ 67.3488549, 25.0782866 ] } },
{ "type": "Feature", "properties": { "name": "(unnamed)", "kind": "Weir", "score": 7, "dedup_count": 1, "label_rank": 14, "tags": { "waterway": "weir" } }, "geometry": { "type": "Point", "coordinates": [ 67.27219055, 25.0822659 ] } },
{ "type": "Feature", "properties": { "name": "(unnamed)", "kind": "Weir", "score": 7, "dedup_count": 1, "label_rank": 14, "tags": { "waterway": "weir" } }, "geometry": { "type": "Point", "coordinates": [ 67.290923099999986, 25.09147735 ] } },
{ "type": "Feature", "properties": { "name": "(unnamed)", "kind": "Weir", "score": 7, "dedup_count": 1, "label_rank": 14, "tags": { "waterway": "weir" } }, "geometry": { "type": "Point", "coordinates": [ 67.2261242, 25.17455265 ] } },
{ "type": "Feature", "properties": { "name": "(unnamed)", "kind": "Weir", "score": 7, "dedup_count": 1, "label_rank": 14, "tags": { "waterway": "weir" } }, "geometry": { "type": "Point", "coordinates": [ 67.3394859, 27.5273515 ] } },
{ "type": "Feature", "properties": { "name": "(unnamed)", "kind": "Weir", "score": 7, "dedup_count": 1, "label_rank": 14, "tags": { "waterway": "weir" } }, "geometry": { "type": "Point", "coordinates": [ 67.3971458, 28.5176878 ] } },
{ "type": "Feature", "properties": { "name": "(unnamed)", "kind": "Weir", "score": 7, "dedup_count": 1, "label_rank": 14, "tags": { "waterway": "weir" } }, "geometry": { "type": "Point", "coordinates": [ 67.2644741, 30.0537243 ] } },
{ "type": "Feature", "properties": { "name": "(unnamed)", "kind": "Weir", "score": 7, "dedup_count": 1, "label_rank": 14, "tags": { "waterway": "weir" } }, "geometry": { "type": "Point", "coordinates": [ 67.13414395, 30.1073858 ] } },
{ "type": "Feature", "properties": { "name": "(unnamed)", "kind": "Weir", "score": 7, "dedup_count": 1, "label_rank": 14, "tags": { "waterway": "weir" } }, "geometry": { "type": "Point", "coordinates": [ 67.2462509, 32.7644531 ] } },
{ "type": "Feature", "properties": { "name": "(unnamed)", "kind": "Weir", "score": 7, "dedup_count": 1, "label_rank": 14, "tags": { "waterway": "weir" } }, "geometry": { "type": "Point", "coordinates": [ 67.5160883, 24.5969206 ] } },
{ "type": "Feature", "properties": { "name": "(unnamed)", "kind": "Weir", "score": 7, "dedup_count": 1, "label_rank": 14, "tags": { "waterway": "weir" } }, "geometry": { "type": "Point", "coordinates": [ 67.6557666, 24.8227056 ] } },
{ "type": "Feature", "properties": { "name": "(unnamed)", "kind": "Weir", "score": 7, "dedup_count": 1, "label_rank": 14, "tags": { "waterway": "weir" } }, "geometry": { "type": "Point", "coordinates": [ 67.913237173841566, 25.1977877512936 ] } },
{ "type": "Feature", "properties": { "name": "(unnamed)", "kind": "Weir", "score": 7, "dedup_count": 1, "label_rank": 14, "tags": { "waterway": "weir" } }, "geometry": { "type": "Point", "coordinates": [ 67.721847399999987, 27.0678583 ] } },
{ "type": "Feature", "properties": { "name": "(unnamed)", "kind": "Weir", "score": 7, "dedup_count": 1, "label_rank": 14, "tags": { "waterway": "weir" } }, "geometry": { "type": "Point", "coordinates": [ 67.5382376, 27.5129912 ] } },
{ "type": "Feature", "properties": { "name": "(unnamed)", "kind": "Weir", "score": 7, "dedup_count": 1, "label_rank": 14, "tags": { "waterway": "weir" } }, "geometry": { "type": "Point", "coordinates": [ 67.6853993, 27.7130734 ] } },
{ "type": "Feature", "properties": { "name": "(unnamed)", "kind": "Weir", "score": 7, "dedup_count": 1, "label_rank": 14, "tags": { "waterway": "weir" } }, "geometry": { "type": "Point", "coordinates": [ 67.7720509, 28.1145257 ] } },
{ "type": "Feature", "properties": { "name": "(unnamed)", "kind": "Weir", "score": 7, "dedup_count": 1, "label_rank": 14, "tags": { "waterway": "weir" } }, "geometry": { "type": "Point", "coordinates": [ 67.639631, 28.1152934 ] } },
{ "type": "Feature", "properties": { "name": "(unnamed)", "kind": "Weir", "score": 7, "dedup_count": 1, "label_rank": 14, "tags": { "waterway": "weir" } }, "geometry": { "type": "Point", "coordinates": [ 67.565522300000012, 28.3712216 ] } },
{ "type": "Feature", "properties": { "name": "(unnamed)", "kind": "Weir", "score": 7, "dedup_count": 1, "label_rank": 14, "tags": { "waterway": "weir" } }, "geometry": { "type": "Point", "coordinates": [ 67.797004881277005, 28.942861738941147 ] } },
{ "type": "Feature", "properties": { "name": "(unnamed)", "kind": "Weir", "score": 7, "dedup_count": 1, "label_rank": 14, "tags": { "waterway": "weir" } }, "geometry": { "type": "Point", "coordinates": [ 67.6816177, 29.1945743 ] } },
{ "type": "Feature", "properties": { "name": "(unnamed)", "kind": "Weir", "score": 7, "dedup_count": 1, "label_rank": 14, "tags": { "waterway": "weir" } }, "geometry": { "type": "Point", "coordinates": [ 67.5622961, 29.36963825 ] } },
{ "type": "Feature", "properties": { "name": "(unnamed)", "kind": "Weir", "score": 7, "dedup_count": 1, "label_rank": 14, "tags": { "waterway": "weir" } }, "geometry": { "type": "Point", "coordinates": [ 67.630504499999986, 29.5641727 ] } },
{ "type": "Feature", "properties": { "name": "(unnamed)", "kind": "Weir", "score": 7, "dedup_count": 1, "label_rank": 14, "tags": { "waterway": "weir" } }, "geometry": { "type": "Point", "coordinates": [ 67.72804075, 29.5647629 ] } },
{ "type": "Feature", "properties": { "name": "(unnamed)", "kind": "Weir", "score": 7, "dedup_count": 1, "label_rank": 14, "tags": { "waterway": "weir" } }, "geometry": { "type": "Point", "coordinates": [ 67.844813899951617, 30.523276756383922 ] } },
{ "type": "Feature", "properties": { "name": "(unnamed)", "kind": "Weir", "score": 7, "dedup_count": 1, "label_rank": 14, "tags": { "waterway": "weir" } }, "geometry": { "type": "Point", "coordinates": [ 67.681430085741852, 31.43548683914598 ] } },
{ "type": "Feature", "properties": { "name": "(unnamed)", "kind": "Weir", "score": 7, "dedup_count": 1, "label_rank": 14, "tags": { "waterway": "weir" } }, "geometry": { "type": "Point", "coordinates": [ 67.8372074, 34.4241234 ] } },
{ "type": "Feature", "properties": { "name": "(unnamed)", "kind": "Weir", "score": 7, "dedup_count": 1, "label_rank": 14, "tags": { "waterway": "weir" } }, "geometry": { "type": "Point", "coordinates": [ 67.716305899952488, 35.01295136601783 ] } },
{ "type": "Feature", "properties": { "name": "(unnamed)", "kind": "Weir", "score": 7, "dedup_count": 1, "label_rank": 14, "tags": { "waterway": "weir" } }, "geometry": { "type": "Point", "coordinates": [ 67.759144238577463, 35.123446121805486 ] } },
{ "type": "Feature", "properties": { "name": "(unnamed)", "kind": "Weir", "score": 7, "dedup_count": 1, "label_rank": 14, "tags": { "waterway": "weir" } }, "geometry": { "type": "Point", "coordinates": [ 68.2578689, 24.6120971 ] } },
{ "type": "Feature", "properties": { "name": "(unnamed)", "kind": "Weir", "score": 7, "dedup_count": 1, "label_rank": 14, "tags": { "waterway": "weir" } }, "geometry": { "type": "Point", "coordinates": [ 68.2927456, 24.9161441 ] } },
{ "type": "Feature", "properties": { "name": "(unnamed)", "kind": "Weir", "score": 7, "dedup_count": 1, "label_rank": 14, "tags": { "waterway": "weir" } }, "geometry": { "type": "Point", "coordinates": [ 68.7078172, 25.7453464 ] } },
{ "type": "Feature", "properties": { "name": "(unnamed)", "kind": "Weir", "score": 7, "dedup_count": 1, "label_rank": 14, "tags": { "waterway": "weir" } }, "geometry": { "type": "Point", "coordinates": [ 68.7511003, 25.9066999 ] } },
{ "type": "Feature", "properties": { "name": "(unnamed)", "kind": "Weir", "score": 7, "dedup_count": 1, "label_rank": 14, "tags": { "waterway": "weir" } }, "geometry": { "type": "Point", "coordinates": [ 68.165332699999979, 26.4269167 ] } },
{ "type": "Feature", "properties": { "name": "(unnamed)", "kind": "Weir", "score": 7, "dedup_count": 1, "label_rank": 14, "tags": { "waterway": "weir" } }, "geometry": { "type": "Point", "coordinates": [ 68.242470199999985, 27.7355594 ] } },
{ "type": "Feature", "properties": { "name": "(unnamed)", "kind": "Weir", "score": 7, "dedup_count": 1, "label_rank": 14, "tags": { "waterway": "weir" } }, "geometry": { "type": "Point", "coordinates": [ 68.1329182, 27.7457398 ] } },
{ "type": "Feature", "properties": { "name": "(unnamed)", "kind": "Weir", "score": 7, "dedup_count": 1, "label_rank": 14, "tags": { "waterway": "weir" } }, "geometry": { "type": "Point", "coordinates": [ 68.239494400000012, 27.9050861 ] } },
{ "type": "Feature", "properties": { "name": "(unnamed)", "kind": "Weir", "score": 7, "dedup_count": 1, "label_rank": 14, "tags": { "waterway": "weir" } }, "geometry": { "type": "Point", "coordinates": [ 68.6090375, 27.912909499999987 ] } },
{ "type": "Feature", "properties": { "name": "(unnamed)", "kind": "Weir", "score": 7, "dedup_count": 1, "label_rank": 14, "tags": { "waterway": "weir" } }, "geometry": { "type": "Point", "coordinates": [ 68.638506299999989, 27.9265067 ] } },
{ "type": "Feature", "properties": { "name": "(unnamed)", "kind": "Weir", "score": 7, "dedup_count": 1, "label_rank": 14, "tags": { "waterway": "weir" } }, "geometry": { "type": "Point", "coordinates": [ 68.6591118, 27.9414775 ] } },
{ "type": "Feature", "properties": { "name": "(unnamed)", "kind": "Weir", "score": 7, "dedup_count": 1, "label_rank": 14, "tags": { "waterway": "weir" } }, "geometry": { "type": "Point", "coordinates": [ 67.916381299999983, 27.9987569 ] } },
{ "type": "Feature", "properties": { "name": "(unnamed)", "kind": "Weir", "score": 7, "dedup_count": 1, "label_rank": 14, "tags": { "waterway": "weir" } }, "geometry": { "type": "Point", "coordinates": [ 68.4973586, 28.2628091 ] } },
{ "type": "Feature", "properties": { "name": "(unnamed)", "kind": "Weir", "score": 7, "dedup_count": 1, "label_rank": 14, "tags": { "waterway": "weir" } }, "geometry": { "type": "Point", "coordinates": [ 68.7518567, 28.3240433 ] } },
{ "type": "Feature", "properties": { "name": "(unnamed)", "kind": "Weir", "score": 7, "dedup_count": 1, "label_rank": 14, "tags": { "waterway": "weir" } }, "geometry": { "type": "Point", "coordinates": [ 68.1274732, 28.4046837 ] } },
{ "type": "Feature", "properties": { "name": "(unnamed)", "kind": "Weir", "score": 7, "dedup_count": 1, "label_rank": 14, "tags": { "waterway": "weir" } }, "geometry": { "type": "Point", "coordinates": [ 68.155642445810429, 28.640131397344554 ] } },
{ "type": "Feature", "properties": { "name": "(unnamed)", "kind": "Weir", "score": 7, "dedup_count": 1, "label_rank": 14, "tags": { "waterway": "weir" } }, "geometry": { "type": "Point", "coordinates": [ 68.173628249999979, 29.000485699999984 ] } },
{ "type": "Feature", "properties": { "name": "(unnamed)", "kind": "Weir", "score": 7, "dedup_count": 1, "label_rank": 14, "tags": { "waterway": "weir" } }, "geometry": { "type": "Point", "coordinates": [ 68.0745545, 29.0227681 ] } },
{ "type": "Feature", "properties": { "name": "(unnamed)", "kind": "Weir", "score": 7, "dedup_count": 1, "label_rank": 14, "tags": { "waterway": "weir" } }, "geometry": { "type": "Point", "coordinates": [ 68.095673, 29.1658871 ] } },
{ "type": "Feature", "properties": { "name": "(unnamed)", "kind": "Weir", "score": 7, "dedup_count": 1, "label_rank": 14, "tags": { "waterway": "weir" } }, "geometry": { "type": "Point", "coordinates": [ 68.127451232443761, 29.173448947692581 ] } },
{ "type": "Feature", "properties": { "name": "(unnamed)", "kind": "Weir", "score": 7, "dedup_count": 1, "label_rank": 14, "tags": { "waterway": "weir" } }, "geometry": { "type": "Point", "coordinates": [ 68.150652962653751, 29.176602806340433 ] } },
{ "type": "Feature", "properties": { "name": "(unnamed)", "kind": "Weir", "score": 7, "dedup_count": 1, "label_rank": 14, "tags": { "waterway": "weir" } }, "geometry": { "type": "Point", "coordinates": [ 68.8247953, 30.38523685 ] } },
{ "type": "Feature", "properties": { "name": "(unnamed)", "kind": "Weir", "score": 7, "dedup_count": 1, "label_rank": 14, "tags": { "waterway": "weir" } }, "geometry": { "type": "Point", "coordinates": [ 68.2554799, 30.51700035 ] } },
{ "type": "Feature", "properties": { "name": "(unnamed)", "kind": "Weir", "score": 7, "dedup_count": 1, "label_rank": 14, "tags": { "waterway": "weir" } }, "geometry": { "type": "Point", "coordinates": [ 68.8227421, 30.718351 ] } },
{ "type": "Feature", "properties": { "name": "(unnamed)", "kind": "Weir", "score": 7, "dedup_count": 1, "label_rank": 14, "tags": { "waterway": "weir" } }, "geometry": { "type": "Point", "coordinates": [ 68.5279539, 33.6140743 ] } },
{ "type": "Feature", "properties": { "name": "(unnamed)", "kind": "Weir", "score": 7, "dedup_count": 1, "label_rank": 14, "tags": { "waterway": "weir" } }, "geometry": { "type": "Point", "coordinates": [ 68.763578938570177, 34.065951739418168 ] } },
{ "type": "Feature", "properties": { "name": "(unnamed)", "kind": "Weir", "score": 7, "dedup_count": 1, "label_rank": 14, "tags": { "waterway": "weir" } }, "geometry": { "type": "Point", "coordinates": [ 68.535862202644154, 34.084910812903644 ] } },
{ "type": "Feature", "properties": { "name": "(unnamed)", "kind": "Weir", "score": 7, "dedup_count": 1, "label_rank": 14, "tags": { "waterway": "weir" } }, "geometry": { "type": "Point", "coordinates": [ 68.0059715, 34.9718608 ] } },
{ "type": "Feature", "properties": { "name": "(unnamed)", "kind": "Weir", "score": 7, "dedup_count": 1, "label_rank": 14, "tags": { "waterway": "weir" } }, "geometry": { "type": "Point", "coordinates": [ 68.7543822, 35.7446392 ] } },
{ "type": "Feature", "properties": { "name": "(unnamed)", "kind": "Weir", "score": 7, "dedup_count": 1, "label_rank": 14, "tags": { "waterway": "weir" } }, "geometry": { "type": "Point", "coordinates": [ 68.773618487877656, 35.840621444722593 ] } },
{ "type": "Feature", "properties": { "name": "(unnamed)", "kind": "Weir", "score": 7, "dedup_count": 1, "label_rank": 14, "tags": { "waterway": "weir" } }, "geometry": { "type": "Point", "coordinates": [ 68.743049408757599, 35.911987797665198 ] } },
{ "type": "Feature", "properties": { "name": "(unnamed)", "kind": "Weir", "score": 7, "dedup_count": 1, "label_rank": 14, "tags": { "waterway": "weir" } }, "geometry": { "type": "Point", "coordinates": [ 68.67630163044403, 36.12555494949482 ] } },
{ "type": "Feature", "properties": { "name": "(unnamed)", "kind": "Weir", "score": 7, "dedup_count": 1, "label_rank": 14, "tags": { "waterway": "weir" } }, "geometry": { "type": "Point", "coordinates": [ 68.719202139274572, 36.200417125436701 ] } },
{ "type": "Feature", "properties": { "name": "(unnamed)", "kind": "Weir", "score": 7, "dedup_count": 1, "label_rank": 14, "tags": { "waterway": "weir" } }, "geometry": { "type": "Point", "coordinates": [ 68.0499303, 36.2256939 ] } },
{ "type": "Feature", "properties": { "name": "(unnamed)", "kind": "Weir", "score": 7, "dedup_count": 1, "label_rank": 14, "tags": { "waterway": "weir" } }, "geometry": { "type": "Point", "coordinates": [ 68.764803699999987, 36.692874 ] } },
{ "type": "Feature", "properties": { "name": "(unnamed)", "kind": "Weir", "score": 7, "dedup_count": 1, "label_rank": 14, "tags": { "waterway": "weir" } }, "geometry": { "type": "Point", "coordinates": [ 68.475499959625481, 37.187638574755773 ] } },
{ "type": "Feature", "properties": { "name": "(unnamed)", "kind": "Weir", "score": 7, "dedup_count": 1, "label_rank": 14, "tags": { "waterway": "weir" } }, "geometry": { "type": "Point", "coordinates": [ 68.52780715, 37.57183235 ] } },
{ "type": "Feature", "properties": { "name": "(unnamed)", "kind": "Weir", "score": 7, "dedup_count": 1, "label_rank": 14, "tags": { "waterway": "weir" } }, "geometry": { "type": "Point", "coordinates": [ 69.500628049999975, 23.1862689 ] } },
{ "type": "Feature", "properties": { "name": "(unnamed)", "kind": "Weir", "score": 7, "dedup_count": 1, "label_rank": 14, "tags": { "waterway": "weir" } }, "geometry": { "type": "Point", "coordinates": [ 69.0769994, 24.4331333 ] } },
{ "type": "Feature", "properties": { "name": "(unnamed)", "kind": "Weir", "score": 7, "dedup_count": 1, "label_rank": 14, "tags": { "waterway": "weir" } }, "geometry": { "type": "Point", "coordinates": [ 68.9164343, 24.7915803 ] } },
{ "type": "Feature", "properties": { "name": "(unnamed)", "kind": "Weir", "score": 7, "dedup_count": 1, "label_rank": 14, "tags": { "waterway": "weir" } }, "geometry": { "type": "Point", "coordinates": [ 68.85610125, 27.64049335 ] } },
{ "type": "Feature", "properties": { "name": "(unnamed)", "kind": "Weir", "score": 7, "dedup_count": 1, "label_rank": 14, "tags": { "waterway": "weir" } }, "geometry": { "type": "Point", "coordinates": [ 69.2577016, 27.93801845 ] } },
{ "type": "Feature", "properties": { "name": "(unnamed)", "kind": "Weir", "score": 7, "dedup_count": 1, "label_rank": 14, "tags": { "waterway": "weir" } }, "geometry": { "type": "Point", "coordinates": [ 69.19241985, 27.94030985 ] } },
{ "type": "Feature", "properties": { "name": "(unnamed)", "kind": "Weir", "score": 7, "dedup_count": 1, "label_rank": 14, "tags": { "waterway": "weir" } }, "geometry": { "type": "Point", "coordinates": [ 68.985635299999984, 28.1032773 ] } },
{ "type": "Feature", "properties": { "name": "(unnamed)", "kind": "Weir", "score": 7, "dedup_count": 1, "label_rank": 14, "tags": { "waterway": "weir" } }, "geometry": { "type": "Point", "coordinates": [ 68.950356299999982, 28.1613141 ] } },
{ "type": "Feature", "properties": { "name": "(unnamed)", "kind": "Weir", "score": 7, "dedup_count": 1, "label_rank": 14, "tags": { "waterway": "weir" } }, "geometry": { "type": "Point", "coordinates": [ 69.2415462, 28.2002384 ] } },
{ "type": "Feature", "properties": { "name": "(unnamed)", "kind": "Weir", "score": 7, "dedup_count": 1, "label_rank": 14, "tags": { "waterway": "weir" } }, "geometry": { "type": "Point", "coordinates": [ 68.9027487, 28.2256633 ] } },
{ "type": "Feature", "properties": { "name": "(unnamed)", "kind": "Weir", "score": 7, "dedup_count": 1, "label_rank": 14, "tags": { "waterway": "weir" } }, "geometry": { "type": "Point", "coordinates": [ 68.9963749, 28.2394142 ] } },
{ "type": "Feature", "properties": { "name": "(unnamed)", "kind": "Weir", "score": 7, "dedup_count": 1, "label_rank": 14, "tags": { "waterway": "weir" } }, "geometry": { "type": "Point", "coordinates": [ 69.0768465, 28.2911093 ] } },
{ "type": "Feature", "properties": { "name": "(unnamed)", "kind": "Weir", "score": 7, "dedup_count": 1, "label_rank": 14, "tags": { "waterway": "weir" } }, "geometry": { "type": "Point", "coordinates": [ 69.1381833, 28.3767699 ] } },
{ "type": "Feature", "properties": { "name": "(unnamed)", "kind": "Weir", "score": 7, "dedup_count": 1, "label_rank": 14, "tags": { "waterway": "weir" } }, "geometry": { "type": "Point", "coordinates": [ 69.0625182, 28.4028178 ] } },
{ "type": "Feature", "properties": { "name": "(unnamed)", "kind": "Weir", "score": 7, "dedup_count": 1, "label_rank": 14, "tags": { "waterway": "weir" } }, "geometry": { "type": "Point", "coordinates": [ 69.4754759, 28.4275568 ] } },
{ "type": "Feature", "properties": { "name": "(unnamed)", "kind": "Weir", "score": 7, "dedup_count": 1, "label_rank": 14, "tags": { "waterway": "weir" } }, "geometry": { "type": "Point", "coordinates": [ 69.552024142971121, 29.550769991125716 ] } },
{ "type": "Feature", "properties": { "name": "(unnamed)", "kind": "Weir", "score": 7, "dedup_count": 1, "label_rank": 14, "tags": { "waterway": "weir" } }, "geometry": { "type": "Point", "coordinates": [ 69.523550037075125, 29.887633352788761 ] } },
{ "type": "Feature", "properties": { "name": "(unnamed)", "kind": "Weir", "score": 7, "dedup_count": 1, "label_rank": 14, "tags": { "waterway": "weir" } }, "geometry": { "type": "Point", "coordinates": [ 69.063072044489857, 30.302593213424597 ] } },
{ "type": "Feature", "properties": { "name": "(unnamed)", "kind": "Weir", "score": 7, "dedup_count": 1, "label_rank": 14, "tags": { "waterway": "weir" } }, "geometry": { "type": "Point", "coordinates": [ 69.2044043, 30.5462958 ] } },
{ "type": "Feature", "properties": { "name": "(unnamed)", "kind": "Weir", "score": 7, "dedup_count": 1, "label_rank": 14, "tags": { "waterway": "weir" } }, "geometry": { "type": "Point", "coordinates": [ 69.178896111264379, 32.907344512032445 ] } },
{ "type": "Feature", "properties": { "name": "(unnamed)", "kind": "Weir", "score": 7, "dedup_count": 1, "label_rank": 14, "tags": { "waterway": "weir" } }, "geometry": { "type": "Point", "coordinates": [ 69.51344855, 33.064934 ] } },
{ "type": "Feature", "properties": { "name": "(unnamed)", "kind": "Weir", "score": 7, "dedup_count": 1, "label_rank": 14, "tags": { "waterway": "weir" } }, "geometry": { "type": "Point", "coordinates": [ 69.27803994995746, 33.626735350235627 ] } },
{ "type": "Feature", "properties": { "name": "(unnamed)", "kind": "Weir", "score": 7, "dedup_count": 1, "label_rank": 14, "tags": { "waterway": "weir" } }, "geometry": { "type": "Point", "coordinates": [ 69.028596542111117, 33.995134945770111 ] } },
{ "type": "Feature", "properties": { "name": "(unnamed)", "kind": "Weir", "score": 7, "dedup_count": 1, "label_rank": 14, "tags": { "source": "yahoo", "waterway": "weir" } }, "geometry": { "type": "Point", "coordinates": [ 69.147531796907316, 34.289603148633255 ] } },
{ "type": "Feature", "properties": { "name": "(unnamed)", "kind": "Weir", "score": 7, "dedup_count": 1, "label_rank": 14, "tags": { "waterway": "weir" } }, "geometry": { "type": "Point", "coordinates": [ 69.20175834206384, 34.44436528899876 ] } },
{ "type": "Feature", "properties": { "name": "(unnamed)", "kind": "Weir", "score": 7, "dedup_count": 1, "label_rank": 14, "tags": { "waterway": "weir" } }, "geometry": { "type": "Point", "coordinates": [ 69.273344434964073, 34.470573253111084 ] } },
{ "type": "Feature", "properties": { "name": "(unnamed)", "kind": "Weir", "score": 7, "dedup_count": 1, "label_rank": 14, "tags": { "waterway": "weir" } }, "geometry": { "type": "Point", "coordinates": [ 69.155728413345045, 34.508807133004886 ] } },
{ "type": "Feature", "properties": { "name": "(unnamed)", "kind": "Weir", "score": 7, "dedup_count": 1, "label_rank": 14, "tags": { "waterway": "weir" } }, "geometry": { "type": "Point", "coordinates": [ 69.192309663532839, 34.522523658273471 ] } },
{ "type": "Feature", "properties": { "name": "(unnamed)", "kind": "Weir", "score": 7, "dedup_count": 1, "label_rank": 14, "tags": { "waterway": "weir" } }, "geometry": { "type": "Point", "coordinates": [ 69.290695248619343, 34.536386739852524 ] } },
{ "type": "Feature", "properties": { "name": "(unnamed)", "kind": "Weir", "score": 7, "dedup_count": 1, "label_rank": 14, "tags": { "waterway": "weir" } }, "geometry": { "type": "Point", "coordinates": [ 69.22693885, 34.53968805 ] } },
{ "type": "Feature", "properties": { "name": "(unnamed)", "kind": "Weir", "score": 7, "dedup_count": 1, "label_rank": 14, "tags": { "waterway": "weir" } }, "geometry": { "type": "Point", "coordinates": [ 68.9473023, 34.5973233 ] } },
{ "type": "Feature", "properties": { "name": "(unnamed)", "kind": "Weir", "score": 7, "dedup_count": 1, "label_rank": 14, "tags": { "waterway": "weir" } }, "geometry": { "type": "Point", "coordinates": [ 69.2641151, 34.6225873 ] } },
{ "type": "Feature", "properties": { "name": "(unnamed)", "kind": "Weir", "score": 7, "dedup_count": 1, "label_rank": 14, "tags": { "waterway": "weir" } }, "geometry": { "type": "Point", "coordinates": [ 69.2139235, 34.6757291 ] } },
{ "type": "Feature", "properties": { "name": "(unnamed)", "kind": "Weir", "score": 7, "dedup_count": 1, "label_rank": 14, "tags": { "waterway": "weir" } }, "geometry": { "type": "Point", "coordinates": [ 69.02701, 34.6894415 ] } },
{ "type": "Feature", "properties": { "name": "(unnamed)", "kind": "Weir", "score": 7, "dedup_count": 1, "label_rank": 14, "tags": { "waterway": "weir" } }, "geometry": { "type": "Point", "coordinates": [ 69.2485421, 34.7123099 ] } },
{ "type": "Feature", "properties": { "name": "(unnamed)", "kind": "Weir", "score": 7, "dedup_count": 1, "label_rank": 14, "tags": { "waterway": "weir" } }, "geometry": { "type": "Point", "coordinates": [ 69.206185299999987, 34.8176217 ] } },
{ "type": "Feature", "properties": { "name": "(unnamed)", "kind": "Weir", "score": 7, "dedup_count": 1, "label_rank": 14, "tags": { "waterway": "weir" } }, "geometry": { "type": "Point", "coordinates": [ 68.939133, 35.0154541 ] } },
{ "type": "Feature", "properties": { "name": "(unnamed)", "kind": "Weir", "score": 7, "dedup_count": 1, "label_rank": 14, "tags": { "waterway": "weir" } }, "geometry": { "type": "Point", "coordinates": [ 68.9678702, 35.0246231 ] } },
{ "type": "Feature", "properties": { "name": "(unnamed)", "kind": "Weir", "score": 7, "dedup_count": 1, "label_rank": 14, "tags": { "waterway": "weir" } }, "geometry": { "type": "Point", "coordinates": [ 69.24342271936969, 35.083430091557105 ] } },
{ "type": "Feature", "properties": { "name": "(unnamed)", "kind": "Weir", "score": 7, "dedup_count": 1, "label_rank": 14, "tags": { "waterway": "weir" } }, "geometry": { "type": "Point", "coordinates": [ 69.228671, 35.138197 ] } },
{ "type": "Feature", "properties": { "name": "(unnamed)", "kind": "Weir", "score": 7, "dedup_count": 1, "label_rank": 14, "tags": { "waterway": "weir" } }, "geometry": { "type": "Point", "coordinates": [ 69.291123198348828, 35.146238674694374 ] } },
{ "type": "Feature", "properties": { "name": "(unnamed)", "kind": "Weir", "score": 7, "dedup_count": 1, "label_rank": 14, "tags": { "waterway": "weir" } }, "geometry": { "type": "Point", "coordinates": [ 69.3047618, 35.2074511 ] } },
{ "type": "Feature", "properties": { "name": "(unnamed)", "kind": "Weir", "score": 7, "dedup_count": 1, "label_rank": 14, "tags": { "waterway": "weir" } }, "geometry": { "type": "Point", "coordinates": [ 69.417326099999983, 35.2466694 ] } },
{ "type": "Feature", "properties": { "name": "(unnamed)", "kind": "Weir", "score": 7, "dedup_count": 1, "label_rank": 14, "tags": { "waterway": "weir" } }, "geometry": { "type": "Point", "coordinates": [ 69.46327260000001, 35.2475761 ] } },
{ "type": "Feature", "properties": { "name": "(unnamed)", "kind": "Weir", "score": 7, "dedup_count": 1, "label_rank": 14, "tags": { "waterway": "weir" } }, "geometry": { "type": "Point", "coordinates": [ 69.4785793, 35.262769099999986 ] } },
{ "type": "Feature", "properties": { "name": "(unnamed)", "kind": "Weir", "score": 7, "dedup_count": 1, "label_rank": 14, "tags": { "waterway": "weir" } }, "geometry": { "type": "Point", "coordinates": [ 69.5738256, 35.35029870000001 ] } },
{ "type": "Feature", "properties": { "name": "(unnamed)", "kind": "Weir", "score": 7, "dedup_count": 1, "label_rank": 14, "tags": { "source": "bing", "waterway": "weir" } }, "geometry": { "type": "Point", "coordinates": [ 69.3871256, 35.6521982 ] } },
{ "type": "Feature", "properties": { "name": "(unnamed)", "kind": "Weir", "score": 7, "dedup_count": 1, "label_rank": 14, "tags": { "waterway": "weir" } }, "geometry": { "type": "Point", "coordinates": [ 68.9419957, 36.6718225 ] } },
{ "type": "Feature", "properties": { "name": "(unnamed)", "kind": "Weir", "score": 7, "dedup_count": 1, "label_rank": 14, "tags": { "waterway": "weir" } }, "geometry": { "type": "Point", "coordinates": [ 69.103380299999984, 36.696500299999983 ] } },
{ "type": "Feature", "properties": { "name": "(unnamed)", "kind": "Weir", "score": 7, "dedup_count": 1, "label_rank": 14, "tags": { "waterway": "weir" } }, "geometry": { "type": "Point", "coordinates": [ 69.0863808, 36.6993159 ] } },
{ "type": "Feature", "properties": { "name": "(unnamed)", "kind": "Weir", "score": 7, "dedup_count": 1, "label_rank": 14, "tags": { "waterway": "weir" } }, "geometry": { "type": "Point", "coordinates": [ 68.8958423, 36.7736079 ] } },
{ "type": "Feature", "properties": { "name": "(unnamed)", "kind": "Weir", "score": 7, "dedup_count": 1, "label_rank": 14, "tags": { "waterway": "weir" } }, "geometry": { "type": "Point", "coordinates": [ 69.232035199999984, 37.0239661 ] } },
{ "type": "Feature", "properties": { "name": "(unnamed)", "kind": "Weir", "score": 7, "dedup_count": 1, "label_rank": 14, "tags": { "waterway": "weir" } }, "geometry": { "type": "Point", "coordinates": [ 69.4038803, 37.0829582 ] } },
{ "type": "Feature", "properties": { "name": "(unnamed)", "kind": "Weir", "score": 7, "dedup_count": 1, "label_rank": 14, "tags": { "waterway": "weir" } }, "geometry": { "type": "Point", "coordinates": [ 69.321241499999985, 37.1004062 ] } },
{ "type": "Feature", "properties": { "name": "(unnamed)", "kind": "Weir", "score": 7, "dedup_count": 1, "label_rank": 14, "tags": { "waterway": "weir" } }, "geometry": { "type": "Point", "coordinates": [ 69.285136, 37.1144286 ] } },
{ "type": "Feature", "properties": { "name": "(unnamed)", "kind": "Weir", "score": 7, "dedup_count": 1, "label_rank": 14, "tags": { "waterway": "weir" } }, "geometry": { "type": "Point", "coordinates": [ 69.215532699999983, 37.136049 ] } },
{ "type": "Feature", "properties": { "name": "(unnamed)", "kind": "Weir", "score": 7, "dedup_count": 1, "label_rank": 14, "tags": { "waterway": "weir" } }, "geometry": { "type": "Point", "coordinates": [ 69.391622899999987, 37.1457489 ] } },
{ "type": "Feature", "properties": { "name": "(unnamed)", "kind": "Weir", "score": 7, "dedup_count": 1, "label_rank": 14, "tags": { "waterway": "weir" } }, "geometry": { "type": "Point", "coordinates": [ 69.435910300000018, 37.1472366 ] } },
{ "type": "Feature", "properties": { "name": "(unnamed)", "kind": "Weir", "score": 7, "dedup_count": 1, "label_rank": 14, "tags": { "waterway": "weir" } }, "geometry": { "type": "Point", "coordinates": [ 69.1590829, 37.1897644 ] } },
{ "type": "Feature", "properties": { "name": "(unnamed)", "kind": "Weir", "score": 7, "dedup_count": 1, "label_rank": 14, "tags": { "waterway": "weir" } }, "geometry": { "type": "Point", "coordinates": [ 69.144742099999988, 37.2296631 ] } },
{ "type": "Feature", "properties": { "name": "(unnamed)", "kind": "Weir", "score": 7, "dedup_count": 1, "label_rank": 14, "tags": { "waterway": "weir" } }, "geometry": { "type": "Point", "coordinates": [ 69.056699399999985, 37.3071381 ] } },
{ "type": "Feature", "properties": { "name": "(unnamed)", "kind": "Weir", "score": 7, "dedup_count": 1, "label_rank": 14, "tags": { "waterway": "weir" } }, "geometry": { "type": "Point", "coordinates": [ 69.081896199999989, 37.3190629 ] } },
{ "type": "Feature", "properties": { "name": "(unnamed)", "kind": "Weir", "score": 7, "dedup_count": 1, "label_rank": 14, "tags": { "waterway": "weir" } }, "geometry": { "type": "Point", "coordinates": [ 69.0503964, 37.3360938 ] } },
{ "type": "Feature", "properties": { "name": "(unnamed)", "kind": "Weir", "score": 7, "dedup_count": 1, "label_rank": 14, "tags": { "waterway": "weir" } }, "geometry": { "type": "Point", "coordinates": [ 70.2008289, 23.1137867 ] } },
{ "type": "Feature", "properties": { "name": "(unnamed)", "kind": "Weir", "score": 7, "dedup_count": 1, "label_rank": 14, "tags": { "layer": "1", "waterway": "weir" } }, "geometry": { "type": "Point", "coordinates": [ 69.7785275, 23.2625309 ] } },
{ "type": "Feature", "properties": { "name": "(unnamed)", "kind": "Weir", "score": 7, "dedup_count": 1, "label_rank": 14, "tags": { "waterway": "weir" } }, "geometry": { "type": "Point", "coordinates": [ 69.72349704849691, 23.270241538554369 ] } },
{ "type": "Feature", "properties": { "name": "(unnamed)", "kind": "Weir", "score": 7, "dedup_count": 1, "label_rank": 14, "tags": { "layer": "1", "waterway": "weir" } }, "geometry": { "type": "Point", "coordinates": [ 70.64295580000001, 23.2909483 ] } },
{ "type": "Feature", "properties": { "name": "(unnamed)", "kind": "Weir", "score": 7, "dedup_count": 1, "label_rank": 14, "tags": { "waterway": "weir" } }, "geometry": { "type": "Point", "coordinates": [ 69.6709228, 27.7164181 ] } },
{ "type": "Feature", "properties": { "name": "(unnamed)", "kind": "Weir", "score": 7, "dedup_count": 1, "label_rank": 14, "tags": { "waterway": "weir" } }, "geometry": { "type": "Point", "coordinates": [ 70.001476399999987, 27.883993 ] } },
{ "type": "Feature", "properties": { "name": "(unnamed)", "kind": "Weir", "score": 7, "dedup_count": 1, "label_rank": 14, "tags": { "waterway": "weir" } }, "geometry": { "type": "Point", "coordinates": [ 70.285821400000017, 29.194346 ] } },
{ "type": "Feature", "properties": { "name": "(unnamed)", "kind": "Weir", "score": 7, "dedup_count": 1, "label_rank": 14, "tags": { "waterway": "weir" } }, "geometry": { "type": "Point", "coordinates": [ 70.2568334, 29.3294111 ] } },
{ "type": "Feature", "properties": { "name": "(unnamed)", "kind": "Weir", "score": 7, "dedup_count": 1, "label_rank": 14, "tags": { "waterway": "weir" } }, "geometry": { "type": "Point", "coordinates": [ 70.5436013, 29.415721399999988 ] } },
{ "type": "Feature", "properties": { "name": "(unnamed)", "kind": "Weir", "score": 7, "dedup_count": 1, "label_rank": 14, "tags": { "waterway": "weir" } }, "geometry": { "type": "Point", "coordinates": [ 70.325286099999985, 29.4340042 ] } },
{ "type": "Feature", "properties": { "name": "(unnamed)", "kind": "Weir", "score": 7, "dedup_count": 1, "label_rank": 14, "tags": { "waterway": "weir" } }, "geometry": { "type": "Point", "coordinates": [ 70.2342492, 29.5031506 ] } },
{ "type": "Feature", "properties": { "name": "(unnamed)", "kind": "Weir", "score": 7, "dedup_count": 1, "label_rank": 14, "tags": { "waterway": "weir" } }, "geometry": { "type": "Point", "coordinates": [ 70.2445221, 29.5262119 ] } },
{ "type": "Feature", "properties": { "name": "(unnamed)", "kind": "Weir", "score": 7, "dedup_count": 1, "label_rank": 14, "tags": { "waterway": "weir" } }, "geometry": { "type": "Point", "coordinates": [ 70.2855384, 29.5277056 ] } },
{ "type": "Feature", "properties": { "name": "(unnamed)", "kind": "Weir", "score": 7, "dedup_count": 1, "label_rank": 14, "tags": { "waterway": "weir" } }, "geometry": { "type": "Point", "coordinates": [ 70.3083157, 29.5342588 ] } },
{ "type": "Feature", "properties": { "name": "(unnamed)", "kind": "Weir", "score": 7, "dedup_count": 1, "label_rank": 14, "tags": { "waterway": "weir" } }, "geometry": { "type": "Point", "coordinates": [ 69.5901568, 29.56041335 ] } },
{ "type": "Feature", "properties": { "name": "(unnamed)", "kind": "Weir", "score": 7, "dedup_count": 1, "label_rank": 14, "tags": { "waterway": "weir" } }, "geometry": { "type": "Point", "coordinates": [ 70.4862133, 29.7272914 ] } },
{ "type": "Feature", "properties": { "name": "(unnamed)", "kind": "Weir", "score": 7, "dedup_count": 1, "label_rank": 14, "tags": { "waterway": "weir" } }, "geometry": { "type": "Point", "coordinates": [ 70.4739158, 29.7392985 ] } },
{ "type": "Feature", "properties": { "name": "(unnamed)", "kind": "Weir", "score": 7, "dedup_count": 1, "label_rank": 14, "tags": { "waterway": "weir" } }, "geometry": { "type": "Point", "coordinates": [ 70.4509047, 29.8354462 ] } },
{ "type": "Feature", "properties": { "name": "(unnamed)", "kind": "Weir", "score": 7, "dedup_count": 1, "label_rank": 14, "tags": { "waterway": "weir" } }, "geometry": { "type": "Point", "coordinates": [ 70.6500158, 30.0031487 ] } },
{ "type": "Feature", "properties": { "name": "(unnamed)", "kind": "Weir", "score": 7, "dedup_count": 1, "label_rank": 14, "tags": { "waterway": "weir" } }, "geometry": { "type": "Point", "coordinates": [ 70.6750153, 30.0335285 ] } },
{ "type": "Feature", "properties": { "name": "(unnamed)", "kind": "Weir", "score": 7, "dedup_count": 1, "label_rank": 14, "tags": { "waterway": "weir" } }, "geometry": { "type": "Point", "coordinates": [ 70.723967, 30.2030595 ] } },
{ "type": "Feature", "properties": { "name": "(unnamed)", "kind": "Weir", "score": 7, "dedup_count": 1, "label_rank": 14, "tags": { "waterway": "weir" } }, "geometry": { "type": "Point", "coordinates": [ 70.6957957, 30.2682389 ] } },
{ "type": "Feature", "properties": { "name": "(unnamed)", "kind": "Weir", "score": 7, "dedup_count": 1, "label_rank": 14, "tags": { "waterway": "weir" } }, "geometry": { "type": "Point", "coordinates": [ 70.7000041, 30.3234084 ] } },
{ "type": "Feature", "properties": { "name": "(unnamed)", "kind": "Weir", "score": 7, "dedup_count": 1, "label_rank": 14, "tags": { "waterway": "weir" } }, "geometry": { "type": "Point", "coordinates": [ 70.61139685, 30.4338411 ] } },
{ "type": "Feature", "properties": { "name": "(unnamed)", "kind": "Weir", "score": 7, "dedup_count": 1, "label_rank": 14, "tags": { "waterway": "weir" } }, "geometry": { "type": "Point", "coordinates": [ 70.7226628, 30.4885677 ] } },
{ "type": "Feature", "properties": { "name": "(unnamed)", "kind": "Weir", "score": 7, "dedup_count": 1, "label_rank": 14, "tags": { "waterway": "weir" } }, "geometry": { "type": "Point", "coordinates": [ 69.9033076, 30.6977113 ] } },
{ "type": "Feature", "properties": { "name": "(unnamed)", "kind": "Weir", "score": 7, "dedup_count": 1, "label_rank": 14, "tags": { "waterway": "weir" } }, "geometry": { "type": "Point", "coordinates": [ 70.6321777, 30.7038311 ] } },
{ "type": "Feature", "properties": { "name": "(unnamed)", "kind": "Weir", "score": 7, "dedup_count": 1, "label_rank": 14, "tags": { "waterway": "weir" } }, "geometry": { "type": "Point", "coordinates": [ 70.6158283, 31.1316364 ] } },
{ "type": "Feature", "properties": { "name": "(unnamed)", "kind": "Weir", "score": 7, "dedup_count": 1, "label_rank": 14, "tags": { "waterway": "weir" } }, "geometry": { "type": "Point", "coordinates": [ 70.5227743, 31.1890514 ] } },
{ "type": "Feature", "properties": { "name": "(unnamed)", "kind": "Weir", "score": 7, "dedup_count": 1, "label_rank": 14, "tags": { "waterway": "weir" } }, "geometry": { "type": "Point", "coordinates": [ 70.45442515, 31.1942431 ] } },
{ "type": "Feature", "properties": { "name": "(unnamed)", "kind": "Weir", "score": 7, "dedup_count": 1, "label_rank": 14, "tags": { "waterway": "weir" } }, "geometry": { "type": "Point", "coordinates": [ 70.349812652431638, 31.416412482167424 ] } },
{ "type": "Feature", "properties": { "name": "(unnamed)", "kind": "Weir", "score": 7, "dedup_count": 1, "label_rank": 14, "tags": { "waterway": "weir" } }, "geometry": { "type": "Point", "coordinates": [ 70.7828307, 31.5439381 ] } },
{ "type": "Feature", "properties": { "name": "(unnamed)", "kind": "Weir", "score": 7, "dedup_count": 1, "label_rank": 14, "tags": { "waterway": "weir" } }, "geometry": { "type": "Point", "coordinates": [ 70.7157487, 31.5850293 ] } },
{ "type": "Feature", "properties": { "name": "(unnamed)", "kind": "Weir", "score": 7, "dedup_count": 1, "label_rank": 14, "tags": { "waterway": "weir" } }, "geometry": { "type": "Point", "coordinates": [ 70.719053099999982, 31.6434786 ] } },
{ "type": "Feature", "properties": { "name": "(unnamed)", "kind": "Weir", "score": 7, "dedup_count": 1, "label_rank": 14, "tags": { "waterway": "weir" } }, "geometry": { "type": "Point", "coordinates": [ 70.6944385, 31.6438828 ] } },
{ "type": "Feature", "properties": { "name": "(unnamed)", "kind": "Weir", "score": 7, "dedup_count": 1, "label_rank": 14, "tags": { "waterway": "weir" } }, "geometry": { "type": "Point", "coordinates": [ 69.8250449, 33.7914754 ] } },
{ "type": "Feature", "properties": { "name": "(unnamed)", "kind": "Weir", "score": 7, "dedup_count": 1, "label_rank": 14, "tags": { "waterway": "weir" } }, "geometry": { "type": "Point", "coordinates": [ 69.953394660273148, 33.939360949812546 ] } },
{ "type": "Feature", "properties": { "name": "(unnamed)", "kind": "Weir", "score": 7, "dedup_count": 1, "label_rank": 14, "tags": { "waterway": "weir" } }, "geometry": { "type": "Point", "coordinates": [ 69.70855762238476, 34.14174883778233 ] } },
{ "type": "Feature", "properties": { "name": "(unnamed)", "kind": "Weir", "score": 7, "dedup_count": 1, "label_rank": 14, "tags": { "waterway": "weir" } }, "geometry": { "type": "Point", "coordinates": [ 70.48939, 34.1526293 ] } },
{ "type": "Feature", "properties": { "name": "(unnamed)", "kind": "Weir", "score": 7, "dedup_count": 1, "label_rank": 14, "tags": { "waterway": "weir" } }, "geometry": { "type": "Point", "coordinates": [ 69.752226139179214, 34.211491990391067 ] } },
{ "type": "Feature", "properties": { "name": "(unnamed)", "kind": "Weir", "score": 7, "dedup_count": 1, "label_rank": 14, "tags": { "waterway": "weir" } }, "geometry": { "type": "Point", "coordinates": [ 70.7396874, 34.3134253 ] } },
{ "type": "Feature", "properties": { "name": "(unnamed)", "kind": "Weir", "score": 7, "dedup_count": 1, "label_rank": 14, "tags": { "waterway": "weir" } }, "geometry": { "type": "Point", "coordinates": [ 70.5152295, 34.3622035 ] } },
{ "type": "Feature", "properties": { "name": "(unnamed)", "kind": "Weir", "score": 7, "dedup_count": 1, "label_rank": 14, "tags": { "waterway": "weir" } }, "geometry": { "type": "Point", "coordinates": [ 70.250018, 34.3993013 ] } },
{ "type": "Feature", "properties": { "name": "(unnamed)", "kind": "Weir", "score": 7, "dedup_count": 1, "label_rank": 14, "tags": { "waterway": "weir" } }, "geometry": { "type": "Point", "coordinates": [ 70.6304779, 34.4031337 ] } },
{ "type": "Feature", "properties": { "name": "(unnamed)", "kind": "Weir", "score": 7, "dedup_count": 1, "label_rank": 14, "tags": { "waterway": "weir" } }, "geometry": { "type": "Point", "coordinates": [ 70.2287696, 34.4078922 ] } },
{ "type": "Feature", "properties": { "name": "(unnamed)", "kind": "Weir", "score": 7, "dedup_count": 1, "label_rank": 14, "tags": { "waterway": "weir" } }, "geometry": { "type": "Point", "coordinates": [ 70.6519117, 34.4162751 ] } },
{ "type": "Feature", "properties": { "name": "(unnamed)", "kind": "Weir", "score": 7, "dedup_count": 1, "label_rank": 14, "tags": { "waterway": "weir" } }, "geometry": { "type": "Point", "coordinates": [ 70.2973797, 34.4330648 ] } },
{ "type": "Feature", "properties": { "name": "(unnamed)", "kind": "Weir", "score": 7, "dedup_count": 1, "label_rank": 14, "tags": { "fixme": "check", "waterway": "weir" } }, "geometry": { "type": "Point", "coordinates": [ 70.549245499999984, 34.4352285 ] } },
{ "type": "Feature", "properties": { "name": "(unnamed)", "kind": "Weir", "score": 7, "dedup_count": 1, "label_rank": 14, "tags": { "waterway": "weir" } }, "geometry": { "type": "Point", "coordinates": [ 69.5884233, 34.9713734 ] } },
{ "type": "Feature", "properties": { "name": "(unnamed)", "kind": "Weir", "score": 7, "dedup_count": 1, "label_rank": 14, "tags": { "waterway": "weir" } }, "geometry": { "type": "Point", "coordinates": [ 70.16806509282975, 35.248844318261405 ] } },
{ "type": "Feature", "properties": { "name": "(unnamed)", "kind": "Weir", "score": 7, "dedup_count": 1, "label_rank": 14, "tags": { "waterway": "weir" } }, "geometry": { "type": "Point", "coordinates": [ 69.7016108, 35.4118917 ] } },
{ "type": "Feature", "properties": { "name": "(unnamed)", "kind": "Weir", "score": 7, "dedup_count": 1, "label_rank": 14, "tags": { "waterway": "weir" } }, "geometry": { "type": "Point", "coordinates": [ 71.1017387, 23.138351 ] } },
{ "type": "Feature", "properties": { "name": "(unnamed)", "kind": "Weir", "score": 7, "dedup_count": 1, "label_rank": 14, "tags": { "waterway": "weir" } }, "geometry": { "type": "Point", "coordinates": [ 70.8098228, 23.15535565 ] } },
{ "type": "Feature", "properties": { "name": "(unnamed)", "kind": "Weir", "score": 7, "dedup_count": 1, "label_rank": 14, "tags": { "waterway": "weir" } }, "geometry": { "type": "Point", "coordinates": [ 72.358121, 23.5742648 ] } },
{ "type": "Feature", "properties": { "name": "(unnamed)", "kind": "Weir", "score": 7, "dedup_count": 1, "label_rank": 14, "tags": { "waterway": "weir" } }, "geometry": { "type": "Point", "coordinates": [ 72.410378399999985, 23.6058416 ] } },
{ "type": "Feature", "properties": { "name": "(unnamed)", "kind": "Weir", "score": 7, "dedup_count": 1, "label_rank": 14, "tags": { "waterway": "weir" } }, "geometry": { "type": "Point", "coordinates": [ 72.58111905, 24.27487025 ] } },
{ "type": "Feature", "properties": { "name": "(unnamed)", "kind": "Weir", "score": 7, "dedup_count": 1, "label_rank": 14, "tags": { "waterway": "weir" } }, "geometry": { "type": "Point", "coordinates": [ 72.495056399999982, 24.2933026 ] } },
{ "type": "Feature", "properties": { "name": "(unnamed)", "kind": "Weir", "score": 7, "dedup_count": 1, "label_rank": 14, "tags": { "waterway": "weir" } }, "geometry": { "type": "Point", "coordinates": [ 72.5151065, 24.78417215 ] } },
{ "type": "Feature", "properties": { "name": "(unnamed)", "kind": "Weir", "score": 7, "dedup_count": 1, "label_rank": 14, "tags": { "waterway": "weir" } }, "geometry": { "type": "Point", "coordinates": [ 72.5427133, 25.03120225 ] } },
{ "type": "Feature", "properties": { "name": "(unnamed)", "kind": "Weir", "score": 7, "dedup_count": 1, "label_rank": 14, "tags": { "waterway": "weir", "weir": "pumping_station" } }, "geometry": { "type": "Point", "coordinates": [ 71.8822283, 27.4038339 ] } },
{ "type": "Feature", "properties": { "name": "(unnamed)", "kind": "Weir", "score": 7, "dedup_count": 1, "label_rank": 14, "tags": { "waterway": "weir", "weir": "pumping_station" } }, "geometry": { "type": "Point", "coordinates": [ 71.8668186, 27.4682502 ] } },
{ "type": "Feature", "properties": { "name": "(unnamed)", "kind": "Weir", "score": 7, "dedup_count": 1, "label_rank": 14, "tags": { "waterway": "weir", "weir": "pumping_station" } }, "geometry": { "type": "Point", "coordinates": [ 71.8452051, 27.5143281 ] } },
{ "type": "Feature", "properties": { "name": "(unnamed)", "kind": "Weir", "score": 7, "dedup_count": 1, "label_rank": 14, "tags": { "waterway": "weir" } }, "geometry": { "type": "Point", "coordinates": [ 72.4653987, 27.8007923 ] } },
{ "type": "Feature", "properties": { "name": "(unnamed)", "kind": "Weir", "score": 7, "dedup_count": 1, "label_rank": 14, "tags": { "waterway": "weir" } }, "geometry": { "type": "Point", "coordinates": [ 71.1088821, 29.0485329 ] } },
{ "type": "Feature", "properties": { "name": "(unnamed)", "kind": "Weir", "score": 7, "dedup_count": 1, "label_rank": 14, "tags": { "waterway": "weir" } }, "geometry": { "type": "Point", "coordinates": [ 71.163270899999986, 29.0517321 ] } },
{ "type": "Feature", "properties": { "name": "(unnamed)", "kind": "Weir", "score": 7, "dedup_count": 1, "label_rank": 14, "tags": { "waterway": "weir" } }, "geometry": { "type": "Point", "coordinates": [ 70.8177978, 29.0548798 ] } },
{ "type": "Feature", "properties": { "name": "(unnamed)", "kind": "Weir", "score": 7, "dedup_count": 1, "label_rank": 14, "tags": { "waterway": "weir" } }, "geometry": { "type": "Point", "coordinates": [ 71.1177327, 29.0597106 ] } },
{ "type": "Feature", "properties": { "name": "(unnamed)", "kind": "Weir", "score": 7, "dedup_count": 1, "label_rank": 14, "tags": { "waterway": "weir" } }, "geometry": { "type": "Point", "coordinates": [ 71.1174248, 29.0741151 ] } },
{ "type": "Feature", "properties": { "name": "(unnamed)", "kind": "Weir", "score": 7, "dedup_count": 1, "label_rank": 14, "tags": { "source": "Yahoo hi-res", "waterway": "weir" } }, "geometry": { "type": "Point", "coordinates": [ 71.714937799999987, 29.54531185 ] } },
{ "type": "Feature", "properties": { "name": "(unnamed)", "kind": "Weir", "score": 7, "dedup_count": 1, "label_rank": 14, "tags": { "waterway": "weir" } }, "geometry": { "type": "Point", "coordinates": [ 70.850079609569903, 30.510472718027231 ] } },
{ "type": "Feature", "properties": { "name": "(unnamed)", "kind": "Weir", "score": 7, "dedup_count": 1, "label_rank": 14, "tags": { "waterway": "weir" } }, "geometry": { "type": "Point", "coordinates": [ 72.202294221042123, 30.579694681277743 ] } },
{ "type": "Feature", "properties": { "name": "(unnamed)", "kind": "Weir", "score": 7, "dedup_count": 1, "label_rank": 14, "tags": { "waterway": "weir" } }, "geometry": { "type": "Point", "coordinates": [ 72.038617545054436, 30.618836940979914 ] } },
{ "type": "Feature", "properties": { "name": "(unnamed)", "kind": "Weir", "score": 7, "dedup_count": 1, "label_rank": 14, "tags": { "waterway": "weir" } }, "geometry": { "type": "Point", "coordinates": [ 70.92441655, 30.99171145 ] } },
{ "type": "Feature", "properties": { "name": "(unnamed)", "kind": "Weir", "score": 7, "dedup_count": 1, "label_rank": 14, "tags": { "waterway": "weir" } }, "geometry": { "type": "Point", "coordinates": [ 71.5475815, 31.8627754 ] } },
{ "type": "Feature", "properties": { "name": "(unnamed)", "kind": "Weir", "score": 7, "dedup_count": 1, "label_rank": 14, "tags": { "waterway": "weir" } }, "geometry": { "type": "Point", "coordinates": [ 70.837011599999983, 31.9637468 ] } },
{ "type": "Feature", "properties": { "name": "(unnamed)", "kind": "Weir", "score": 7, "dedup_count": 1, "label_rank": 14, "tags": { "waterway": "weir" } }, "geometry": { "type": "Point", "coordinates": [ 71.8004014, 32.00966110000001 ] } },
{ "type": "Feature", "properties": { "name": "(unnamed)", "kind": "Weir", "score": 7, "dedup_count": 1, "label_rank": 14, "tags": { "waterway": "weir" } }, "geometry": { "type": "Point", "coordinates": [ 71.0357034, 32.194354 ] } },
{ "type": "Feature", "properties": { "name": "(unnamed)", "kind": "Weir", "score": 7, "dedup_count": 1, "label_rank": 14, "tags": { "waterway": "weir" } }, "geometry": { "type": "Point", "coordinates": [ 72.3236056, 32.212927 ] } },
{ "type": "Feature", "properties": { "name": "(unnamed)", "kind": "Weir", "score": 7, "dedup_count": 1, "label_rank": 14, "tags": { "waterway": "weir" } }, "geometry": { "type": "Point", "coordinates": [ 71.520832786623288, 32.916564934924963 ] } },
{ "type": "Feature", "properties": { "name": "(unnamed)", "kind": "Weir", "score": 7, "dedup_count": 1, "label_rank": 14, "tags": { "waterway": "weir" } }, "geometry": { "type": "Point", "coordinates": [ 71.396337296528543, 32.980549858729283 ] } },
{ "type": "Feature", "properties": { "name": "(unnamed)", "kind": "Weir", "score": 7, "dedup_count": 1, "label_rank": 14, "tags": { "waterway": "weir" } }, "geometry": { "type": "Point", "coordinates": [ 72.58325435, 33.59159995 ] } },
{ "type": "Feature", "properties": { "name": "(unnamed)", "kind": "Weir", "score": 7, "dedup_count": 1, "label_rank": 14, "tags": { "waterway": "weir" } }, "geometry": { "type": "Point", "coordinates": [ 71.353350995513182, 33.593494441232167 ] } },
{ "type": "Feature", "properties": { "name": "(unnamed)", "kind": "Weir", "score": 7, "dedup_count": 1, "label_rank": 14, "tags": { "tunnel": "culvert", "waterway": "weir" } }, "geometry": { "type": "Point", "coordinates": [ 71.706229799999988, 33.9763919 ] } },
{ "type": "Feature", "properties": { "name": "(unnamed)", "kind": "Weir", "score": 7, "dedup_count": 1, "label_rank": 14, "tags": { "waterway": "weir" } }, "geometry": { "type": "Point", "coordinates": [ 72.459323649999988, 34.1191781 ] } },
{ "type": "Feature", "properties": { "name": "(unnamed)", "kind": "Weir", "score": 7, "dedup_count": 1, "label_rank": 14, "tags": { "waterway": "weir" } }, "geometry": { "type": "Point", "coordinates": [ 71.067013399999979, 34.1414515 ] } },
{ "type": "Feature", "properties": { "name": "(unnamed)", "kind": "Weir", "score": 7, "dedup_count": 1, "label_rank": 14, "tags": { "waterway": "weir" } }, "geometry": { "type": "Point", "coordinates": [ 70.865251599999979, 34.2567121 ] } },
{ "type": "Feature", "properties": { "name": "(unnamed)", "kind": "Weir", "score": 7, "dedup_count": 1, "label_rank": 14, "tags": { "source": "Yahoo", "waterway": "weir" } }, "geometry": { "type": "Point", "coordinates": [ 71.627407, 34.2880628 ] } },
{ "type": "Feature", "properties": { "name": "(unnamed)", "kind": "Weir", "score": 7, "dedup_count": 1, "label_rank": 14, "tags": { "source": "Yahoo", "waterway": "weir" } }, "geometry": { "type": "Point", "coordinates": [ 71.578132499999981, 34.3075421 ] } },
{ "type": "Feature", "properties": { "name": "(unnamed)", "kind": "Weir", "score": 7, "dedup_count": 1, "label_rank": 14, "tags": { "source": "Yahoo", "waterway": "weir" } }, "geometry": { "type": "Point", "coordinates": [ 71.7346516, 34.3815226 ] } },
{ "type": "Feature", "properties": { "name": "(unnamed)", "kind": "Weir", "score": 7, "dedup_count": 1, "label_rank": 14, "tags": { "source": "Yahoo", "waterway": "weir" } }, "geometry": { "type": "Point", "coordinates": [ 71.7516568, 34.3917488 ] } },
{ "type": "Feature", "properties": { "name": "(unnamed)", "kind": "Weir", "score": 7, "dedup_count": 1, "label_rank": 14, "tags": { "fixme": "is this a weir?", "source": "Yahoo", "waterway": "weir" } }, "geometry": { "type": "Point", "coordinates": [ 71.8033047, 34.4143684 ] } },
{ "type": "Feature", "properties": { "name": "(unnamed)", "kind": "Weir", "score": 7, "dedup_count": 1, "label_rank": 14, "tags": { "waterway": "weir" } }, "geometry": { "type": "Point", "coordinates": [ 72.021044499999988, 34.6444788 ] } },
{ "type": "Feature", "properties": { "name": "(unnamed)", "kind": "Weir", "score": 7, "dedup_count": 1, "label_rank": 14, "tags": { "waterway": "weir" } }, "geometry": { "type": "Point", "coordinates": [ 71.4978674, 34.8333074 ] } },
{ "type": "Feature", "properties": { "name": "(unnamed)", "kind": "Weir", "score": 7, "dedup_count": 1, "label_rank": 14, "tags": { "waterway": "weir" } }, "geometry": { "type": "Point", "coordinates": [ 71.1286279, 34.9095379 ] } },
{ "type": "Feature", "properties": { "name": "(unnamed)", "kind": "Weir", "score": 7, "dedup_count": 1, "label_rank": 14, "tags": { "waterway": "weir" } }, "geometry": { "type": "Point", "coordinates": [ 70.978498799999983, 34.9377687 ] } },
{ "type": "Feature", "properties": { "name": "(unnamed)", "kind": "Weir", "score": 7, "dedup_count": 1, "label_rank": 14, "tags": { "waterway": "weir" } }, "geometry": { "type": "Point", "coordinates": [ 70.8728262, 35.3152684 ] } },
{ "type": "Feature", "properties": { "name": "(unnamed)", "kind": "Weir", "score": 7, "dedup_count": 1, "label_rank": 14, "tags": { "waterway": "weir" } }, "geometry": { "type": "Point", "coordinates": [ 70.9428949, 35.4627945 ] } },
{ "type": "Feature", "properties": { "name": "(unnamed)", "kind": "Weir", "score": 7, "dedup_count": 1, "label_rank": 14, "tags": { "waterway": "weir" } }, "geometry": { "type": "Point", "coordinates": [ 72.5599458, 35.5378827 ] } },
{ "type": "Feature", "properties": { "name": "(unnamed)", "kind": "Weir", "score": 7, "dedup_count": 1, "label_rank": 14, "tags": { "waterway": "weir" } }, "geometry": { "type": "Point", "coordinates": [ 71.8530153, 36.6888729 ] } },
{ "type": "Feature", "properties": { "name": "(unnamed)", "kind": "Weir", "score": 7, "dedup_count": 1, "label_rank": 14, "tags": { "source": "QuickBird 20/04/2010", "waterway": "weir" } }, "geometry": { "type": "Point", "coordinates": [ 71.5944276, 37.514056 ] } },
{ "type": "Feature", "properties": { "name": "(unnamed)", "kind": "Weir", "score": 7, "dedup_count": 1, "label_rank": 14, "tags": { "waterway": "weir" } }, "geometry": { "type": "Point", "coordinates": [ 73.0355724, 23.2131404 ] } },
{ "type": "Feature", "properties": { "name": "(unnamed)", "kind": "Weir", "score": 7, "dedup_count": 1, "label_rank": 14, "tags": { "waterway": "weir" } }, "geometry": { "type": "Point", "coordinates": [ 73.09870555, 23.28194895 ] } },
{ "type": "Feature", "properties": { "name": "(unnamed)", "kind": "Weir", "score": 7, "dedup_count": 1, "label_rank": 14, "tags": { "waterway": "weir" } }, "geometry": { "type": "Point", "coordinates": [ 73.12207355000001, 23.3075762 ] } },
{ "type": "Feature", "properties": { "name": "(unnamed)", "kind": "Weir", "score": 7, "dedup_count": 1, "label_rank": 14, "tags": { "waterway": "weir" } }, "geometry": { "type": "Point", "coordinates": [ 72.9029707, 23.53825605 ] } },
{ "type": "Feature", "properties": { "name": "(unnamed)", "kind": "Weir", "score": 7, "dedup_count": 1, "label_rank": 14, "tags": { "waterway": "weir" } }, "geometry": { "type": "Point", "coordinates": [ 72.950808199999983, 23.5842299 ] } },
{ "type": "Feature", "properties": { "name": "(unnamed)", "kind": "Weir", "score": 7, "dedup_count": 1, "label_rank": 14, "tags": { "waterway": "weir" } }, "geometry": { "type": "Point", "coordinates": [ 72.702291699999989, 24.25298295 ] } },
{ "type": "Feature", "properties": { "name": "(unnamed)", "kind": "Weir", "score": 7, "dedup_count": 1, "label_rank": 14, "tags": { "waterway": "weir" } }, "geometry": { "type": "Point", "coordinates": [ 72.600198349999985, 24.290461 ] } },
{ "type": "Feature", "properties": { "name": "(unnamed)", "kind": "Weir", "score": 7, "dedup_count": 1, "label_rank": 14, "tags": { "waterway": "weir" } }, "geometry": { "type": "Point", "coordinates": [ 72.702642549999979, 24.2959885 ] } },
{ "type": "Feature", "properties": { "name": "(unnamed)", "kind": "Weir", "score": 7, "dedup_count": 1, "label_rank": 14, "tags": { "waterway": "weir" } }, "geometry": { "type": "Point", "coordinates": [ 72.7641395, 24.29862035 ] } },
{ "type": "Feature", "properties": { "name": "(unnamed)", "kind": "Weir", "score": 7, "dedup_count": 1, "label_rank": 14, "tags": { "waterway": "weir" } }, "geometry": { "type": "Point", "coordinates": [ 72.63761295, 24.41978685 ] } },
{ "type": "Feature", "properties": { "name": "(unnamed)", "kind": "Weir", "score": 7, "dedup_count": 1, "label_rank": 14, "tags": { "waterway": "weir" } }, "geometry": { "type": "Point", "coordinates": [ 72.6083216, 24.789639 ] } },
{ "type": "Feature", "properties": { "name": "(unnamed)", "kind": "Weir", "score": 7, "dedup_count": 1, "label_rank": 14, "tags": { "waterway": "weir" } }, "geometry": { "type": "Point", "coordinates": [ 72.917208049999985, 24.81681085 ] } },
{ "type": "Feature", "properties": { "name": "(unnamed)", "kind": "Weir", "score": 7, "dedup_count": 1, "label_rank": 14, "tags": { "waterway": "weir" } }, "geometry": { "type": "Point", "coordinates": [ 72.64528815, 25.072382 ] } },
{ "type": "Feature", "properties": { "name": "(unnamed)", "kind": "Weir", "score": 7, "dedup_count": 1, "label_rank": 14, "tags": { "waterway": "weir" } }, "geometry": { "type": "Point", "coordinates": [ 72.8361395, 30.5985309 ] } },
{ "type": "Feature", "properties": { "name": "(unnamed)", "kind": "Weir", "score": 7, "dedup_count": 1, "label_rank": 14, "tags": { "waterway": "weir" } }, "geometry": { "type": "Point", "coordinates": [ 73.128278048314996, 31.027723678390636 ] } },
{ "type": "Feature", "properties": { "name": "(unnamed)", "kind": "Weir", "score": 7, "dedup_count": 1, "label_rank": 14, "tags": { "waterway": "weir" } }, "geometry": { "type": "Point", "coordinates": [ 72.7235615, 31.2670324 ] } },
{ "type": "Feature", "properties": { "name": "(unnamed)", "kind": "Weir", "score": 7, "dedup_count": 1, "label_rank": 14, "tags": { "waterway": "weir" } }, "geometry": { "type": "Point", "coordinates": [ 72.8060343, 31.3983968 ] } },
{ "type": "Feature", "properties": { "name": "(unnamed)", "kind": "Weir", "score": 7, "dedup_count": 1, "label_rank": 14, "tags": { "waterway": "weir" } }, "geometry": { "type": "Point", "coordinates": [ 72.8592906, 31.491369 ] } },
{ "type": "Feature", "properties": { "name": "(unnamed)", "kind": "Weir", "score": 7, "dedup_count": 1, "label_rank": 14, "tags": { "waterway": "weir" } }, "geometry": { "type": "Point", "coordinates": [ 73.0230244, 31.5725725 ] } },
{ "type": "Feature", "properties": { "name": "(unnamed)", "kind": "Weir", "score": 7, "dedup_count": 1, "label_rank": 14, "tags": { "embankment": "yes", "waterway": "weir" } }, "geometry": { "type": "Point", "coordinates": [ 73.042541207367663, 31.767030449618147 ] } },
{ "type": "Feature", "properties": { "name": "(unnamed)", "kind": "Weir", "score": 7, "dedup_count": 1, "label_rank": 14, "tags": { "waterway": "weir" } }, "geometry": { "type": "Point", "coordinates": [ 72.5887505, 33.87884485 ] } },
{ "type": "Feature", "properties": { "name": "(unnamed)", "kind": "Weir", "score": 7, "dedup_count": 1, "label_rank": 14, "tags": { "waterway": "weir" } }, "geometry": { "type": "Point", "coordinates": [ 72.985457981880259, 33.989470455904772 ] } },
{ "type": "Feature", "properties": { "name": "(unnamed)", "kind": "Weir", "score": 7, "dedup_count": 1, "label_rank": 14, "tags": { "ele": "464", "ele:source": "estimated", "waterway": "weir" } }, "geometry": { "type": "Point", "coordinates": [ 72.6863574, 34.0978437 ] } },
{ "type": "Feature", "properties": { "name": "(unnamed)", "kind": "Weir", "score": 7, "dedup_count": 1, "label_rank": 14, "tags": { "waterway": "weir" } }, "geometry": { "type": "Point", "coordinates": [ 72.7760326, 34.6400868 ] } },
{ "type": "Feature", "properties": { "name": "(unnamed)", "kind": "Weir", "score": 7, "dedup_count": 1, "label_rank": 14, "tags": { "waterway": "weir" } }, "geometry": { "type": "Point", "coordinates": [ 73.6136138, 23.1045325 ] } },
{ "type": "Feature", "properties": { "name": "(unnamed)", "kind": "Weir", "score": 7, "dedup_count": 1, "label_rank": 14, "tags": { "waterway": "weir" } }, "geometry": { "type": "Point", "coordinates": [ 73.1876311, 23.40845095 ] } },
{ "type": "Feature", "properties": { "name": "(unnamed)", "kind": "Weir", "score": 7, "dedup_count": 1, "label_rank": 14, "tags": { "waterway": "weir" } }, "geometry": { "type": "Point", "coordinates": [ 73.25102055, 23.4449365 ] } },
{ "type": "Feature", "properties": { "name": "(unnamed)", "kind": "Weir", "score": 7, "dedup_count": 1, "label_rank": 14, "tags": { "waterway": "weir" } }, "geometry": { "type": "Point", "coordinates": [ 73.29808865, 23.61404155 ] } },
{ "type": "Feature", "properties": { "name": "(unnamed)", "kind": "Weir", "score": 7, "dedup_count": 1, "label_rank": 14, "tags": { "waterway": "weir" } }, "geometry": { "type": "Point", "coordinates": [ 73.30144045, 23.6272784 ] } },
{ "type": "Feature", "properties": { "name": "(unnamed)", "kind": "Weir", "score": 7, "dedup_count": 1, "label_rank": 14, "tags": { "waterway": "weir" } }, "geometry": { "type": "Point", "coordinates": [ 73.373926199999985, 23.682908 ] } },
{ "type": "Feature", "properties": { "name": "(unnamed)", "kind": "Weir", "score": 7, "dedup_count": 1, "label_rank": 14, "tags": { "waterway": "weir" } }, "geometry": { "type": "Point", "coordinates": [ 73.73712835, 25.3046384 ] } },
{ "type": "Feature", "properties": { "name": "(unnamed)", "kind": "Weir", "score": 7, "dedup_count": 1, "label_rank": 14, "tags": { "waterway": "weir" } }, "geometry": { "type": "Point", "coordinates": [ 73.259660034511057, 25.313895691043506 ] } },
{ "type": "Feature", "properties": { "name": "(unnamed)", "kind": "Weir", "score": 7, "dedup_count": 1, "label_rank": 14, "tags": { "waterway": "weir" } }, "geometry": { "type": "Point", "coordinates": [ 73.283729, 25.31478475 ] } },
{ "type": "Feature", "properties": { "name": "(unnamed)", "kind": "Weir", "score": 7, "dedup_count": 1, "label_rank": 14, "tags": { "waterway": "weir" } }, "geometry": { "type": "Point", "coordinates": [ 73.31361665, 25.31518345 ] } },
{ "type": "Feature", "properties": { "name": "(unnamed)", "kind": "Weir", "score": 7, "dedup_count": 1, "label_rank": 14, "tags": { "waterway": "weir" } }, "geometry": { "type": "Point", "coordinates": [ 73.71747665, 25.5330422 ] } },
{ "type": "Feature", "properties": { "name": "(unnamed)", "kind": "Weir", "score": 7, "dedup_count": 1, "label_rank": 14, "tags": { "waterway": "weir" } }, "geometry": { "type": "Point", "coordinates": [ 73.51401855, 25.91912325 ] } },
{ "type": "Feature", "properties": { "name": "(unnamed)", "kind": "Weir", "score": 7, "dedup_count": 1, "label_rank": 14, "tags": { "waterway": "weir" } }, "geometry": { "type": "Point", "coordinates": [ 73.683255799999984, 30.9932807 ] } },
{ "type": "Feature", "properties": { "name": "(unnamed)", "kind": "Weir", "score": 7, "dedup_count": 1, "label_rank": 14, "tags": { "waterway": "weir" } }, "geometry": { "type": "Point", "coordinates": [ 73.736330749999979, 33.0855523 ] } },
{ "type": "Feature", "properties": { "name": "(unnamed)", "kind": "Weir", "score": 7, "dedup_count": 1, "label_rank": 14, "tags": { "waterway": "weir" } }, "geometry": { "type": "Point", "coordinates": [ 73.636291600805507, 33.148531705156969 ] } },
{ "type": "Feature", "properties": { "name": "(unnamed)", "kind": "Weir", "score": 7, "dedup_count": 1, "label_rank": 14, "tags": { "waterway": "weir" } }, "geometry": { "type": "Point", "coordinates": [ 73.1892264, 34.4349113 ] } },
{ "type": "Feature", "properties": { "name": "(unnamed)", "kind": "Weir", "score": 7, "dedup_count": 1, "label_rank": 14, "tags": { "waterway": "weir" } }, "geometry": { "type": "Point", "coordinates": [ 73.695282560325467, 34.881406621615938 ] } },
{ "type": "Feature", "properties": { "name": "(unnamed)", "kind": "Weir", "score": 7, "dedup_count": 1, "label_rank": 14, "tags": { "waterway": "weir" } }, "geometry": { "type": "Point", "coordinates": [ 74.173438599999983, 23.7951316 ] } },
{ "type": "Feature", "properties": { "name": "(unnamed)", "kind": "Weir", "score": 7, "dedup_count": 1, "label_rank": 14, "tags": { "waterway": "weir" } }, "geometry": { "type": "Point", "coordinates": [ 74.629529779490923, 24.890282196708092 ] } },
{ "type": "Feature", "properties": { "name": "(unnamed)", "kind": "Weir", "score": 7, "dedup_count": 1, "label_rank": 14, "tags": { "waterway": "weir" } }, "geometry": { "type": "Point", "coordinates": [ 74.33978335, 25.21565535 ] } },
{ "type": "Feature", "properties": { "name": "(unnamed)", "kind": "Weir", "score": 7, "dedup_count": 1, "label_rank": 14, "tags": { "waterway": "weir" } }, "geometry": { "type": "Point", "coordinates": [ 74.3192236, 25.2282861 ] } },
{ "type": "Feature", "properties": { "name": "(unnamed)", "kind": "Weir", "score": 7, "dedup_count": 1, "label_rank": 14, "tags": { "waterway": "weir" } }, "geometry": { "type": "Point", "coordinates": [ 74.27038605, 25.43834545 ] } },
{ "type": "Feature", "properties": { "name": "(unnamed)", "kind": "Weir", "score": 7, "dedup_count": 1, "label_rank": 14, "tags": { "waterway": "weir" } }, "geometry": { "type": "Point", "coordinates": [ 74.18656885, 25.45894085 ] } },
{ "type": "Feature", "properties": { "name": "(unnamed)", "kind": "Weir", "score": 7, "dedup_count": 1, "label_rank": 14, "tags": { "waterway": "weir" } }, "geometry": { "type": "Point", "coordinates": [ 74.23849955, 25.46129285 ] } },
{ "type": "Feature", "properties": { "name": "(unnamed)", "kind": "Weir", "score": 7, "dedup_count": 1, "label_rank": 14, "tags": { "waterway": "weir" } }, "geometry": { "type": "Point", "coordinates": [ 74.168075711951687, 25.476347146169715 ] } },
{ "type": "Feature", "properties": { "name": "(unnamed)", "kind": "Weir", "score": 7, "dedup_count": 1, "label_rank": 14, "tags": { "waterway": "weir" } }, "geometry": { "type": "Point", "coordinates": [ 74.16034879999998, 25.48926595 ] } },
{ "type": "Feature", "properties": { "name": "(unnamed)", "kind": "Weir", "score": 7, "dedup_count": 1, "label_rank": 14, "tags": { "waterway": "weir" } }, "geometry": { "type": "Point", "coordinates": [ 74.130013049999988, 25.49277335 ] } },
{ "type": "Feature", "properties": { "name": "(unnamed)", "kind": "Weir", "score": 7, "dedup_count": 1, "label_rank": 14, "tags": { "waterway": "weir" } }, "geometry": { "type": "Point", "coordinates": [ 73.971906499999989, 25.568144 ] } },
{ "type": "Feature", "properties": { "name": "(unnamed)", "kind": "Weir", "score": 7, "dedup_count": 1, "label_rank": 14, "tags": { "waterway": "weir" } }, "geometry": { "type": "Point", "coordinates": [ 73.98872, 25.5735352 ] } },
{ "type": "Feature", "properties": { "name": "(unnamed)", "kind": "Weir", "score": 7, "dedup_count": 1, "label_rank": 14, "tags": { "waterway": "weir" } }, "geometry": { "type": "Point", "coordinates": [ 74.03650385, 25.5921996 ] } },
{ "type": "Feature", "properties": { "name": "(unnamed)", "kind": "Weir", "score": 7, "dedup_count": 1, "label_rank": 14, "tags": { "waterway": "weir" } }, "geometry": { "type": "Point", "coordinates": [ 74.063071107700765, 25.603964135404542 ] } },
{ "type": "Feature", "properties": { "name": "(unnamed)", "kind": "Weir", "score": 7, "dedup_count": 1, "label_rank": 14, "tags": { "waterway": "weir" } }, "geometry": { "type": "Point", "coordinates": [ 74.1284598, 25.6110862 ] } },
{ "type": "Feature", "properties": { "name": "(unnamed)", "kind": "Weir", "score": 7, "dedup_count": 1, "label_rank": 14, "tags": { "waterway": "weir" } }, "geometry": { "type": "Point", "coordinates": [ 74.1419554, 25.61638225 ] } },
{ "type": "Feature", "properties": { "name": "(unnamed)", "kind": "Weir", "score": 7, "dedup_count": 1, "label_rank": 14, "tags": { "waterway": "weir" } }, "geometry": { "type": "Point", "coordinates": [ 74.164492125006333, 25.617830143240621 ] } },
{ "type": "Feature", "properties": { "name": "(unnamed)", "kind": "Weir", "score": 7, "dedup_count": 1, "label_rank": 14, "tags": { "waterway": "weir" } }, "geometry": { "type": "Point", "coordinates": [ 74.179789101034373, 25.627432436575415 ] } },
{ "type": "Feature", "properties": { "name": "(unnamed)", "kind": "Weir", "score": 7, "dedup_count": 1, "label_rank": 14, "tags": { "waterway": "weir" } }, "geometry": { "type": "Point", "coordinates": [ 74.204880897681591, 25.644495969628974 ] } },
{ "type": "Feature", "properties": { "name": "(unnamed)", "kind": "Weir", "score": 7, "dedup_count": 1, "label_rank": 14, "tags": { "waterway": "weir" } }, "geometry": { "type": "Point", "coordinates": [ 74.1783016, 26.0956619 ] } },
{ "type": "Feature", "properties": { "name": "(unnamed)", "kind": "Weir", "score": 7, "dedup_count": 1, "label_rank": 14, "tags": { "waterway": "weir" } }, "geometry": { "type": "Point", "coordinates": [ 74.1158885, 29.2263035 ] } },
{ "type": "Feature", "properties": { "name": "(unnamed)", "kind": "Weir", "score": 7, "dedup_count": 1, "label_rank": 14, "tags": { "waterway": "weir" } }, "geometry": { "type": "Point", "coordinates": [ 74.2810222, 29.2465593 ] } },
{ "type": "Feature", "properties": { "name": "(unnamed)", "kind": "Weir", "score": 7, "dedup_count": 1, "label_rank": 14, "tags": { "waterway": "weir" } }, "geometry": { "type": "Point", "coordinates": [ 74.56989395383215, 29.561082097936719 ] } },
{ "type": "Feature", "properties": { "name": "(unnamed)", "kind": "Weir", "score": 7, "dedup_count": 1, "label_rank": 14, "tags": { "source": "bing", "waterway": "weir" } }, "geometry": { "type": "Point", "coordinates": [ 74.6896063, 31.134414 ] } },
{ "type": "Feature", "properties": { "name": "(unnamed)", "kind": "Weir", "score": 7, "dedup_count": 1, "label_rank": 14, "tags": { "source": "bing", "waterway": "weir" } }, "geometry": { "type": "Point", "coordinates": [ 74.6521553, 31.1427425 ] } },
{ "type": "Feature", "properties": { "name": "(unnamed)", "kind": "Weir", "score": 7, "dedup_count": 1, "label_rank": 14, "tags": { "source": "bing", "waterway": "weir" } }, "geometry": { "type": "Point", "coordinates": [ 74.5249062, 31.1755502 ] } },
{ "type": "Feature", "properties": { "name": "(unnamed)", "kind": "Weir", "score": 7, "dedup_count": 1, "label_rank": 14, "tags": { "source": "bing", "waterway": "weir" } }, "geometry": { "type": "Point", "coordinates": [ 74.5864194, 31.1877442 ] } },
{ "type": "Feature", "properties": { "name": "(unnamed)", "kind": "Weir", "score": 7, "dedup_count": 1, "label_rank": 14, "tags": { "waterway": "weir" } }, "geometry": { "type": "Point", "coordinates": [ 74.5514074, 31.253532199999988 ] } },
{ "type": "Feature", "properties": { "name": "(unnamed)", "kind": "Weir", "score": 7, "dedup_count": 1, "label_rank": 14, "tags": { "waterway": "weir" } }, "geometry": { "type": "Point", "coordinates": [ 74.40597475, 31.26726375 ] } },
{ "type": "Feature", "properties": { "name": "(unnamed)", "kind": "Weir", "score": 7, "dedup_count": 1, "label_rank": 14, "tags": { "waterway": "weir" } }, "geometry": { "type": "Point", "coordinates": [ 74.5450944, 31.2817412 ] } },
{ "type": "Feature", "properties": { "name": "(unnamed)", "kind": "Weir", "score": 7, "dedup_count": 1, "label_rank": 14, "tags": { "source": "bing", "waterway": "weir" } }, "geometry": { "type": "Point", "coordinates": [ 74.614322299999984, 31.3105218 ] } },
{ "type": "Feature", "properties": { "name": "(unnamed)", "kind": "Weir", "score": 7, "dedup_count": 1, "label_rank": 14, "tags": { "source": "bing", "waterway": "weir" } }, "geometry": { "type": "Point", "coordinates": [ 74.6476434, 31.4005729 ] } },
{ "type": "Feature", "properties": { "name": "(unnamed)", "kind": "Weir", "score": 7, "dedup_count": 1, "label_rank": 14, "tags": { "waterway": "weir" } }, "geometry": { "type": "Point", "coordinates": [ 74.6839509, 31.705967 ] } },
{ "type": "Feature", "properties": { "name": "(unnamed)", "kind": "Weir", "score": 7, "dedup_count": 1, "label_rank": 14, "tags": { "source": "bing", "waterway": "weir" } }, "geometry": { "type": "Point", "coordinates": [ 74.7145611, 31.7289336 ] } },
{ "type": "Feature", "properties": { "name": "(unnamed)", "kind": "Weir", "score": 7, "dedup_count": 1, "label_rank": 14, "tags": { "waterway": "weir" } }, "geometry": { "type": "Point", "coordinates": [ 74.1167022, 31.78609285 ] } },
{ "type": "Feature", "properties": { "name": "(unnamed)", "kind": "Weir", "score": 7, "dedup_count": 1, "label_rank": 14, "tags": { "source": "bing", "waterway": "weir" } }, "geometry": { "type": "Point", "coordinates": [ 74.7146363, 31.8632149 ] } },
{ "type": "Feature", "properties": { "name": "(unnamed)", "kind": "Weir", "score": 7, "dedup_count": 1, "label_rank": 14, "tags": { "waterway": "weir" } }, "geometry": { "type": "Point", "coordinates": [ 74.565569518606537, 31.881018139732003 ] } },
{ "type": "Feature", "properties": { "name": "(unnamed)", "kind": "Weir", "score": 7, "dedup_count": 1, "label_rank": 14, "tags": { "waterway": "weir" } }, "geometry": { "type": "Point", "coordinates": [ 74.664712757614524, 31.945454962288427 ] } },
{ "type": "Feature", "properties": { "name": "(unnamed)", "kind": "Weir", "score": 7, "dedup_count": 1, "label_rank": 14, "tags": { "waterway": "weir" } }, "geometry": { "type": "Point", "coordinates": [ 74.455775871219885, 34.057734583813009 ] } },
{ "type": "Feature", "properties": { "name": "(unnamed)", "kind": "Weir", "score": 7, "dedup_count": 1, "label_rank": 14, "tags": { "waterway": "weir" } }, "geometry": { "type": "Point", "coordinates": [ 74.1307832, 35.3229077 ] } },
{ "type": "Feature", "properties": { "name": "(unnamed)", "kind": "Weir", "score": 7, "dedup_count": 1, "label_rank": 14, "tags": { "waterway": "weir" } }, "geometry": { "type": "Point", "coordinates": [ 75.028247199999981, 23.0859893 ] } },
{ "type": "Feature", "properties": { "name": "(unnamed)", "kind": "Weir", "score": 7, "dedup_count": 1, "label_rank": 14, "tags": { "waterway": "weir" } }, "geometry": { "type": "Point", "coordinates": [ 75.046041, 23.0861176 ] } },
{ "type": "Feature", "properties": { "name": "(unnamed)", "kind": "Weir", "score": 7, "dedup_count": 1, "label_rank": 14, "tags": { "waterway": "weir" } }, "geometry": { "type": "Point", "coordinates": [ 75.526457099999973, 23.11100065 ] } },
{ "type": "Feature", "properties": { "name": "(unnamed)", "kind": "Weir", "score": 7, "dedup_count": 1, "label_rank": 14, "tags": { "waterway": "weir" } }, "geometry": { "type": "Point", "coordinates": [ 75.79074230506906, 23.130329700681866 ] } },
{ "type": "Feature", "properties": { "name": "(unnamed)", "kind": "Weir", "score": 7, "dedup_count": 1, "label_rank": 14, "tags": { "waterway": "weir" } }, "geometry": { "type": "Point", "coordinates": [ 75.76408725, 23.19108735 ] } },
{ "type": "Feature", "properties": { "name": "(unnamed)", "kind": "Weir", "score": 7, "dedup_count": 1, "label_rank": 14, "tags": { "waterway": "weir" } }, "geometry": { "type": "Point", "coordinates": [ 75.781320004019008, 23.224009595837707 ] } },
{ "type": "Feature", "properties": { "name": "(unnamed)", "kind": "Weir", "score": 7, "dedup_count": 1, "label_rank": 14, "tags": { "waterway": "weir" } }, "geometry": { "type": "Point", "coordinates": [ 75.778578578289697, 23.247499776482936 ] } },
{ "type": "Feature", "properties": { "name": "(unnamed)", "kind": "Weir", "score": 7, "dedup_count": 1, "label_rank": 14, "tags": { "waterway": "weir" } }, "geometry": { "type": "Point", "coordinates": [ 75.46255715, 23.28103935 ] } },
{ "type": "Feature", "properties": { "name": "(unnamed)", "kind": "Weir", "score": 7, "dedup_count": 1, "label_rank": 14, "tags": { "waterway": "weir" } }, "geometry": { "type": "Point", "coordinates": [ 75.74060698960966, 23.284678393973014 ] } },
{ "type": "Feature", "properties": { "name": "(unnamed)", "kind": "Weir", "score": 7, "dedup_count": 1, "label_rank": 14, "tags": { "waterway": "weir" } }, "geometry": { "type": "Point", "coordinates": [ 75.723943300000016, 23.2938648 ] } },
{ "type": "Feature", "properties": { "name": "(unnamed)", "kind": "Weir", "score": 7, "dedup_count": 1, "label_rank": 14, "tags": { "waterway": "weir" } }, "geometry": { "type": "Point", "coordinates": [ 75.411152799999982, 23.35888225 ] } },
{ "type": "Feature", "properties": { "name": "(unnamed)", "kind": "Weir", "score": 7, "dedup_count": 1, "label_rank": 14, "tags": { "waterway": "weir" } }, "geometry": { "type": "Point", "coordinates": [ 75.60356235, 23.436031 ] } },
{ "type": "Feature", "properties": { "name": "(unnamed)", "kind": "Weir", "score": 7, "dedup_count": 1, "label_rank": 14, "tags": { "waterway": "weir" } }, "geometry": { "type": "Point", "coordinates": [ 75.63380635, 23.4796908 ] } },
{ "type": "Feature", "properties": { "name": "(unnamed)", "kind": "Weir", "score": 7, "dedup_count": 1, "label_rank": 14, "tags": { "waterway": "weir" } }, "geometry": { "type": "Point", "coordinates": [ 75.155743199999975, 23.52259165 ] } },
{ "type": "Feature", "properties": { "name": "(unnamed)", "kind": "Weir", "score": 7, "dedup_count": 1, "label_rank": 14, "tags": { "waterway": "weir" } }, "geometry": { "type": "Point", "coordinates": [ 75.6403996, 23.54311435 ] } },
{ "type": "Feature", "properties": { "name": "(unnamed)", "kind": "Weir", "score": 7, "dedup_count": 1, "label_rank": 14, "tags": { "waterway": "weir" } }, "geometry": { "type": "Point", "coordinates": [ 75.6073309, 23.556529 ] } },
{ "type": "Feature", "properties": { "name": "(unnamed)", "kind": "Weir", "score": 7, "dedup_count": 1, "label_rank": 14, "tags": { "waterway": "weir" } }, "geometry": { "type": "Point", "coordinates": [ 75.606148599999983, 23.62519095 ] } },
{ "type": "Feature", "properties": { "name": "(unnamed)", "kind": "Weir", "score": 7, "dedup_count": 1, "label_rank": 14, "tags": { "waterway": "weir" } }, "geometry": { "type": "Point", "coordinates": [ 75.356114299999987, 23.6436229 ] } },
{ "type": "Feature", "properties": { "name": "(unnamed)", "kind": "Weir", "score": 7, "dedup_count": 1, "label_rank": 14, "tags": { "waterway": "weir" } }, "geometry": { "type": "Point", "coordinates": [ 75.6136182, 23.64750165 ] } },
{ "type": "Feature", "properties": { "name": "(unnamed)", "kind": "Weir", "score": 7, "dedup_count": 1, "label_rank": 14, "tags": { "waterway": "weir" } }, "geometry": { "type": "Point", "coordinates": [ 75.626374, 23.68601455 ] } },
{ "type": "Feature", "properties": { "name": "(unnamed)", "kind": "Weir", "score": 7, "dedup_count": 1, "label_rank": 14, "tags": { "waterway": "weir" } }, "geometry": { "type": "Point", "coordinates": [ 75.268951850643319, 23.779822881577768 ] } },
{ "type": "Feature", "properties": { "name": "(unnamed)", "kind": "Weir", "score": 7, "dedup_count": 1, "label_rank": 14, "tags": { "waterway": "weir" } }, "geometry": { "type": "Point", "coordinates": [ 75.56512705, 23.81017365 ] } },
{ "type": "Feature", "properties": { "name": "(unnamed)", "kind": "Weir", "score": 7, "dedup_count": 1, "label_rank": 14, "tags": { "waterway": "weir" } }, "geometry": { "type": "Point", "coordinates": [ 75.5792541, 23.83452815 ] } },
{ "type": "Feature", "properties": { "name": "(unnamed)", "kind": "Weir", "score": 7, "dedup_count": 1, "label_rank": 14, "tags": { "waterway": "weir" } }, "geometry": { "type": "Point", "coordinates": [ 75.56550675, 23.84523595 ] } },
{ "type": "Feature", "properties": { "name": "(unnamed)", "kind": "Weir", "score": 7, "dedup_count": 1, "label_rank": 14, "tags": { "waterway": "weir" } }, "geometry": { "type": "Point", "coordinates": [ 75.539332699999989, 23.87293255 ] } },
{ "type": "Feature", "properties": { "name": "(unnamed)", "kind": "Weir", "score": 7, "dedup_count": 1, "label_rank": 14, "tags": { "waterway": "weir" } }, "geometry": { "type": "Point", "coordinates": [ 75.47765905, 23.9118628 ] } },
{ "type": "Feature", "properties": { "name": "(unnamed)", "kind": "Weir", "score": 7, "dedup_count": 1, "label_rank": 14, "tags": { "waterway": "weir" } }, "geometry": { "type": "Point", "coordinates": [ 75.5797948, 24.0952208 ] } },
{ "type": "Feature", "properties": { "name": "(unnamed)", "kind": "Weir", "score": 7, "dedup_count": 1, "label_rank": 14, "tags": { "waterway": "weir" } }, "geometry": { "type": "Point", "coordinates": [ 75.5374407, 24.0980336 ] } },
{ "type": "Feature", "properties": { "name": "(unnamed)", "kind": "Weir", "score": 7, "dedup_count": 1, "label_rank": 14, "tags": { "waterway": "weir" } }, "geometry": { "type": "Point", "coordinates": [ 75.8042998, 24.2472391 ] } },
{ "type": "Feature", "properties": { "name": "(unnamed)", "kind": "Weir", "score": 7, "dedup_count": 1, "label_rank": 14, "tags": { "waterway": "weir" } }, "geometry": { "type": "Point", "coordinates": [ 75.6052312, 24.2960674 ] } },
{ "type": "Feature", "properties": { "name": "(unnamed)", "kind": "Weir", "score": 7, "dedup_count": 1, "label_rank": 14, "tags": { "waterway": "weir" } }, "geometry": { "type": "Point", "coordinates": [ 74.958437447919536, 24.308299322140066 ] } },
{ "type": "Feature", "properties": { "name": "(unnamed)", "kind": "Weir", "score": 7, "dedup_count": 1, "label_rank": 14, "tags": { "waterway": "weir" } }, "geometry": { "type": "Point", "coordinates": [ 75.20296095, 24.3091066 ] } },
{ "type": "Feature", "properties": { "name": "(unnamed)", "kind": "Weir", "score": 7, "dedup_count": 1, "label_rank": 14, "tags": { "waterway": "weir" } }, "geometry": { "type": "Point", "coordinates": [ 75.139725199999972, 24.33080125 ] } },
{ "type": "Feature", "properties": { "name": "(unnamed)", "kind": "Weir", "score": 7, "dedup_count": 1, "label_rank": 14, "tags": { "waterway": "weir" } }, "geometry": { "type": "Point", "coordinates": [ 75.313702938534163, 25.064894171103433 ] } },
{ "type": "Feature", "properties": { "name": "(unnamed)", "kind": "Weir", "score": 7, "dedup_count": 1, "label_rank": 14, "tags": { "waterway": "weir" } }, "geometry": { "type": "Point", "coordinates": [ 75.329868079045852, 25.322177410339364 ] } },
{ "type": "Feature", "properties": { "name": "(unnamed)", "kind": "Weir", "score": 7, "dedup_count": 1, "label_rank": 14, "tags": { "waterway": "weir" } }, "geometry": { "type": "Point", "coordinates": [ 75.807835994997248, 26.795819553244147 ] } },
{ "type": "Feature", "properties": { "name": "(unnamed)", "kind": "Weir", "score": 7, "dedup_count": 1, "label_rank": 14, "tags": { "waterway": "weir" } }, "geometry": { "type": "Point", "coordinates": [ 75.7819637, 26.832311 ] } },
{ "type": "Feature", "properties": { "name": "(unnamed)", "kind": "Weir", "score": 7, "dedup_count": 1, "label_rank": 14, "tags": { "waterway": "weir" } }, "geometry": { "type": "Point", "coordinates": [ 75.7933772, 29.1177763 ] } },
{ "type": "Feature", "properties": { "name": "(unnamed)", "kind": "Weir", "score": 7, "dedup_count": 1, "label_rank": 14, "tags": { "waterway": "weir" } }, "geometry": { "type": "Point", "coordinates": [ 75.5659309, 29.128291 ] } },
{ "type": "Feature", "properties": { "name": "(unnamed)", "kind": "Weir", "score": 7, "dedup_count": 1, "label_rank": 14, "tags": { "waterway": "weir" } }, "geometry": { "type": "Point", "coordinates": [ 75.8200859, 29.5589664 ] } },
{ "type": "Feature", "properties": { "name": "(unnamed)", "kind": "Weir", "score": 7, "dedup_count": 1, "label_rank": 14, "tags": { "waterway": "weir" } }, "geometry": { "type": "Point", "coordinates": [ 75.80054935, 29.7676345 ] } },
{ "type": "Feature", "properties": { "name": "(unnamed)", "kind": "Weir", "score": 7, "dedup_count": 1, "label_rank": 14, "tags": { "source": "bing", "waterway": "weir" } }, "geometry": { "type": "Point", "coordinates": [ 75.763756, 30.7730903 ] } },
{ "type": "Feature", "properties": { "name": "(unnamed)", "kind": "Weir", "score": 7, "dedup_count": 1, "label_rank": 14, "tags": { "source": "bing", "waterway": "weir" } }, "geometry": { "type": "Point", "coordinates": [ 75.5806006, 30.7782794 ] } },
{ "type": "Feature", "properties": { "name": "(unnamed)", "kind": "Weir", "score": 7, "dedup_count": 1, "label_rank": 14, "tags": { "source": "bing", "waterway": "weir" } }, "geometry": { "type": "Point", "coordinates": [ 75.3842729, 30.785565599999988 ] } },
{ "type": "Feature", "properties": { "name": "(unnamed)", "kind": "Weir", "score": 7, "dedup_count": 1, "label_rank": 14, "tags": { "waterway": "weir" } }, "geometry": { "type": "Point", "coordinates": [ 74.882922, 31.5948971 ] } },
{ "type": "Feature", "properties": { "name": "(unnamed)", "kind": "Weir", "score": 7, "dedup_count": 1, "label_rank": 14, "tags": { "source": "bing", "waterway": "weir" } }, "geometry": { "type": "Point", "coordinates": [ 74.7730915, 31.735863 ] } },
{ "type": "Feature", "properties": { "name": "(unnamed)", "kind": "Weir", "score": 7, "dedup_count": 1, "label_rank": 14, "tags": { "source": "bing", "waterway": "weir" } }, "geometry": { "type": "Point", "coordinates": [ 74.8468196, 31.7701905 ] } },
{ "type": "Feature", "properties": { "name": "(unnamed)", "kind": "Weir", "score": 7, "dedup_count": 1, "label_rank": 14, "tags": { "source": "bing", "waterway": "weir" } }, "geometry": { "type": "Point", "coordinates": [ 74.8912857, 31.7820116 ] } },
{ "type": "Feature", "properties": { "name": "(unnamed)", "kind": "Weir", "score": 7, "dedup_count": 1, "label_rank": 14, "tags": { "source": "bing", "waterway": "weir" } }, "geometry": { "type": "Point", "coordinates": [ 74.9142366, 31.7862917 ] } },
{ "type": "Feature", "properties": { "name": "(unnamed)", "kind": "Weir", "score": 7, "dedup_count": 1, "label_rank": 14, "tags": { "source": "GPS", "waterway": "weir" } }, "geometry": { "type": "Point", "coordinates": [ 75.1654656, 31.8795585 ] } },
{ "type": "Feature", "properties": { "name": "(unnamed)", "kind": "Weir", "score": 7, "dedup_count": 1, "label_rank": 14, "tags": { "waterway": "weir" } }, "geometry": { "type": "Point", "coordinates": [ 75.713767752720386, 31.956524651949806 ] } },
{ "type": "Feature", "properties": { "name": "(unnamed)", "kind": "Weir", "score": 7, "dedup_count": 1, "label_rank": 14, "tags": { "waterway": "weir" } }, "geometry": { "type": "Point", "coordinates": [ 75.334800710685386, 32.13335164201623 ] } },
{ "type": "Feature", "properties": { "name": "(unnamed)", "kind": "Weir", "score": 7, "dedup_count": 1, "label_rank": 14, "tags": { "waterway": "weir" } }, "geometry": { "type": "Point", "coordinates": [ 75.577719998907881, 32.214972147411153 ] } },
{ "type": "Feature", "properties": { "name": "(unnamed)", "kind": "Weir", "score": 7, "dedup_count": 1, "label_rank": 14, "tags": { "waterway": "weir" } }, "geometry": { "type": "Point", "coordinates": [ 75.586479647245341, 32.231201735913274 ] } },
{ "type": "Feature", "properties": { "name": "(unnamed)", "kind": "Weir", "score": 7, "dedup_count": 1, "label_rank": 14, "tags": { "waterway": "weir" } }, "geometry": { "type": "Point", "coordinates": [ 75.588988096050585, 32.262802276860825 ] } },
{ "type": "Feature", "properties": { "name": "(unnamed)", "kind": "Weir", "score": 7, "dedup_count": 1, "label_rank": 14, "tags": { "source": "bing", "waterway": "weir" } }, "geometry": { "type": "Point", "coordinates": [ 75.7662632, 32.2864978 ] } },
{ "type": "Feature", "properties": { "name": "(unnamed)", "kind": "Weir", "score": 7, "dedup_count": 1, "label_rank": 14, "tags": { "waterway": "weir" } }, "geometry": { "type": "Point", "coordinates": [ 75.73621755, 32.44001445 ] } },
{ "type": "Feature", "properties": { "name": "(unnamed)", "kind": "Weir", "score": 7, "dedup_count": 1, "label_rank": 14, "tags": { "waterway": "weir" } }, "geometry": { "type": "Point", "coordinates": [ 74.791170799999989, 34.05439165 ] } },
{ "type": "Feature", "properties": { "name": "(unnamed)", "kind": "Weir", "score": 7, "dedup_count": 1, "label_rank": 14, "tags": { "waterway": "weir" } }, "geometry": { "type": "Point", "coordinates": [ 74.7850932, 34.0902636 ] } },
{ "type": "Feature", "properties": { "name": "(unnamed)", "kind": "Weir", "score": 7, "dedup_count": 1, "label_rank": 14, "tags": { "waterway": "weir" } }, "geometry": { "type": "Point", "coordinates": [ 74.8468631, 34.1467817 ] } },
{ "type": "Feature", "properties": { "name": "(unnamed)", "kind": "Weir", "score": 7, "dedup_count": 1, "label_rank": 14, "tags": { "waterway": "weir" } }, "geometry": { "type": "Point", "coordinates": [ 74.8731008, 34.2733346 ] } },
{ "type": "Feature", "properties": { "name": "(unnamed)", "kind": "Weir", "score": 7, "dedup_count": 1, "label_rank": 14, "tags": { "waterway": "weir" } }, "geometry": { "type": "Point", "coordinates": [ 75.63593665, 35.26391695 ] } },
{ "type": "Feature", "properties": { "name": "(unnamed)", "kind": "Weir", "score": 7, "dedup_count": 1, "label_rank": 14, "tags": { "waterway": "weir" } }, "geometry": { "type": "Point", "coordinates": [ 76.46686175, 23.5709719 ] } },
{ "type": "Feature", "properties": { "name": "(unnamed)", "kind": "Weir", "score": 7, "dedup_count": 1, "label_rank": 14, "tags": { "waterway": "weir" } }, "geometry": { "type": "Point", "coordinates": [ 76.8777028, 24.12555875 ] } },
{ "type": "Feature", "properties": { "name": "(unnamed)", "kind": "Weir", "score": 7, "dedup_count": 1, "label_rank": 14, "tags": { "waterway": "weir" } }, "geometry": { "type": "Point", "coordinates": [ 76.219857011447857, 25.143866538089469 ] } },
{ "type": "Feature", "properties": { "name": "(unnamed)", "kind": "Weir", "score": 7, "dedup_count": 1, "label_rank": 14, "tags": { "waterway": "weir" } }, "geometry": { "type": "Point", "coordinates": [ 76.945358899999988, 25.53737965 ] } },
{ "type": "Feature", "properties": { "name": "(unnamed)", "kind": "Weir", "score": 7, "dedup_count": 1, "label_rank": 14, "tags": { "waterway": "weir" } }, "geometry": { "type": "Point", "coordinates": [ 76.738773229120326, 25.581851692939761 ] } },
{ "type": "Feature", "properties": { "name": "(unnamed)", "kind": "Weir", "score": 7, "dedup_count": 1, "label_rank": 14, "tags": { "waterway": "weir" } }, "geometry": { "type": "Point", "coordinates": [ 76.877547205989103, 25.589669448230637 ] } },
{ "type": "Feature", "properties": { "name": "(unnamed)", "kind": "Weir", "score": 7, "dedup_count": 1, "label_rank": 14, "tags": { "waterway": "weir" } }, "geometry": { "type": "Point", "coordinates": [ 76.00689445, 26.1094535 ] } },
{ "type": "Feature", "properties": { "name": "(unnamed)", "kind": "Weir", "score": 7, "dedup_count": 1, "label_rank": 14, "tags": { "waterway": "weir" } }, "geometry": { "type": "Point", "coordinates": [ 76.06017635, 26.1267082 ] } },
{ "type": "Feature", "properties": { "name": "(unnamed)", "kind": "Weir", "score": 7, "dedup_count": 1, "label_rank": 14, "tags": { "waterway": "weir" } }, "geometry": { "type": "Point", "coordinates": [ 76.590750980585696, 26.127016427547247 ] } },
{ "type": "Feature", "properties": { "name": "(unnamed)", "kind": "Weir", "score": 7, "dedup_count": 1, "label_rank": 14, "tags": { "waterway": "weir" } }, "geometry": { "type": "Point", "coordinates": [ 76.732520149999985, 26.39291 ] } },
{ "type": "Feature", "properties": { "name": "(unnamed)", "kind": "Weir", "score": 7, "dedup_count": 1, "label_rank": 14, "tags": { "waterway": "weir" } }, "geometry": { "type": "Point", "coordinates": [ 75.8272832, 26.79303735 ] } },
{ "type": "Feature", "properties": { "name": "(unnamed)", "kind": "Weir", "score": 7, "dedup_count": 1, "label_rank": 14, "tags": { "waterway": "weir" } }, "geometry": { "type": "Point", "coordinates": [ 75.834393849905254, 26.855319595845391 ] } },
{ "type": "Feature", "properties": { "name": "(unnamed)", "kind": "Weir", "score": 7, "dedup_count": 1, "label_rank": 14, "tags": { "waterway": "weir" } }, "geometry": { "type": "Point", "coordinates": [ 75.848374849999985, 26.8691661 ] } },
{ "type": "Feature", "properties": { "name": "(unnamed)", "kind": "Weir", "score": 7, "dedup_count": 1, "label_rank": 14, "tags": { "waterway": "weir" } }, "geometry": { "type": "Point", "coordinates": [ 76.151036, 27.8763351 ] } },
{ "type": "Feature", "properties": { "name": "(unnamed)", "kind": "Weir", "score": 7, "dedup_count": 1, "label_rank": 14, "tags": { "waterway": "weir" } }, "geometry": { "type": "Point", "coordinates": [ 76.5789181, 28.0170786 ] } },
{ "type": "Feature", "properties": { "name": "(unnamed)", "kind": "Weir", "score": 7, "dedup_count": 1, "label_rank": 14, "tags": { "waterway": "weir" } }, "geometry": { "type": "Point", "coordinates": [ 76.159426699999983, 28.0252476 ] } },
{ "type": "Feature", "properties": { "name": "(unnamed)", "kind": "Weir", "score": 7, "dedup_count": 1, "label_rank": 14, "tags": { "waterway": "weir" } }, "geometry": { "type": "Point", "coordinates": [ 76.59090759999998, 28.0389176 ] } },
{ "type": "Feature", "properties": { "name": "(unnamed)", "kind": "Weir", "score": 7, "dedup_count": 1, "label_rank": 14, "tags": { "waterway": "weir" } }, "geometry": { "type": "Point", "coordinates": [ 76.616587, 28.0669274 ] } },
{ "type": "Feature", "properties": { "name": "(unnamed)", "kind": "Weir", "score": 7, "dedup_count": 1, "label_rank": 14, "tags": { "waterway": "weir" } }, "geometry": { "type": "Point", "coordinates": [ 76.6327822, 28.1093956 ] } },
{ "type": "Feature", "properties": { "name": "(unnamed)", "kind": "Weir", "score": 7, "dedup_count": 1, "label_rank": 14, "tags": { "waterway": "weir" } }, "geometry": { "type": "Point", "coordinates": [ 76.635687099999984, 28.1482711 ] } },
{ "type": "Feature", "properties": { "name": "(unnamed)", "kind": "Weir", "score": 7, "dedup_count": 1, "label_rank": 14, "tags": { "waterway": "weir" } }, "geometry": { "type": "Point", "coordinates": [ 76.3312746, 30.3098333 ] } },
{ "type": "Feature", "properties": { "name": "(unnamed)", "kind": "Weir", "score": 7, "dedup_count": 1, "label_rank": 14, "tags": { "source": "Esri World Imagery (2020-07-24)", "waterway": "weir" } }, "geometry": { "type": "Point", "coordinates": [ 75.9908386, 30.7885454 ] } },
{ "type": "Feature", "properties": { "name": "(unnamed)", "kind": "Weir", "score": 7, "dedup_count": 1, "label_rank": 14, "tags": { "source": "Esri World Imagery (2020-07-24)", "waterway": "weir" } }, "geometry": { "type": "Point", "coordinates": [ 75.937381, 30.8065353 ] } },
{ "type": "Feature", "properties": { "name": "(unnamed)", "kind": "Weir", "score": 7, "dedup_count": 1, "label_rank": 14, "tags": { "waterway": "weir" } }, "geometry": { "type": "Point", "coordinates": [ 75.8593716, 30.8655635 ] } },
{ "type": "Feature", "properties": { "name": "(unnamed)", "kind": "Weir", "score": 7, "dedup_count": 1, "label_rank": 14, "tags": { "waterway": "weir" } }, "geometry": { "type": "Point", "coordinates": [ 76.532501899999986, 30.9204542 ] } },
{ "type": "Feature", "properties": { "name": "(unnamed)", "kind": "Weir", "score": 7, "dedup_count": 1, "label_rank": 14, "tags": { "waterway": "weir" } }, "geometry": { "type": "Point", "coordinates": [ 76.536112599999981, 30.9633427 ] } },
{ "type": "Feature", "properties": { "name": "(unnamed)", "kind": "Weir", "score": 7, "dedup_count": 1, "label_rank": 14, "tags": { "waterway": "weir" } }, "geometry": { "type": "Point", "coordinates": [ 76.746574994377653, 31.98669878178444 ] } },
{ "type": "Feature", "properties": { "name": "(unnamed)", "kind": "Weir", "score": 7, "dedup_count": 1, "label_rank": 14, "tags": { "waterway": "weir" } }, "geometry": { "type": "Point", "coordinates": [ 77.784271792417883, 23.536266839252551 ] } },
{ "type": "Feature", "properties": { "name": "(unnamed)", "kind": "Weir", "score": 7, "dedup_count": 1, "label_rank": 14, "tags": { "waterway": "weir" } }, "geometry": { "type": "Point", "coordinates": [ 77.2772673, 23.7286196 ] } },
{ "type": "Feature", "properties": { "name": "(unnamed)", "kind": "Weir", "score": 7, "dedup_count": 1, "label_rank": 14, "tags": { "waterway": "weir" } }, "geometry": { "type": "Point", "coordinates": [ 77.562266892415906, 26.181618400935964 ] } },
{ "type": "Feature", "properties": { "name": "(unnamed)", "kind": "Weir", "score": 7, "dedup_count": 1, "label_rank": 14, "tags": { "waterway": "weir" } }, "geometry": { "type": "Point", "coordinates": [ 77.8248739, 26.3507505 ] } },
{ "type": "Feature", "properties": { "name": "(unnamed)", "kind": "Weir", "score": 7, "dedup_count": 1, "label_rank": 14, "tags": { "waterway": "weir" } }, "geometry": { "type": "Point", "coordinates": [ 77.834487, 26.3743818 ] } },
{ "type": "Feature", "properties": { "name": "(unnamed)", "kind": "Weir", "score": 7, "dedup_count": 1, "label_rank": 14, "tags": { "waterway": "weir" } }, "geometry": { "type": "Point", "coordinates": [ 77.85208489999998, 26.3794545 ] } },
{ "type": "Feature", "properties": { "name": "(unnamed)", "kind": "Weir", "score": 7, "dedup_count": 1, "label_rank": 14, "tags": { "waterway": "weir" } }, "geometry": { "type": "Point", "coordinates": [ 77.92603745, 26.45984055 ] } },
{ "type": "Feature", "properties": { "name": "(unnamed)", "kind": "Weir", "score": 7, "dedup_count": 1, "label_rank": 14, "tags": { "waterway": "weir" } }, "geometry": { "type": "Point", "coordinates": [ 77.934514599999986, 26.6062822 ] } },
{ "type": "Feature", "properties": { "name": "(unnamed)", "kind": "Weir", "score": 7, "dedup_count": 1, "label_rank": 14, "tags": { "waterway": "weir" } }, "geometry": { "type": "Point", "coordinates": [ 77.826642, 27.6552708 ] } },
{ "type": "Feature", "properties": { "name": "(unnamed)", "kind": "Weir", "score": 7, "dedup_count": 1, "label_rank": 14, "tags": { "waterway": "weir" } }, "geometry": { "type": "Point", "coordinates": [ 77.373592371683429, 28.107698113961028 ] } },
{ "type": "Feature", "properties": { "name": "(unnamed)", "kind": "Weir", "score": 7, "dedup_count": 1, "label_rank": 14, "tags": { "waterway": "weir" } }, "geometry": { "type": "Point", "coordinates": [ 77.2245201, 28.5316733 ] } },
{ "type": "Feature", "properties": { "name": "(unnamed)", "kind": "Weir", "score": 7, "dedup_count": 1, "label_rank": 14, "tags": { "waterway": "weir" } }, "geometry": { "type": "Point", "coordinates": [ 77.594437996059497, 28.650914354904039 ] } },
{ "type": "Feature", "properties": { "name": "(unnamed)", "kind": "Weir", "score": 7, "dedup_count": 1, "label_rank": 14, "tags": { "waterway": "weir" } }, "geometry": { "type": "Point", "coordinates": [ 77.1180419, 28.720385699999987 ] } },
{ "type": "Feature", "properties": { "name": "(unnamed)", "kind": "Weir", "score": 7, "dedup_count": 1, "label_rank": 14, "tags": { "waterway": "weir" } }, "geometry": { "type": "Point", "coordinates": [ 77.681668080519316, 29.231937590628018 ] } },
{ "type": "Feature", "properties": { "name": "(unnamed)", "kind": "Weir", "score": 7, "dedup_count": 1, "label_rank": 14, "tags": { "waterway": "weir" } }, "geometry": { "type": "Point", "coordinates": [ 77.794743499999981, 29.3616907 ] } },
{ "type": "Feature", "properties": { "name": "(unnamed)", "kind": "Weir", "score": 7, "dedup_count": 1, "label_rank": 14, "tags": { "waterway": "weir" } }, "geometry": { "type": "Point", "coordinates": [ 77.698429704081576, 29.383839315431917 ] } },
{ "type": "Feature", "properties": { "name": "(unnamed)", "kind": "Weir", "score": 7, "dedup_count": 1, "label_rank": 14, "tags": { "waterway": "weir" } }, "geometry": { "type": "Point", "coordinates": [ 77.851782489436161, 29.42399338189508 ] } },
{ "type": "Feature", "properties": { "name": "(unnamed)", "kind": "Weir", "score": 7, "dedup_count": 1, "label_rank": 14, "tags": { "source": "bing", "waterway": "weir" } }, "geometry": { "type": "Point", "coordinates": [ 77.4998492, 29.5719268 ] } },
{ "type": "Feature", "properties": { "name": "(unnamed)", "kind": "Weir", "score": 7, "dedup_count": 1, "label_rank": 14, "tags": { "source": "bing", "waterway": "weir" } }, "geometry": { "type": "Point", "coordinates": [ 77.5061738, 29.5984054 ] } },
{ "type": "Feature", "properties": { "name": "(unnamed)", "kind": "Weir", "score": 7, "dedup_count": 1, "label_rank": 14, "tags": { "source": "bing", "waterway": "weir" } }, "geometry": { "type": "Point", "coordinates": [ 77.5063026, 29.6299692 ] } },
{ "type": "Feature", "properties": { "name": "(unnamed)", "kind": "Weir", "score": 7, "dedup_count": 1, "label_rank": 14, "tags": { "source": "bing", "waterway": "weir" } }, "geometry": { "type": "Point", "coordinates": [ 77.4881333, 29.6718244 ] } },
{ "type": "Feature", "properties": { "name": "(unnamed)", "kind": "Weir", "score": 7, "dedup_count": 1, "label_rank": 14, "tags": { "source": "bing", "waterway": "weir" } }, "geometry": { "type": "Point", "coordinates": [ 77.4440968, 29.6796639 ] } },
{ "type": "Feature", "properties": { "name": "(unnamed)", "kind": "Weir", "score": 7, "dedup_count": 1, "label_rank": 14, "tags": { "source": "bing", "waterway": "weir" } }, "geometry": { "type": "Point", "coordinates": [ 77.477383, 29.6825768 ] } },
{ "type": "Feature", "properties": { "name": "(unnamed)", "kind": "Weir", "score": 7, "dedup_count": 1, "label_rank": 14, "tags": { "waterway": "weir" } }, "geometry": { "type": "Point", "coordinates": [ 77.875655099999989, 29.8336233 ] } },
{ "type": "Feature", "properties": { "name": "(unnamed)", "kind": "Weir", "score": 7, "dedup_count": 1, "label_rank": 14, "tags": { "waterway": "weir" } }, "geometry": { "type": "Point", "coordinates": [ 77.615700013590413, 30.129140347805556 ] } },
{ "type": "Feature", "properties": { "name": "(unnamed)", "kind": "Weir", "score": 7, "dedup_count": 1, "label_rank": 14, "tags": { "waterway": "weir" } }, "geometry": { "type": "Point", "coordinates": [ 77.6011902, 30.3517467 ] } },
{ "type": "Feature", "properties": { "name": "(unnamed)", "kind": "Weir", "score": 7, "dedup_count": 1, "label_rank": 14, "tags": { "source": "Esri World imagery (retreived 04/2024)", "waterway": "weir" } }, "geometry": { "type": "Point", "coordinates": [ 76.968773602004262, 30.831252080550065 ] } },
{ "type": "Feature", "properties": { "name": "(unnamed)", "kind": "Weir", "score": 7, "dedup_count": 1, "label_rank": 14, "tags": { "waterway": "weir" } }, "geometry": { "type": "Point", "coordinates": [ 77.275310599999983, 32.0812702 ] } },
{ "type": "Feature", "properties": { "name": "(unnamed)", "kind": "Weir", "score": 7, "dedup_count": 1, "label_rank": 14, "tags": { "waterway": "weir" } }, "geometry": { "type": "Point", "coordinates": [ 78.5307604, 23.2337129 ] } },
{ "type": "Feature", "properties": { "name": "(unnamed)", "kind": "Weir", "score": 7, "dedup_count": 1, "label_rank": 14, "tags": { "waterway": "weir" } }, "geometry": { "type": "Point", "coordinates": [ 78.522446699999989, 23.2952152 ] } },
{ "type": "Feature", "properties": { "name": "(unnamed)", "kind": "Weir", "score": 7, "dedup_count": 1, "label_rank": 14, "tags": { "waterway": "weir" } }, "geometry": { "type": "Point", "coordinates": [ 78.8075396, 23.7514316 ] } },
{ "type": "Feature", "properties": { "name": "(unnamed)", "kind": "Weir", "score": 7, "dedup_count": 1, "label_rank": 14, "tags": { "waterway": "weir" } }, "geometry": { "type": "Point", "coordinates": [ 78.8389599, 23.7544933 ] } },
{ "type": "Feature", "properties": { "name": "(unnamed)", "kind": "Weir", "score": 7, "dedup_count": 1, "label_rank": 14, "tags": { "waterway": "weir" } }, "geometry": { "type": "Point", "coordinates": [ 79.34520145, 23.9900301 ] } },
{ "type": "Feature", "properties": { "name": "(unnamed)", "kind": "Weir", "score": 7, "dedup_count": 1, "label_rank": 14, "tags": { "waterway": "weir" } }, "geometry": { "type": "Point", "coordinates": [ 78.509588253228841, 24.864399936285302 ] } },
{ "type": "Feature", "properties": { "name": "(unnamed)", "kind": "Weir", "score": 7, "dedup_count": 1, "label_rank": 14, "tags": { "waterway": "weir" } }, "geometry": { "type": "Point", "coordinates": [ 78.479921327272436, 24.878300696890587 ] } },
{ "type": "Feature", "properties": { "name": "(unnamed)", "kind": "Weir", "score": 7, "dedup_count": 1, "label_rank": 14, "tags": { "waterway": "weir" } }, "geometry": { "type": "Point", "coordinates": [ 79.344079907604325, 24.892510912064356 ] } },
{ "type": "Feature", "properties": { "name": "(unnamed)", "kind": "Weir", "score": 7, "dedup_count": 1, "label_rank": 14, "tags": { "waterway": "weir" } }, "geometry": { "type": "Point", "coordinates": [ 78.3282227678027, 24.95996214588434 ] } },
{ "type": "Feature", "properties": { "name": "(unnamed)", "kind": "Weir", "score": 7, "dedup_count": 1, "label_rank": 14, "tags": { "waterway": "weir" } }, "geometry": { "type": "Point", "coordinates": [ 79.39014942187616, 25.036757185502548 ] } },
{ "type": "Feature", "properties": { "name": "(unnamed)", "kind": "Weir", "score": 7, "dedup_count": 1, "label_rank": 14, "tags": { "waterway": "weir" } }, "geometry": { "type": "Point", "coordinates": [ 79.365381890300881, 25.059264653553036 ] } },
{ "type": "Feature", "properties": { "name": "(unnamed)", "kind": "Weir", "score": 7, "dedup_count": 1, "label_rank": 14, "tags": { "waterway": "weir" } }, "geometry": { "type": "Point", "coordinates": [ 78.989855196679372, 25.411386337691521 ] } },
{ "type": "Feature", "properties": { "name": "(unnamed)", "kind": "Weir", "score": 7, "dedup_count": 1, "label_rank": 14, "tags": { "waterway": "weir" } }, "geometry": { "type": "Point", "coordinates": [ 79.308481499999985, 25.57168565 ] } },
{ "type": "Feature", "properties": { "name": "(unnamed)", "kind": "Weir", "score": 7, "dedup_count": 1, "label_rank": 14, "tags": { "waterway": "weir" } }, "geometry": { "type": "Point", "coordinates": [ 79.311078640058327, 25.686648805433208 ] } },
{ "type": "Feature", "properties": { "name": "(unnamed)", "kind": "Weir", "score": 7, "dedup_count": 1, "label_rank": 14, "tags": { "waterway": "weir" } }, "geometry": { "type": "Point", "coordinates": [ 79.3538678, 26.727918 ] } },
{ "type": "Feature", "properties": { "name": "(unnamed)", "kind": "Weir", "score": 7, "dedup_count": 1, "label_rank": 14, "tags": { "waterway": "weir" } }, "geometry": { "type": "Point", "coordinates": [ 79.0674999, 26.7621047 ] } },
{ "type": "Feature", "properties": { "name": "(unnamed)", "kind": "Weir", "score": 7, "dedup_count": 1, "label_rank": 14, "tags": { "waterway": "weir" } }, "geometry": { "type": "Point", "coordinates": [ 79.344707499999984, 27.0719015 ] } },
{ "type": "Feature", "properties": { "name": "(unnamed)", "kind": "Weir", "score": 7, "dedup_count": 1, "label_rank": 14, "tags": { "waterway": "weir" } }, "geometry": { "type": "Point", "coordinates": [ 78.894581771694689, 27.215789364096256 ] } },
{ "type": "Feature", "properties": { "name": "(unnamed)", "kind": "Weir", "score": 7, "dedup_count": 1, "label_rank": 14, "tags": { "waterway": "weir" } }, "geometry": { "type": "Point", "coordinates": [ 78.7769491, 27.2863865 ] } },
{ "type": "Feature", "properties": { "name": "(unnamed)", "kind": "Weir", "score": 7, "dedup_count": 1, "label_rank": 14, "tags": { "waterway": "weir" } }, "geometry": { "type": "Point", "coordinates": [ 78.689761599999983, 27.3589339 ] } },
{ "type": "Feature", "properties": { "name": "(unnamed)", "kind": "Weir", "score": 7, "dedup_count": 1, "label_rank": 14, "tags": { "waterway": "weir" } }, "geometry": { "type": "Point", "coordinates": [ 78.5852949, 27.4630648 ] } },
{ "type": "Feature", "properties": { "name": "(unnamed)", "kind": "Weir", "score": 7, "dedup_count": 1, "label_rank": 14, "tags": { "waterway": "weir" } }, "geometry": { "type": "Point", "coordinates": [ 78.676695199999983, 27.7929661 ] } },
{ "type": "Feature", "properties": { "name": "(unnamed)", "kind": "Weir", "score": 7, "dedup_count": 1, "label_rank": 14, "tags": { "waterway": "weir" } }, "geometry": { "type": "Point", "coordinates": [ 78.513975638194509, 27.829375063872966 ] } },
{ "type": "Feature", "properties": { "name": "(unnamed)", "kind": "Weir", "score": 7, "dedup_count": 1, "label_rank": 14, "tags": { "waterway": "weir" } }, "geometry": { "type": "Point", "coordinates": [ 78.187305599999988, 27.9202863 ] } },
{ "type": "Feature", "properties": { "name": "(unnamed)", "kind": "Weir", "score": 7, "dedup_count": 1, "label_rank": 14, "tags": { "source": "bing", "waterway": "weir" } }, "geometry": { "type": "Point", "coordinates": [ 79.603307, 28.0721873 ] } },
{ "type": "Feature", "properties": { "name": "(unnamed)", "kind": "Weir", "score": 7, "dedup_count": 1, "label_rank": 14, "tags": { "source": "bing", "waterway": "weir" } }, "geometry": { "type": "Point", "coordinates": [ 79.4359306, 28.2228735 ] } },
{ "type": "Feature", "properties": { "name": "(unnamed)", "kind": "Weir", "score": 7, "dedup_count": 1, "label_rank": 14, "tags": { "waterway": "weir" } }, "geometry": { "type": "Point", "coordinates": [ 79.6838942, 28.2323836 ] } },
{ "type": "Feature", "properties": { "name": "(unnamed)", "kind": "Weir", "score": 7, "dedup_count": 1, "label_rank": 14, "tags": { "source": "bing", "waterway": "weir" } }, "geometry": { "type": "Point", "coordinates": [ 79.626319699999982, 28.2713341 ] } },
{ "type": "Feature", "properties": { "name": "(unnamed)", "kind": "Weir", "score": 7, "dedup_count": 1, "label_rank": 14, "tags": { "source": "bing", "waterway": "weir" } }, "geometry": { "type": "Point", "coordinates": [ 79.6350218, 28.5008619 ] } },
{ "type": "Feature", "properties": { "name": "(unnamed)", "kind": "Weir", "score": 7, "dedup_count": 1, "label_rank": 14, "tags": { "source": "bing", "waterway": "weir" } }, "geometry": { "type": "Point", "coordinates": [ 78.978582694658684, 29.140136605406468 ] } },
{ "type": "Feature", "properties": { "name": "(unnamed)", "kind": "Weir", "score": 7, "dedup_count": 1, "label_rank": 14, "tags": { "source": "bing", "waterway": "weir" } }, "geometry": { "type": "Point", "coordinates": [ 78.985894906495744, 29.210821703340557 ] } },
{ "type": "Feature", "properties": { "name": "(unnamed)", "kind": "Weir", "score": 7, "dedup_count": 1, "label_rank": 14, "tags": { "waterway": "weir" } }, "geometry": { "type": "Point", "coordinates": [ 79.2762479, 29.4544616 ] } },
{ "type": "Feature", "properties": { "name": "(unnamed)", "kind": "Weir", "score": 7, "dedup_count": 1, "label_rank": 14, "tags": { "waterway": "weir" } }, "geometry": { "type": "Point", "coordinates": [ 78.1575637, 29.9421744 ] } },
{ "type": "Feature", "properties": { "name": "(unnamed)", "kind": "Weir", "score": 7, "dedup_count": 1, "label_rank": 14, "tags": { "waterway": "weir" } }, "geometry": { "type": "Point", "coordinates": [ 79.078946390371456, 30.592946092987141 ] } },
{ "type": "Feature", "properties": { "name": "(unnamed)", "kind": "Weir", "score": 7, "dedup_count": 1, "label_rank": 14, "tags": { "waterway": "weir" } }, "geometry": { "type": "Point", "coordinates": [ 79.6147382, 30.6995808 ] } },
{ "type": "Feature", "properties": { "name": "(unnamed)", "kind": "Weir", "score": 7, "dedup_count": 1, "label_rank": 14, "tags": { "FIXME": "check", "waterway": "weir" } }, "geometry": { "type": "Point", "coordinates": [ 78.7128337, 31.0157825 ] } },
{ "type": "Feature", "properties": { "name": "(unnamed)", "kind": "Weir", "score": 7, "dedup_count": 1, "label_rank": 14, "tags": { "waterway": "weir" } }, "geometry": { "type": "Point", "coordinates": [ 79.6473884, 32.88867395 ] } },
{ "type": "Feature", "properties": { "name": "(unnamed)", "kind": "Weir", "score": 7, "dedup_count": 1, "label_rank": 14, "tags": { "waterway": "weir" } }, "geometry": { "type": "Point", "coordinates": [ 79.5737466, 33.3954344 ] } },
{ "type": "Feature", "properties": { "name": "(unnamed)", "kind": "Weir", "score": 7, "dedup_count": 1, "label_rank": 14, "tags": { "waterway": "weir" } }, "geometry": { "type": "Point", "coordinates": [ 79.6023205, 33.4037493 ] } },
{ "type": "Feature", "properties": { "name": "(unnamed)", "kind": "Weir", "score": 7, "dedup_count": 1, "label_rank": 14, "tags": { "waterway": "weir" } }, "geometry": { "type": "Point", "coordinates": [ 79.578522799999988, 36.8841281 ] } },
{ "type": "Feature", "properties": { "name": "(unnamed)", "kind": "Weir", "score": 7, "dedup_count": 1, "label_rank": 14, "tags": { "waterway": "weir" } }, "geometry": { "type": "Point", "coordinates": [ 79.7005507, 37.0428326 ] } },
{ "type": "Feature", "properties": { "name": "(unnamed)", "kind": "Weir", "score": 7, "dedup_count": 1, "label_rank": 14, "tags": { "waterway": "weir" } }, "geometry": { "type": "Point", "coordinates": [ 79.69442, 37.0712168 ] } },
{ "type": "Feature", "properties": { "name": "(unnamed)", "kind": "Weir", "score": 7, "dedup_count": 1, "label_rank": 14, "tags": { "waterway": "weir" } }, "geometry": { "type": "Point", "coordinates": [ 79.696242699999985, 37.0837753 ] } },
{ "type": "Feature", "properties": { "name": "(unnamed)", "kind": "Weir", "score": 7, "dedup_count": 1, "label_rank": 14, "tags": { "waterway": "weir" } }, "geometry": { "type": "Point", "coordinates": [ 79.2877358, 37.2144857 ] } },
{ "type": "Feature", "properties": { "name": "(unnamed)", "kind": "Weir", "score": 7, "dedup_count": 1, "label_rank": 14, "tags": { "waterway": "weir" } }, "geometry": { "type": "Point", "coordinates": [ 80.010246149999986, 24.7408044 ] } },
{ "type": "Feature", "properties": { "name": "(unnamed)", "kind": "Weir", "score": 7, "dedup_count": 1, "label_rank": 14, "tags": { "waterway": "weir" } }, "geometry": { "type": "Point", "coordinates": [ 80.481393392264252, 25.244453040344666 ] } },
{ "type": "Feature", "properties": { "name": "(unnamed)", "kind": "Weir", "score": 7, "dedup_count": 1, "label_rank": 14, "tags": { "waterway": "weir" } }, "geometry": { "type": "Point", "coordinates": [ 79.867217931706179, 26.113762899985659 ] } },
{ "type": "Feature", "properties": { "name": "(unnamed)", "kind": "Weir", "score": 7, "dedup_count": 1, "label_rank": 14, "tags": { "source": "bing", "waterway": "weir" } }, "geometry": { "type": "Point", "coordinates": [ 80.2447296, 27.2755784 ] } },
{ "type": "Feature", "properties": { "name": "(unnamed)", "kind": "Weir", "score": 7, "dedup_count": 1, "label_rank": 14, "tags": { "waterway": "weir" } }, "geometry": { "type": "Point", "coordinates": [ 80.2714794, 27.294148 ] } },
{ "type": "Feature", "properties": { "name": "(unnamed)", "kind": "Weir", "score": 7, "dedup_count": 1, "label_rank": 14, "tags": { "source": "bing", "waterway": "weir" } }, "geometry": { "type": "Point", "coordinates": [ 80.086483699999988, 27.8156448 ] } },
{ "type": "Feature", "properties": { "name": "(unnamed)", "kind": "Weir", "score": 7, "dedup_count": 1, "label_rank": 14, "tags": { "source": "bing", "waterway": "weir" } }, "geometry": { "type": "Point", "coordinates": [ 80.0800639, 27.839693 ] } },
{ "type": "Feature", "properties": { "name": "(unnamed)", "kind": "Weir", "score": 7, "dedup_count": 1, "label_rank": 14, "tags": { "source": "bing", "waterway": "weir" } }, "geometry": { "type": "Point", "coordinates": [ 80.0535378, 27.9103464 ] } },
{ "type": "Feature", "properties": { "name": "(unnamed)", "kind": "Weir", "score": 7, "dedup_count": 1, "label_rank": 14, "tags": { "source": "bing", "waterway": "weir" } }, "geometry": { "type": "Point", "coordinates": [ 80.3751009, 28.2931224 ] } },
{ "type": "Feature", "properties": { "name": "(unnamed)", "kind": "Weir", "score": 7, "dedup_count": 1, "label_rank": 14, "tags": { "source": "bing", "waterway": "weir" } }, "geometry": { "type": "Point", "coordinates": [ 80.369214, 28.3117944 ] } },
{ "type": "Feature", "properties": { "name": "(unnamed)", "kind": "Weir", "score": 7, "dedup_count": 1, "label_rank": 14, "tags": { "source": "bing", "waterway": "weir" } }, "geometry": { "type": "Point", "coordinates": [ 80.3193085, 28.4283846 ] } },
{ "type": "Feature", "properties": { "name": "(unnamed)", "kind": "Weir", "score": 7, "dedup_count": 1, "label_rank": 14, "tags": { "waterway": "weir" } }, "geometry": { "type": "Point", "coordinates": [ 80.060512604377465, 28.501984579540654 ] } },
{ "type": "Feature", "properties": { "name": "(unnamed)", "kind": "Weir", "score": 7, "dedup_count": 1, "label_rank": 14, "tags": { "waterway": "weir" } }, "geometry": { "type": "Point", "coordinates": [ 80.1364806, 28.6814733 ] } },
{ "type": "Feature", "properties": { "name": "(unnamed)", "kind": "Weir", "score": 7, "dedup_count": 1, "label_rank": 14, "tags": { "waterway": "weir" } }, "geometry": { "type": "Point", "coordinates": [ 80.2333282, 28.7646076 ] } },
{ "type": "Feature", "properties": { "name": "(unnamed)", "kind": "Weir", "score": 7, "dedup_count": 1, "label_rank": 14, "tags": { "waterway": "weir" } }, "geometry": { "type": "Point", "coordinates": [ 80.3029362, 28.776571100000012 ] } },
{ "type": "Feature", "properties": { "name": "(unnamed)", "kind": "Weir", "score": 7, "dedup_count": 1, "label_rank": 14, "tags": { "waterway": "weir" } }, "geometry": { "type": "Point", "coordinates": [ 80.239838399999982, 28.7932025 ] } },
{ "type": "Feature", "properties": { "name": "(unnamed)", "kind": "Weir", "score": 7, "dedup_count": 1, "label_rank": 14, "tags": { "waterway": "weir" } }, "geometry": { "type": "Point", "coordinates": [ 80.017431350317068, 28.813534095744028 ] } },
{ "type": "Feature", "properties": { "name": "(unnamed)", "kind": "Weir", "score": 7, "dedup_count": 1, "label_rank": 14, "tags": { "waterway": "weir" } }, "geometry": { "type": "Point", "coordinates": [ 80.063198499999984, 28.8443077 ] } },
{ "type": "Feature", "properties": { "name": "(unnamed)", "kind": "Weir", "score": 7, "dedup_count": 1, "label_rank": 14, "tags": { "source": "Esri World Imagery", "waterway": "weir" } }, "geometry": { "type": "Point", "coordinates": [ 80.004284428224537, 28.868095520602537 ] } },
{ "type": "Feature", "properties": { "name": "(unnamed)", "kind": "Weir", "score": 7, "dedup_count": 1, "label_rank": 14, "tags": { "source": "Esri World Imagery", "waterway": "weir" } }, "geometry": { "type": "Point", "coordinates": [ 80.008145582544529, 28.890586210587291 ] } },
{ "type": "Feature", "properties": { "name": "(unnamed)", "kind": "Weir", "score": 7, "dedup_count": 1, "label_rank": 14, "tags": { "waterway": "weir" } }, "geometry": { "type": "Point", "coordinates": [ 80.044649956904721, 28.895350494003061 ] } },
{ "type": "Feature", "properties": { "name": "(unnamed)", "kind": "Weir", "score": 7, "dedup_count": 1, "label_rank": 14, "tags": { "source": "Esri World Imagery", "waterway": "weir" } }, "geometry": { "type": "Point", "coordinates": [ 80.027484865855953, 28.905826884754326 ] } },
{ "type": "Feature", "properties": { "name": "(unnamed)", "kind": "Weir", "score": 7, "dedup_count": 1, "label_rank": 14, "tags": { "source": "Esri World Imagery", "waterway": "weir" } }, "geometry": { "type": "Point", "coordinates": [ 80.017348301878727, 28.942062905561013 ] } },
{ "type": "Feature", "properties": { "name": "(unnamed)", "kind": "Weir", "score": 7, "dedup_count": 1, "label_rank": 14, "tags": { "waterway": "weir" } }, "geometry": { "type": "Point", "coordinates": [ 80.360402397276033, 28.950320139714183 ] } },
{ "type": "Feature", "properties": { "name": "(unnamed)", "kind": "Weir", "score": 7, "dedup_count": 1, "label_rank": 14, "tags": { "source": "bing", "waterway": "weir" } }, "geometry": { "type": "Point", "coordinates": [ 80.0597911, 28.9663327 ] } },
{ "type": "Feature", "properties": { "name": "(unnamed)", "kind": "Weir", "score": 7, "dedup_count": 1, "label_rank": 14, "tags": { "waterway": "weir" } }, "geometry": { "type": "Point", "coordinates": [ 80.0579898, 29.8067703 ] } },
{ "type": "Feature", "properties": { "name": "(unnamed)", "kind": "Weir", "score": 7, "dedup_count": 1, "label_rank": 14, "tags": { "waterway": "weir" } }, "geometry": { "type": "Point", "coordinates": [ 79.80771975, 32.4534189 ] } },
{ "type": "Feature", "properties": { "name": "(unnamed)", "kind": "Weir", "score": 7, "dedup_count": 1, "label_rank": 14, "tags": { "waterway": "weir" } }, "geometry": { "type": "Point", "coordinates": [ 79.845205932873895, 32.867848661861373 ] } },
{ "type": "Feature", "properties": { "name": "(unnamed)", "kind": "Weir", "score": 7, "dedup_count": 1, "label_rank": 14, "tags": { "waterway": "weir" } }, "geometry": { "type": "Point", "coordinates": [ 79.7281211, 36.9747774 ] } },
{ "type": "Feature", "properties": { "name": "(unnamed)", "kind": "Weir", "score": 7, "dedup_count": 1, "label_rank": 14, "tags": { "waterway": "weir" } }, "geometry": { "type": "Point", "coordinates": [ 79.707370399999988, 37.0240763 ] } },
{ "type": "Feature", "properties": { "name": "(unnamed)", "kind": "Weir", "score": 7, "dedup_count": 1, "label_rank": 14, "tags": { "waterway": "weir" } }, "geometry": { "type": "Point", "coordinates": [ 80.08168345, 37.2588497 ] } },
{ "type": "Feature", "properties": { "name": "Yamada-seki style", "kind": "Weir", "score": 7, "dedup_count": 1, "label_rank": 14, "tags": { "name": "Yamada-seki style", "waterway": "weir" } }, "geometry": { "type": "Point", "coordinates": [ 70.7111693, 34.5991092 ] } },
{ "type": "Feature", "properties": { "name": "Harike Lake WLS", "kind": "Dam/Weir/Barrage", "score": 6, "dedup_count": 1, "label_rank": 15, "tags": { "alt_name": "Hari-ke-Pattan", "boundary": "protected_area", "name": "Harike Lake WLS", "protect_class": "4", "protection_title": "Harike Bird Sanctuary", "wikidata": "Q5657472" } }, "geometry": { "type": "Point", "coordinates": [ 74.998550423882136, 31.157201736476683 ] } },
{ "type": "Feature", "properties": { "name": "Kishanganga Hydroelectric Plant", "kind": "Dam/Weir/Barrage", "score": 6, "dedup_count": 1, "label_rank": 15, "tags": { "building": "industrial", "fixme": "position", "name": "Kishanganga Hydroelectric Plant", "operator": "NHPC Limited", "plant:output:electricity": "330 MW", "plant:source": "hydro", "power": "plant", "wikidata": "Q6416539" } }, "geometry": { "type": "Point", "coordinates": [ 74.6448791, 34.4635286 ] } },
{ "type": "Feature", "properties": { "name": "Suzuki Sukkur Motors", "kind": "Dam/Weir/Barrage", "score": 1, "dedup_count": 6, "label_rank": 16, "tags": { "addr:city": "Babarloi", "addr:street": "National Highway 5", "name": "Suzuki Sukkur Motors", "shop": "car" } }, "geometry": { "type": "Point", "coordinates": [ 68.84643778504271, 27.659761809799992 ] } },
{ "type": "Feature", "properties": { "name": "Tarbela Comissary store", "kind": "Dam/Weir/Barrage", "score": 1, "dedup_count": 3, "label_rank": 16, "tags": { "landuse": "retail", "name": "Tarbela Comissary store" } }, "geometry": { "type": "Point", "coordinates": [ 72.672884553874553, 34.031030601511567 ] } },
{ "type": "Feature", "properties": { "name": "Sukkur backery", "kind": "Dam/Weir/Barrage", "score": 1, "dedup_count": 3, "label_rank": 16, "tags": { "name": "Sukkur backery", "shop": "bakery" } }, "geometry": { "type": "Point", "coordinates": [ 67.016392933333321, 24.86747551808222 ] } },
{ "type": "Feature", "properties": { "name": "Tarbela HPP – Burhan III & IV", "kind": "Dam/Weir/Barrage", "score": 1, "dedup_count": 2, "label_rank": 16, "tags": { "cables": "6", "name": "Tarbela HPP – Burhan III & IV", "power": "line", "voltage": "220000" } }, "geometry": { "type": "Point", "coordinates": [ 72.643630431912101, 33.957546807919663 ] } },
{ "type": "Feature", "properties": { "name": "CMH MANGLA", "kind": "Dam/Weir/Barrage", "score": 1, "dedup_count": 2, "label_rank": 16, "tags": { "amenity": "hospital", "name": "CMH MANGLA" } }, "geometry": { "type": "Point", "coordinates": [ 73.617699722881156, 33.131474938435929 ] } },
{ "type": "Feature", "properties": { "name": "Al Baraka Bank Kotri", "kind": "Dam/Weir/Barrage", "score": 1, "dedup_count": 1, "label_rank": 16, "tags": { "addr:city": "Kotri", "addr:street": "National Highway", "amenity": "atm", "name": "Al Baraka Bank Kotri" } }, "geometry": { "type": "Point", "coordinates": [ 68.30885379999998, 25.3677141 ] } },
{ "type": "Feature", "properties": { "name": "Amrit Kotrium Ashram", "kind": "Dam/Weir/Barrage", "score": 1, "dedup_count": 1, "label_rank": 16, "tags": { "name": "Amrit Kotrium Ashram", "tourism": "guest_house" } }, "geometry": { "type": "Point", "coordinates": [ 77.4084778, 28.656889 ] } },
{ "type": "Feature", "properties": { "name": "Baglihar", "kind": "Dam/Weir/Barrage", "score": 1, "dedup_count": 1, "label_rank": 16, "tags": { "name": "Baglihar", "place": "village" } }, "geometry": { "type": "Point", "coordinates": [ 75.302115, 33.1914393 ] } },
{ "type": "Feature", "properties": { "name": "Bhiwani Manglam Diagnostics", "kind": "Dam/Weir/Barrage", "score": 1, "dedup_count": 1, "label_rank": 16, "tags": { "addr:district": "Bhiwani", "addr:full": "Rohtak Gate, Dadri Road, Opposite Khasa Hospital", "addr:postcode": "127021", "addr:state": "Haryana", "amenity": "clinic", "name": "Bhiwani Manglam Diagnostics", "source": "Local Knowledge" } }, "geometry": { "type": "Point", "coordinates": [ 76.146324899999982, 28.7952861 ] } },
{ "type": "Feature", "properties": { "name": "chashma bus stand Masque", "kind": "Dam/Weir/Barrage", "score": 1, "dedup_count": 1, "label_rank": 16, "tags": { "amenity": "place_of_worship", "name": "chashma bus stand Masque" } }, "geometry": { "type": "Point", "coordinates": [ 71.3298667, 32.4502583 ] } },
{ "type": "Feature", "properties": { "name": "chashma check post", "kind": "Dam/Weir/Barrage", "score": 1, "dedup_count": 1, "label_rank": 16, "tags": { "amenity": "police", "name": "chashma check post" } }, "geometry": { "type": "Point", "coordinates": [ 71.329416, 32.4502352 ] } },
{ "type": "Feature", "properties": { "name": "Chashma guest house", "kind": "Dam/Weir/Barrage", "score": 1, "dedup_count": 1, "label_rank": 16, "tags": { "name": "Chashma guest house", "tourism": "guest_house" } }, "geometry": { "type": "Point", "coordinates": [ 71.328707499999979, 32.4513994 ] } },
{ "type": "Feature", "properties": { "name": "Chashma Kacha", "kind": "Dam/Weir/Barrage", "score": 1, "dedup_count": 1, "label_rank": 16, "tags": { "name": "Chashma Kacha", "place": "village" } }, "geometry": { "type": "Point", "coordinates": [ 71.3316785, 32.4376133 ] } },
{ "type": "Feature", "properties": { "name": "Chashma shahi", "kind": "Dam/Weir/Barrage", "score": 1, "dedup_count": 1, "label_rank": 16, "tags": { "name": "Chashma shahi", "tourism": "attraction" } }, "geometry": { "type": "Point", "coordinates": [ 74.8624062, 34.06987 ] } },
{ "type": "Feature", "properties": { "name": "JK # 6 Chashma Chowk", "kind": "Dam/Weir/Barrage", "score": 1, "dedup_count": 1, "label_rank": 16, "tags": { "addr:street": "KKH-Jalalabad Road", "amenity": "place_of_worship", "building": "yes", "name": "JK # 6 Chashma Chowk", "religion": "muslim" } }, "geometry": { "type": "Point", "coordinates": [ 74.393870515909484, 35.90519390883351 ] } },
{ "type": "Feature", "properties": { "name": "Chashmadekho.com", "kind": "Dam/Weir/Barrage", "score": 1, "dedup_count": 1, "label_rank": 16, "tags": { "addr:city": "Gurgaon", "addr:district": "Gurgaon", "addr:postcode": "122101", "name": "Chashmadekho.com", "shop": "optician" } }, "geometry": { "type": "Point", "coordinates": [ 77.031432399999986, 28.3944699 ] } },
{ "type": "Feature", "properties": { "name": "Faizan e Madina Kotri", "kind": "Dam/Weir/Barrage", "score": 1, "dedup_count": 1, "label_rank": 16, "tags": { "addr:city": "Kotri", "addr:street": "National Highway", "amenity": "place_of_worship", "name": "Faizan e Madina Kotri", "religion": "muslim" } }, "geometry": { "type": "Point", "coordinates": [ 68.3036356, 25.3662104 ] } },
{ "type": "Feature", "properties": { "name": "Ferozepurwala Chambers", "kind": "Dam/Weir/Barrage", "score": 1, "dedup_count": 1, "label_rank": 16, "tags": { "building": "yes", "name": "Ferozepurwala Chambers" } }, "geometry": { "type": "Point", "coordinates": [ 67.003796433913507, 24.852491282203339 ] } },
{ "type": "Feature", "properties": { "name": "Tarbela HPP – Burhan III & IV", "kind": "Dam/Weir/Barrage", "score": 1, "dedup_count": 1, "label_rank": 16, "tags": { "cables": "6", "name": "Tarbela HPP – Burhan III & IV", "power": "line", "voltage": "220000" } }, "geometry": { "type": "Point", "coordinates": [ 72.673664096796301, 34.006075811651165 ] } },
{ "type": "Feature", "properties": { "name": "In/Out of Tarbela HPP – Burhan IV at Sangjani", "kind": "Dam/Weir/Barrage", "score": 1, "dedup_count": 1, "label_rank": 16, "tags": { "cables": "6", "name": "In/Out of Tarbela HPP – Burhan IV at Sangjani", "power": "line", "voltage": "220000" } }, "geometry": { "type": "Point", "coordinates": [ 72.836222733249684, 33.679922578933748 ] } },
{ "type": "Feature", "properties": { "name": "Tarbela HPP – Rawat", "kind": "Dam/Weir/Barrage", "score": 1, "dedup_count": 1, "label_rank": 16, "tags": { "cables": "3", "frequency": "50", "name": "Tarbela HPP – Rawat", "power": "line", "voltage": "500000" } }, "geometry": { "type": "Point", "coordinates": [ 72.820873840960402, 33.698565726740242 ] } },
{ "type": "Feature", "properties": { "name": "Guddu pakora bike Machenic specialist", "kind": "Dam/Weir/Barrage", "score": 1, "dedup_count": 1, "label_rank": 16, "tags": { "addr:city": "Karachi", "addr:housenumber": "V298+CQ7", "addr:street": ", Mesham Lea Road, Gazdarabad Ramswami,", "name": "Guddu pakora bike Machenic specialist", "shop": "motorcycle_repair" } }, "geometry": { "type": "Point", "coordinates": [ 67.0168148, 24.8686535 ] } },
{ "type": "Feature", "properties": { "name": "Guddu Pan Shop", "kind": "Dam/Weir/Barrage", "score": 1, "dedup_count": 1, "label_rank": 16, "tags": { "addr:city": "Karachi", "addr:street": "V2PX+P2G, Unnamed Road, Jamshed Quarters Clayton Quarters", "name": "Guddu Pan Shop", "shop": "tobacco" } }, "geometry": { "type": "Point", "coordinates": [ 67.047617399999979, 24.8867803 ] } },
{ "type": "Feature", "properties": { "name": "Guddu Real Estate", "kind": "Dam/Weir/Barrage", "score": 1, "dedup_count": 1, "label_rank": 16, "tags": { "name": "Guddu Real Estate", "office": "property_management" } }, "geometry": { "type": "Point", "coordinates": [ 77.1693359, 28.5873924 ] } },
{ "type": "Feature", "properties": { "name": "In/out of Multan – Guddu 747 PP at R.Y. Khan (Multan – Guddu II )", "kind": "Dam/Weir/Barrage", "score": 1, "dedup_count": 1, "label_rank": 16, "tags": { "cables": "6", "frequency": "50", "name": "In/out of Multan – Guddu 747 PP at R.Y. Khan (Multan – Guddu II )", "power": "line", "voltage": "500000" } }, "geometry": { "type": "Point", "coordinates": [ 70.380476771690851, 28.863578596696865 ] } },
{ "type": "Feature", "properties": { "name": "TPS Muzaffargarh – D.G. Khan (Multan – Guddu III )", "kind": "Dam/Weir/Barrage", "score": 1, "dedup_count": 1, "label_rank": 16, "tags": { "cables": "3", "frequency": "50", "name": "TPS Muzaffargarh – D.G. Khan (Multan – Guddu III )", "power": "line", "voltage": "500000" } }, "geometry": { "type": "Point", "coordinates": [ 70.880980492095972, 30.039403532892084 ] } },
{ "type": "Feature", "properties": { "name": "Guddu Boutique", "kind": "Dam/Weir/Barrage", "score": 1, "dedup_count": 1, "label_rank": 16, "tags": { "name": "Guddu Boutique", "shop": "clothes" } }, "geometry": { "type": "Point", "coordinates": [ 76.928368799999987, 31.7083369 ] } },
{ "type": "Feature", "properties": { "name": "Harike Kalan", "kind": "Dam/Weir/Barrage", "score": 1, "dedup_count": 1, "label_rank": 16, "tags": { "name": "Harike Kalan", "place": "village" } }, "geometry": { "type": "Point", "coordinates": [ 74.704231, 30.4825659 ] } },
{ "type": "Feature", "properties": { "name": "Gatti Harike", "kind": "Dam/Weir/Barrage", "score": 1, "dedup_count": 1, "label_rank": 16, "tags": { "alt_name": "Gati Hari", "description": "Scattered houses", "name": "Gatti Harike", "place": "village" } }, "geometry": { "type": "Point", "coordinates": [ 74.9303796, 31.1472738 ] } },
{ "type": "Feature", "properties": { "name": "Kotri Allah Rakhio", "kind": "Dam/Weir/Barrage", "score": 1, "dedup_count": 1, "label_rank": 16, "tags": { "name": "Kotri Allah Rakhio", "place": "village" } }, "geometry": { "type": "Point", "coordinates": [ 67.8297382, 24.3884333 ] } },
{ "type": "Feature", "properties": { "name": "Kotri", "kind": "Dam/Weir/Barrage", "score": 1, "dedup_count": 1, "label_rank": 16, "tags": { "name": "Kotri", "place": "village" } }, "geometry": { "type": "Point", "coordinates": [ 75.7212621, 24.5833481 ] } },
{ "type": "Feature", "properties": { "name": "Kotri Ka Dhana", "kind": "Dam/Weir/Barrage", "score": 1, "dedup_count": 1, "label_rank": 16, "tags": { "name": "Kotri Ka Dhana", "name:hi": "कोटड़ी का ढाणा", "place": "village" } }, "geometry": { "type": "Point", "coordinates": [ 73.774244800000019, 24.7420569 ] } },
{ "type": "Feature", "properties": { "name": "govt degri college kotri", "kind": "Dam/Weir/Barrage", "score": 1, "dedup_count": 1, "label_rank": 16, "tags": { "amenity": "college", "name": "govt degri college kotri" } }, "geometry": { "type": "Point", "coordinates": [ 68.289072702494138, 25.359306758824552 ] } },
{ "type": "Feature", "properties": { "name": "HBL Kotri City Branch", "kind": "Dam/Weir/Barrage", "score": 1, "dedup_count": 1, "label_rank": 16, "tags": { "addr:city": "Kotri", "addr:street": "National Highway", "amenity": "bank", "atm": "yes", "name": "HBL Kotri City Branch" } }, "geometry": { "type": "Point", "coordinates": [ 68.313534600000011, 25.3674865 ] } },
{ "type": "Feature", "properties": { "name": "Kotri", "kind": "Dam/Weir/Barrage", "score": 1, "dedup_count": 1, "label_rank": 16, "tags": { "name": "Kotri", "name:hi": "काटडी", "place": "hamlet" } }, "geometry": { "type": "Point", "coordinates": [ 76.1787808, 25.7040604 ] } },
{ "type": "Feature", "properties": { "name": "Kotri Kabir", "kind": "Dam/Weir/Barrage", "score": 1, "dedup_count": 1, "label_rank": 16, "tags": { "name": "Kotri Kabir", "place": "village" } }, "geometry": { "type": "Point", "coordinates": [ 68.3686141, 27.1453043 ] } },
{ "type": "Feature", "properties": { "name": "KFC", "kind": "Dam/Weir/Barrage", "score": 1, "dedup_count": 1, "label_rank": 16, "tags": { "amenity": "restaurant", "cuisine": "burger", "diet:halal": "yes", "name": "KFC Mangla", "name:en": "KFC" } }, "geometry": { "type": "Point", "coordinates": [ 73.624085600000015, 33.1224199 ] } },
{ "type": "Feature", "properties": { "name": "Kotri Police Station", "kind": "Dam/Weir/Barrage", "score": 1, "dedup_count": 1, "label_rank": 16, "tags": { "addr:city": "Kotri", "addr:street": "National Highway", "amenity": "police", "name": "Kotri Police Station" } }, "geometry": { "type": "Point", "coordinates": [ 68.3131881, 25.3675517 ] } },
{ "type": "Feature", "properties": { "name": "Kotrikalan", "kind": "Dam/Weir/Barrage", "score": 1, "dedup_count": 1, "label_rank": 16, "tags": { "name": "Kotrikalan", "place": "village" } }, "geometry": { "type": "Point", "coordinates": [ 77.52940169999998, 30.5041159 ] } },
{ "type": "Feature", "properties": { "name": "Mangla Hamlet", "kind": "Dam/Weir/Barrage", "score": 1, "dedup_count": 1, "label_rank": 16, "tags": { "name": "Mangla Hamlet", "place": "village" } }, "geometry": { "type": "Point", "coordinates": [ 73.6525221, 33.1018553 ] } },
{ "type": "Feature", "properties": { "name": "Mangla Boating", "kind": "Dam/Weir/Barrage", "score": 1, "dedup_count": 1, "label_rank": 16, "tags": { "landuse": "recreation_ground", "name": "Mangla Boating" } }, "geometry": { "type": "Point", "coordinates": [ 73.658082660773204, 33.131689803632163 ] } },
{ "type": "Feature", "properties": { "name": "Mangla View Point", "kind": "Dam/Weir/Barrage", "score": 1, "dedup_count": 1, "label_rank": 16, "tags": { "name": "Mangla View Point", "name:en": "Mangla View Point", "tourism": "viewpoint" } }, "geometry": { "type": "Point", "coordinates": [ 73.6331586, 33.1528438 ] } },
{ "type": "Feature", "properties": { "name": "Mangla view resort", "kind": "Dam/Weir/Barrage", "score": 1, "dedup_count": 1, "label_rank": 16, "tags": { "leisure": "resort", "name": "Mangla view resort" } }, "geometry": { "type": "Point", "coordinates": [ 73.645560399999979, 33.1673698 ] } },
{ "type": "Feature", "properties": { "name": "Mangla HPP – Rawat I & II", "kind": "Dam/Weir/Barrage", "score": 1, "dedup_count": 1, "label_rank": 16, "tags": { "cables": "6", "frequency": "50", "name": "Mangla HPP – Rawat I & II", "power": "line", "voltage": "220000" } }, "geometry": { "type": "Point", "coordinates": [ 73.386105852778712, 33.199733319366004 ] } },
{ "type": "Feature", "properties": { "name": "Dr. Amit Mangla, Dr. Sheetal Mangla", "kind": "Dam/Weir/Barrage", "score": 1, "dedup_count": 1, "label_rank": 16, "tags": { "addr:city": "New Delhi", "addr:housenumber": "C-50, Basement", "addr:postcode": "110017", "addr:street": "Soami Nagar", "amenity": "doctors", "description": "Dr. Amit Mangla MD. MAAFP (USA) Consultant physician  Dr. Sheetal Mangla BPT, MIAP Consultant physiotherapist", "name": "Dr. Amit Mangla, Dr. Sheetal Mangla", "phone": "9971737067" } }, "geometry": { "type": "Point", "coordinates": [ 77.2255781, 28.5433572 ] } },
{ "type": "Feature", "properties": { "name": "Dr. Sanjeev Mangla", "kind": "Dam/Weir/Barrage", "score": 1, "dedup_count": 1, "label_rank": 16, "tags": { "addr:district": "Gautam Buddha Nagar", "addr:full": "A 769 Sec 19 Noida", "addr:postcode": "201301", "addr:state": "Uttar Pradesh", "amenity": "doctors", "name": "Dr. Sanjeev Mangla", "source": "OpenGovernmentData" } }, "geometry": { "type": "Point", "coordinates": [ 77.325639699999982, 28.580606 ] } },
{ "type": "Feature", "properties": { "name": "LG | Shri Mangla Electronics", "kind": "Dam/Weir/Barrage", "score": 1, "dedup_count": 1, "label_rank": 16, "tags": { "addr:floor": "G", "brand": "LG", "brand:wikidata": "Q162345", "check_date": "2025-02-15", "level": "0", "name": "LG | Shri Mangla Electronics", "shop": "electronics" } }, "geometry": { "type": "Point", "coordinates": [ 77.071459799999985, 28.5889841 ] } },
{ "type": "Feature", "properties": { "name": "Mangla Apartment", "kind": "Dam/Weir/Barrage", "score": 1, "dedup_count": 1, "label_rank": 16, "tags": { "addr:housenumber": "Plot Number 53", "addr:place": "Indraprastha Extension;Patparganj", "barrier": "wall", "landuse": "residential", "name": "Mangla Apartment", "residential": "apartments" } }, "geometry": { "type": "Point", "coordinates": [ 77.3030496873277, 28.63114486685599 ] } },
{ "type": "Feature", "properties": { "name": "Mangla", "kind": "Dam/Weir/Barrage", "score": 1, "dedup_count": 1, "label_rank": 16, "tags": { "name": "Mangla", "name:hi": "मांगला", "place": "village" } }, "geometry": { "type": "Point", "coordinates": [ 75.3620696, 28.6781824 ] } },
{ "type": "Feature", "properties": { "name": "Mangla Paan", "kind": "Dam/Weir/Barrage", "score": 1, "dedup_count": 1, "label_rank": 16, "tags": { "name": "Mangla Paan", "shop": "yes" } }, "geometry": { "type": "Point", "coordinates": [ 77.2083643, 28.6801966 ] } },
{ "type": "Feature", "properties": { "name": "Mangla Store", "kind": "Dam/Weir/Barrage", "score": 1, "dedup_count": 1, "label_rank": 16, "tags": { "name": "Mangla Store", "shop": "convenience" } }, "geometry": { "type": "Point", "coordinates": [ 77.161779, 28.7304506 ] } },
{ "type": "Feature", "properties": { "name": "Manglah", "kind": "Dam/Weir/Barrage", "score": 1, "dedup_count": 1, "label_rank": 16, "tags": { "name": "Manglah", "place": "hamlet" } }, "geometry": { "type": "Point", "coordinates": [ 76.8893301, 31.5733711 ] } },
{ "type": "Feature", "properties": { "name": "K.S. Kaku – Mangla HPP I & II", "kind": "Dam/Weir/Barrage", "score": 1, "dedup_count": 1, "label_rank": 16, "tags": { "cables": "6", "frequency": "50", "name": "K.S. Kaku – Mangla HPP I & II", "power": "line", "voltage": "220000" } }, "geometry": { "type": "Point", "coordinates": [ 74.020946385294323, 32.487692631505737 ] } },
{ "type": "Feature", "properties": { "name": "Mangla", "kind": "Dam/Weir/Barrage", "score": 1, "dedup_count": 1, "label_rank": 16, "tags": { "name": "Mangla", "place": "village" } }, "geometry": { "type": "Point", "coordinates": [ 76.1165207, 32.5436903 ] } },
{ "type": "Feature", "properties": { "name": "Manglam Blood Bank", "kind": "Dam/Weir/Barrage", "score": 1, "dedup_count": 1, "label_rank": 16, "tags": { "addr:city": "Hisar", "addr:district": "HISAR", "addr:full": "No 139, NH10-Tosham Road Connection Road, New Model Town, Jindal Hospital Road", "addr:postcode": "125005", "addr:state": "Haryana", "amenity": "blood_bank", "contact:mobile": "9254222767", "contact:phone": "01662248767; 01662223367", "email": "manglam0578@gmail.com", "name": "Manglam Blood Bank", "opening_hours": "24/7", "operator:type": "private", "source": "OpenGovernmentData" } }, "geometry": { "type": "Point", "coordinates": [ 75.7448396, 29.1319182 ] } },
{ "type": "Feature", "properties": { "name": "Manglam Dhaba", "kind": "Dam/Weir/Barrage", "score": 1, "dedup_count": 1, "label_rank": 16, "tags": { "amenity": "restaurant", "cuisine": "regional", "name": "Manglam Dhaba" } }, "geometry": { "type": "Point", "coordinates": [ 76.6364436, 30.4610424 ] } },
{ "type": "Feature", "properties": { "name": "Manglam Florist", "kind": "Dam/Weir/Barrage", "score": 1, "dedup_count": 1, "label_rank": 16, "tags": { "email": "manglamflorist@gmail.com", "name": "Manglam Florist", "payment:credit_cards": "yes", "payment:debit_cards": "yes", "payment:paytm": "yes", "phone": "+91-98101-28131;+91-99992-28131;+91-011-4601-5914", "shop": "florist", "website": "https://www.manglamflorist.com/" } }, "geometry": { "type": "Point", "coordinates": [ 77.223418399999986, 28.54259 ] } },
{ "type": "Feature", "properties": { "name": "Manglapuri", "kind": "Dam/Weir/Barrage", "score": 1, "dedup_count": 1, "label_rank": 16, "tags": { "name": "Manglapuri", "place": "locality" } }, "geometry": { "type": "Point", "coordinates": [ 77.1667771, 28.5014076 ] } },
{ "type": "Feature", "properties": { "name": "Manglapuri", "kind": "Dam/Weir/Barrage", "score": 1, "dedup_count": 1, "label_rank": 16, "tags": { "name": "Manglapuri", "place": "locality" } }, "geometry": { "type": "Point", "coordinates": [ 77.08755309999998, 28.5890159 ] } },
{ "type": "Feature", "properties": { "name": "Manglaur", "kind": "Dam/Weir/Barrage", "score": 1, "dedup_count": 1, "label_rank": 16, "tags": { "barrier": "wall", "description": "111520", "name": "Manglaur", "plant:method": "photovoltaic", "plant:output:electricity": "10 MW", "plant:source": "solar", "plant:type": "solar_photovoltaic_panel", "power": "plant" } }, "geometry": { "type": "Point", "coordinates": [ 77.930400887487508, 29.737860226637963 ] } },
{ "type": "Feature", "properties": { "name": "PTCL Kotri Sindh", "kind": "Dam/Weir/Barrage", "score": 1, "dedup_count": 1, "label_rank": 16, "tags": { "addr:city": "Kotri", "addr:street": "National Highway", "name": "PTCL Kotri Sindh", "office": "yes" } }, "geometry": { "type": "Point", "coordinates": [ 68.3069093, 25.367489 ] } },
{ "type": "Feature", "properties": { "name": "Qadirabad", "kind": "Dam/Weir/Barrage", "score": 1, "dedup_count": 1, "label_rank": 16, "tags": { "name": "Qadirabad", "place": "village" } }, "geometry": { "type": "Point", "coordinates": [ 68.1252524, 28.4095182 ] } },
{ "type": "Feature", "properties": { "name": "Sukkur BBQ", "kind": "Dam/Weir/Barrage", "score": 1, "dedup_count": 1, "label_rank": 16, "tags": { "addr:city": "Karamabad", "addr:street": "National Highway 5", "amenity": "restaurant", "name": "Sukkur BBQ" } }, "geometry": { "type": "Point", "coordinates": [ 68.8107519, 27.6300994 ] } },
{ "type": "Feature", "properties": { "name": "Sukkur", "kind": "Dam/Weir/Barrage", "score": 1, "dedup_count": 1, "label_rank": 16, "tags": { "amenity": "fast_food", "name": "Sukkur", "website": "https://www.sukkur.net/" } }, "geometry": { "type": "Point", "coordinates": [ 68.8979933, 27.6926642 ] } },
{ "type": "Feature", "properties": { "name": "SubCentre,Ferozepur Kalan", "kind": "Dam/Weir/Barrage", "score": 1, "dedup_count": 1, "label_rank": 16, "tags": { "addr:district": "Pathankot", "addr:full": "Ferozepur Kalan", "addr:postcode": "145023", "addr:state": "Punjab", "description": "SubCentre", "healthcare": "centre", "name": "SubCentre,Ferozepur Kalan", "source": "Local Knowledge" } }, "geometry": { "type": "Point", "coordinates": [ 75.583616, 32.3348003 ] } },
{ "type": "Feature", "properties": { "name": "Tarbela Mart", "kind": "Dam/Weir/Barrage", "score": 1, "dedup_count": 1, "label_rank": 16, "tags": { "name": "Tarbela Mart", "shop": "convenience" } }, "geometry": { "type": "Point", "coordinates": [ 72.6228657, 33.9942416 ] } }
]
}
